cluster_hash,n_respondents,n_named,n_redacted,chars,question_numbers,preview_240,has_citation,member_ids
1998c086b4c14bdb3d248417d8d971a67a818066,19,14,5,508,170,"there should be no penalty for organizations that exercise the exemption, however for comparability and transparency it should be made clear that those accounting for their scope 2 emissions using the exemption represent a very different ac",0,50|158|275|337|342|435|449|486|498|524|563|677|749|776|977|983|984|1022|1023
395f9fc6d9738a4fe37da6babf5726e1be5be9ea,19,15,4,354,18,we support the update to the scope 2 definition to ensure clarity that the emissions reported under scope 2 are from within the attributional value chain and exclude emissions related to processes outside the value chain. this is critical t,0,158|249|275|325|342|435|498|563|630|726|779|834|862|936|977|984|1022|1023|1028
55c3209efc859223670888f2dfd0353f5315497d,18,11,7,378,173,"we oppose mandatory hourly matching and opposes mandatory deliverability requirements. if hourly matching is optional, there is no need for a legacy clause. if mandatory, legacy clause is absolutely necessary. all contracts executed prior t",0,278|279|280|284|285|286|288|290|291|294|296|299|303|312|319|447|664|751
abdd69d63ab2eca411fdeedcbb828c7bef37e46a,18,12,6,366,126,"residual mixes are not always available to reporting organizations. instead of allowing for use of a grid average default emissions factor for unmatched hours of consumption, which would double count significant clean electricity already be",0,50|158|275|325|337|342|435|449|498|516|524|563|749|779|834|983|1023|1050
c0b64be541f270ffadd5b1e784da3993245ac5d5,18,12,6,321,20,we support the update to the mbm definition to reaffirm the use of contractual instruments as the basis for allocation. we also support the clarification that temporal and spatial matching of instruments is a requirement for unique emission,0,158|275|325|435|498|563|726|749|757|779|834|862|936|977|984|1022|1023|1074
845bde80480f0e07a9059e13d68ee79a5899d379,18,13,5,226,115,"besides the specified reasons selected in question 114, we clarify our support for the move from average emissions factors (which would result in double-counting of some clean energy) to residual mixes with fossil mix backups.",0,50|158|214|275|337|342|435|449|498|517|524|563|726|730|779|834|984|1023
336b2e8353f7ab844ff44dba12bab7cbd1d2ac42,17,12,5,427,129,the lack of residual mix emission factor and the required use of a fossil-based emission factor will incentivize the development of a residual mix emission factor to support greater transparency of unclaimed clean electricity being supplied,0,50|158|275|337|342|435|449|498|524|749|834|932|936|977|983|1023|1050
f8dde2736869674100111c9a7e0f1abe10388760,16,10,6,316,155,allowing exemptions also encourages the organizations with the resources (and a much higher impact on overall electricity consumption) to help pave the way for markets and infrastructure so that companies with fewer resources (and a lower o,0,158|275|325|337|342|386|387|421|449|498|524|594|616|749|983|1023
df3600f021c394e3006cfa74a89e1b1d689e8473,14,11,3,612,162,criteria to define small and medium companies must be robust and verifiable (likely hard-numerical and publicly available) to avoid vague definitions or gaming of exemptions. criteria must also be sufficiently indicative of company size and,0,50|158|214|275|337|449|486|498|517|936|983|984|1022|1023
c9efbf2b673f5b9c6df480f5bee752835e0398e5,14,10,4,392,168,"besides what is described in the answer to question 167, another crucial guardrail is keeping this exemption at the market boundary level and not site-specific. a site-specific threshold can encourage gaming by dividing up consumption into ",0,50|158|325|337|435|449|498|524|563|749|983|984|1022|1023
348dedb0dec6f0d57c93b43fe392aa082ba17464,11,7,4,2472,149,"whether or not a separate impact metric is developed and made available to reporting organizations, it is still critical that the inventory market-based scope 2 method adopt the proposed changes. the scope 2 method provides unique transpare",0,50|158|275|337|435|449|498|524|983|1022|1023
388fe193680a5be3ba324bef4d0cd924eff4831b,11,7,4,1458,167,the exemption provision provides a useful reduction in reporting burden for small companies to ensure widespread participation while still covering the vast majority of voluntary claims with hourly matching requirements for the largest ener,0,50|158|275|337|435|449|498|563|983|1022|1023
721bcae2f3142d278a10303becd3faef9a4d902a,10,7,3,2148,152,"integrity: hourly accounting, market boundaries reflecting power grid realities, and an incrementality standard (sss or similar) are critical to ensuring scope 2 accounting moves forward with transparency and credibility. impact: the combin",1,50|158|275|325|337|498|516|983|1022|1023
9fdeb879db30fc15014d1c836922c41d2a1a0a1e,10,6,4,1492,99|101,integrity: there are integrity concerns with accounting that permits one company or set of consumers to claim to consume a disproportionate amount of clean power from existing assets (e.g. an old hydro plant) that have been paid for also by,1,50|158|275|325|337|435|498|983|1022|1023
bf30722dae37612fe0f534c7ca79792897ae4570,10,7,3,1294,106,"if no credible centralized registry or third-party registry is operating to track and assist in sss allocation, and a supplier is not taking steps to allocate sss resources, there are serious integrity risks that a reporting organization ma",1,158|275|435|449|498|677|977|983|1022|1023
f8366ed65ff9d0976bcd727c1e7ecec273f40cec,10,2,8,620,96,"more constrained market boundaries increase the volume of data needing to be accounted and assured substantially because what was previously a single market region for many sites now becomes many regions, needing to account for additional f",0,255|314|359|414|529|539|603|692|727|958
e570dc3f6f190d88147356d6ef84ab9dc79ed0d5,10,2,8,531,66|68,"we recommend placing the requirement to calculate the hourly ghg emissions on grid operators/utilities, who already have the hourly consumption and the efs needed to complete all the steps in an automated fashion. they would be able to easi",0,255|314|359|414|529|539|603|692|727|973
deda49a3907a0cb675fdbc069a706e57ef95d47a,10,7,3,510,76,"there is empirical evidence to suggest that using load profiles can deliver similar system-level benefits (more renewables, storage, clean firm, and demand flexibility) as actual hourly meter data while providing greater flexibility and fea",1,158|275|325|435|726|834|983|1022|1023|1050
742d3454b3f47f39b0963c2e994e52d24c12fff5,10,7,3,250,111|112,an asset age limit could help reduce inconsistency and improve comparability across regions. asset age limits are commonly used in regulations implementing similar granular accounting measures which can also help with applicability of ghgp ,0,137|158|337|435|449|498|524|834|983|1023
fa65f6b68a760b148cfa2e8c6368f4ede78db72c,9,6,3,3713,85,"requiring alignment of claimed clean electricity to be matched based on a market-boundary that more accurately reflects real power markets meets the ghgp criteria of integrity, impact, and feasibility. integrity: while it is impossible to d",1,158|275|435|449|498|563|834|983|1023
71029ec48d38dd2721876a7aebead9a6dd109735,9,6,3,2556,178,"a. the legacy clause is a very important provision for honoring existing commitments, but it also must be said that it presents significant risk of diluting ghgp integrity if not administered properly. long-term, fixed price ppas are the hi",0,50|158|275|337|449|498|563|1022|1023
ef78f46f5c72291691271e5d24f74721c8a0020d,9,5,4,994,89,"integrity: the doe needs study regions align with existing regulations that require hourly and market boundary matching (45v clean hydrogen tax credit rules), do a better job than wholesale markets to break up some markets with consistent c",0,158|275|325|337|435|498|984|1023|1050
0bdd1cefab9f4e80b01bdd272659927ab5b0f37a,9,2,7,594,58,"grids where these factors are currently available appear to be extremely limited. we are not aware of markets where hourly emissions factors are accessible across the countries in which our industry operates. more importantly, the concern i",0,255|314|359|414|539|603|692|727|973
14fbd5f0c46988de7ce1a08e2e94b89b0e2c8563,9,2,7,572,61,"unknown how well load profiles would represent businesses of varying size, sector, and complexity. many organizations do not have a regular use profile, with load driven by business fluctuations and sub-process operation differences. assumi",0,255|314|359|414|539|603|692|727|973
7710e761018ea2f42a0eed1893c679497ebd1a84,9,2,7,409,51,"a non-accessible factor should never be required, this is effectively mandating reporters pay a reporting tax, and the mandated non-accessible publication body to have guaranteed business which would be a conflict of interest (ghgp should n",0,255|314|359|414|529|539|603|727|973
3103e7900aa764fe2ed75e308307b418c2c29ad6,9,2,7,371,178,any contract / procurement signed prior to the implementation of the updated scope 2 standard should be honored over the entire term of the contract. these are investments made by organizations in good faith that they would be recognized in,0,255|314|359|414|539|603|692|727|973
342d9139ac9eaa876197b6c8c4cc7a8cfa10b38d,9,2,7,345,39,"unless we are aligning to a single emission factor set, reporters should be free to select the emission factor set that works best for them (free or not free), provided that there should always be a free option available to use. publishing ",0,255|314|359|414|539|603|692|727|973
29d281ebf0fb322a1df6ab2ad5fb31d970aa9f61,9,2,7,329,128,our concern is not in the application of the residual mix factor when it is available and accessible – the concern is that companies are penalized when the data is not available/accessible per the proposed standard. this is unfair as the ob,0,255|314|359|414|529|539|603|692|727
a2c3bd9e330e4e0c7d9dcc5d79a0292252e74068,9,2,7,238,55,"by creating different calculation options across locations through the proposed hierarchy, comparability within organizations, between organizations, and over time is reduced as different approaches may be applied across these dimensions.",0,255|314|359|414|539|603|692|727|973
116fab398465f94a2b1c5d81f3f0635c10ee2fa7,9,2,7,212,158|159,"exemptions are not needed if hourly matching is optional rather than required. support is not earned for the overall mbm proposal because the proposal is not reasonable, feasible, nor accelerates decarbonization.",0,255|314|359|414|539|603|692|727|973
f2be77071de4972ff7461d6b3455babd105369b8,8,6,2,3770,73,integrity: today’s methodology allows organizations to claim 100% clean electricity procurement based entirely on solar and completely uncorrelated to actual electricity consumption. the current proposal fixes that issue. this proposal alig,1,275|435|498|563|834|983|1022|1023
c117cf87ad9e4e18d19a3bf9664f2d129e8dd750,8,2,6,2451,27,"a hierarchy makes sense as it points to the ""best case"" option while still enabling flexibility based on data availability and accessibility. however, we maintain strong concerns around implementation feasibility – specifically, the adminis",0,255|314|359|414|539|603|692|727
bf4a3c9826cfc7d01b2807dbef31bece5bc13bb2,8,5,3,1694,101,"incrementality, or the incentive to drive new clean electricity onto the grid, is a key element of updates to scope 2 accounting standards. the standard supply service currently serves as the incrementality pillar of this proposal. however,",1,50|158|275|337|449|498|983|1023
3a15ece5d8ad1aa5831288054533c5c8eebc41fb,8,2,6,1401,76,"companies in our industry operate a variety of facility types, many of which do not have standard or predictable load profiles. a substantial portion of electricity load comes from manufacturing plants and r&d labs for which there is unlike",0,255|314|359|414|539|603|692|727
8c744f6b52de916fe0a4cdd425cd2ab5408b464a,8,2,6,703,48,"with exemptions, the changes reduce comparability within companies (i.e. between sites), between companies (within the same geography), and with historic data (using a different methodology). these updates will likely require the need to re",0,255|314|359|414|539|603|692|727
183a5008568b41a789ef153a4348c7f6352f9c77,8,2,6,580,123,"insufficient information across countries to respond – we are concerned about availability of such factors across apac. it is unknown because it has not been relevant to reporters historically, and such data should be provided to affected c",0,255|314|359|414|539|603|692|727
cc7f5a111349d41cf9585b6629dd44be56e75d0f,8,5,3,444,173,"a legacy clause is needed to maintain trust in the stability of contract-based claims. organizations entered long-term renewable procurement agreements based on the existing scope 2 guidance, and retroactively changing eligibility would dis",0,74|376|425|478|481|620|658|846
c53649e13997f47f13dbcf89c541cf75cdce7920,7,6,1,559,34,"demonstrating physical deliverability, as noted in the previous questions, is not a reasonable expectation under either the lbm or the mbm. not least because there is no such thing as the physical delivery of a unit of power from producer t",0,181|321|385|425|481|744|844
852128762b9de4ce9df2357203710bb9f2613a52,7,2,5,235,137,"we believe the mbm proposal would erode the usability of the data by making it far more complex and less comparable across regions and companies and slow down grid decarbonization efforts, which is what investors ultimately care about.",0,255|314|414|539|603|692|727
04ae7d3c1bd71016516026fc81655214a599a87f,7,3,4,208,173,contracts signed prior to implementation of new scope 2 standards (post phase-in period) should be honored for the duration of the contract as addressing a company’s scope 2 inventory under the current rules.,0,222|277|399|504|887|988|1168
a593932bcef1dcf94a08e1422fe5158ec1a090a6,6,5,1,3880,151,"to date, there has not been a proposed impact methodology that satisfactorily meets the combined ghgp metrics of integrity, impact, and feasibility. “short-run marginal emission rates omit important impacts of electric-sector interventions”",1,275|498|524|983|1022|1023
bcd009d5daddee7f1f21c2f1c8dfd4d24ac7dc04,6,3,3,1473,167,• the exemption provision provides a useful reduction in reporting burden for small companies to ensure widespread participation while still covering the vast majority of voluntary claims with hourly matching requirements for the largest en,0,386|387|421|594|616|732
93ceea1042dec7816636ab86daddddbab836464d,6,5,1,904,111,"maintain the current standard and oppose the proposed sss guidance.introducing the sss framework at this stage would significantly undermine the global comparability of scope 2 reporting, as sss mechanisms are not yet universally available ",0,334|375|378|408|409|412
dfa768a8579248cefd4f0bfc42140167ba410c12,6,5,1,756,128,this requirement is a punitive measure rather than a scientific accounting practice. forcing the use of fossil-fuel-based emission factors in regions where residual mix factors (rmf) are unavailable unfairly penalizes reporting entities for,0,334|375|378|408|409|412
82e9a8c1c853706f9514734395a821096c154a8c,6,5,1,746,160,"if the aim is to identify energy-intensive operations, then site-level assessment would be far more meaningful than using a market boundary. however, the threshold itself is not the issue. any consumption-based cutoff shifts attention away ",0,321|385|425|481|658|744
4e55c922c477c1492b7ebc9fe855d2b9bc099b30,6,3,3,618,162,• criteria to define small and medium companies must be robust and verifiable (likely hard-numerical and publicly available) to avoid vague definitions or gaming of exemptions. • criteria must also be sufficiently indicative of company size,0,386|387|421|594|616|732
1a3132f2591e7eb1c1912b9671514769b12f15f7,6,5,1,543,75,our opposition is rooted in the practical reality that global grid data infrastructure remains immature (option f). the lack of globally unified and free public databases forces companies to incur prohibitive administrative costs and assura,0,334|375|378|408|409|412
ed96928adca12bff570496066827989eaae2a73d,6,3,3,512,170,"• there should be no penalty for organizations that exercise the exemption, however for comparability and transparency it should be made clear that those accounting for their scope 2 emissions using the exemption represent a very different ",0,386|387|421|594|616|732
ffa9d603023136ab5863c38ffd1b075ef052a6b2,6,5,1,504,96,"by grounding market boundaries in national jurisdictions and adopting a phased implementation strategy, aim to balance environmental integrity with operational feasibility. the anticipated cost increases will primarily stem from platform up",0,334|375|378|408|409|412
19e3f1ed54198b2f4c050ec569bb05257ce75a21,6,5,1,432,131,"by introducing standardized synthetic load profiles and supplier-side automated processing, the scalability and feasibility of the proposed mbm revisions can be significantly enhanced. concurrently, the implementation of dynamic data correc",0,334|375|378|408|409|412
76f866587d6317caba9b03ab6b8698594964530e,6,4,2,427,162,"small, medium, and large electricity users cannot be reliably distinguished by sme definitions, which vary across regions and are simple to restructure around. rather than being a meaningful indicator of procurement capability, sme status r",0,321|425|481|658|744|1040
586577660fa38280efae4963f481f4be9f82f3ca,6,4,2,421,87|91,"we request that new zealand’s boundary is clearly defined as a “single synchronous grid.” deliverability should be established on a national level for new zealand, recognising that there is one interconnected grid, with hvdc inter-island co",0,151|454|636|638|657|1009
5a497fd01666c5ec8e8f6c897b09e6fe65eaebe6,6,5,1,387,76,"due to the inaccessibility of reliable load profiles, organizations are forced to rely on estimations. however, these estimations lack the necessary verifiability, making the resulting data highly susceptible to being challenged during the ",0,334|375|378|408|409|412
61a1b64c4c51f52e3d5796a2bdc361298bac48d3,6,5,1,382,87,"our concerns center on the risk that overly rigid market boundaries may hinder global decarbonization impact, create regulatory inconsistencies with local disclosure requirements and penalize facilities in regions with underdeveloped renewa",0,334|375|378|408|409|412
62d66082752cf051b4ea446cfd5c59a1e9d4d48c,6,5,1,375,173,"existing long-term power purchase agreements (ppas) were negotiated and executed based on the scope 2 quality criteria valid at the time of signing. retroactively applying new requirements, such as hourly matching (criterion 4) and delivera",0,334|375|378|408|409|412
e44475c6b6fa842c310fb6d59c4be51ed9641286,6,5,1,373,143,"the lack of foundational data infrastructure renders these revisions a 'volatility bomb', not just a 'patch'. this significantly increases the burden on preparers, both in terms of compliance complexity and valuation challenges, and exposes",0,334|375|378|408|409|412
eb4ccc5d179b22b47d8a87f1c46e35cef1c6f020,6,5,1,363,135|137,"until foundational data infrastructure, such as hourly grid emission factors, becomes ubiquitous, any revisions strictly at the regulatory or standard-setting level remain mere 'patches.' these measures fail to fundamentally resolve the lac",0,334|375|378|408|409|412
cb4d4d318cae1837d2695c9f9878f8679140761a,6,5,1,357,29,"in china, electricity is physically dispatched across large regional interconnected grids (e.g., northwest to east china), yet emission factors are typically published based on provincial administrative boundaries. this creates a gap where ",0,334|375|378|408|409|412
4b40e37036a896bfde8fba8c20b234b96172c9e8,6,5,1,355,117,critical lack of data infrastructure: the vast majority of global power markets lack the tracking systems necessary to distinguish between voluntary eacs and sss allocations. implementing this refined definition prematurely would turn the r,0,334|375|378|408|409|412
10ea41266c892c65e1909a6f0c3ec56e92f08ece,6,5,1,345,30,"based on the current physical reality of china's power grids—characterized by strong coupling and large-scale regional dispatch—and the existing data infrastructure, the lbm emission factor hierarchy faces challenges in practical applicatio",0,334|375|378|408|409|412
d512e31a8587120bb47418ecf9f6f3d61b8f3129,6,5,1,342,64,"based on the company’s global footprint, we must map emission factors to numerous power grids individually, yet most of these factors remain currently unavailable. this results in significant 'additional acquisition costs' due to immature e",0,334|375|378|408|409|412
8e930c2524db3f1d2cc98d5b107b5cba8db623e6,6,2,4,339,177,"we are strong proponents of continuing to allow long-term transactions using the current market boundaries. if there are new time or regional boundaries introduced, we support allowing the longest lead time as possible to allow new transact",0,108|121|157|178|235|1165
c7bc7012022cfde35cdeea10cf28f12b57a0de47,6,2,4,311,129,"we are opposed to implementing a fossil-based emission factor as the default across the board per the reasons stated previously. this penalizes companies for something they cannot control. instead, utilize a global or regional average resid",0,359|414|603|692|727|958
a0881ac991085cc44e0e5b9b5514591061c580ad,6,5,1,296,91,"using national boundaries as the foundation, supplemented by physical interconnections, prioritizes existing national statistical data and certificate systems. this approach prevents enterprises from falling into non-compliance due to data ",0,334|375|378|408|409|412
62bdd48a445e45781590928f5c0f8f851c7781ed,6,5,1,295,158,"by establishing exemption thresholds, accounting standards can maintain scientific integrity while ensuring global operational feasibility, thereby protecting small and medium-sized enterprises (smes) from losing their momentum for low-carb",0,334|375|378|408|409|412
f2f59e9f10613d8bda9cefd682929ef1e5df1825,6,5,1,288,34,"in regions like china, lbm is strictly tied to administrative or operational grid boundaries for official reporting. forcing lbm to align with mbm market boundaries would conflate physical attribution with contractual delivery, significantl",0,334|375|378|408|409|412
677edf320efa2ea5b7eced029ec38879d9f75ffb,6,2,4,268,89|91,"the current re100 market boundaries have demonstrated integrity, impact, and feasibility as the scale of up corporate driven long-term contracts to finance new renewable energy has flourished under them over the past decade, effecting huge ",0,108|121|157|178|235|1165
5d21d60c08e26a130e19a36dd2e476658577cef9,6,5,1,264,155,"our support for the exemption is based on feasibility and balancing considerations. specifically, we aim to balance methodological integrity with practical feasibility, ensuring that the reporting burden remains proportional to the organiza",0,334|375|378|408|409|412
8a22ed7173f093eef7dbd6815f5f49a07f0a2005,6,5,1,253,162,"in addition to financial metrics, the definition of an sme should incorporate total electricity consumption and regional grid data accessibility. this ensures that high-energy users and those in data-rich regions are held to higher accounti",0,334|375|378|408|409|412
107d34ff6c0f9b1bfbd21f822dfc5501a8f65383,6,5,1,228,55,"under the realistic constraints of data inaccessibility and prohibitive costs, such revisions fail to catalyze a synchronized evolution across the industry. consequently, the resulting improvement in comparability is negligible.",0,334|375|378|408|409|412
ae7a9e2dc889e2808435001bb16f6e8bc50c5bcb,6,5,1,209,58,"grid operators worldwide exhibit inconsistent transparency, varying reporting frequencies, and significant data lags. as a result, obtaining hourly or sub-national emission factors remains extremely difficult.",0,334|375|378|408|409|412
c8317e3b870c15dda0aac2f2f03e56876e618f07,5,2,3,3839,73,integrity: • today’s methodology allows organizations to claim 100% clean electricity procurement based entirely on solar and completely uncorrelated to actual electricity consumption. the current proposal fixes that issue. • this proposal ,1,386|387|421|594|732
50cca2dd57a5db36907373ae9fbc3012f1079a86,5,2,3,3556,85,"integrity: • while it is impossible to definitively track electricity from production to source, market-boundary proxies can be used to say it is likely that electricity generated in one area will be deliverable to consumption on the same g",1,386|387|421|594|732
d0fcca5c2962de2487d3d12601f1d5aa59c0d5be,5,3,2,3550,101,"in new zealand, major generators such as genesis energy, meridian energy, and mercury, are majority government-owned (51%) and collectively account for more than two thirds of the country’s electricity retail market share. under the current",0,454|636|638|657|1009
af45c21618e00b3b29d83306ef6d2120ab6a298c,5,2,3,2876,75,"should be a “may” not “shall” while we understand ghgp’s intent to increase the accuracy of the market-based methodology, we still believe temporal matching should be optional rather than required for several reasons: 1) mandating hourly ma",0,359|414|603|692|727
30bfb393d935a70bdd3402e1ce600798c8cdbe66,5,2,3,2675,141,"the proposed changes would have substantial cost increases, which include: • limiting the supply of clean energy we could use to meet hourly-matching and “deliverability” requirements; solutions available may not be economically feasible fo",1,359|414|603|692|727
7e2b685ceb5b84020ae3b16b07911667893a4d9b,5,2,3,2492,149,"• whether or not a separate impact metric is developed and made available to reporting organizations, it is still critical that the inventory market-based scope 2 method adopt the proposed changes. • the scope 2 method provides unique trans",0,386|387|421|594|732
209e38a385d0cf50ebfba986ae8f20b9eec2acdf,5,1,4,2289,90,"connectivity, not deliverability, should serve as a basis for market boundary. connectivity reflects potential deliverability—the demonstrated capability of an interconnected power grid to supply electricity across regions under coordinated",0,359|603|692|727|958
bc9159798a0b3dcf03e3766462ec6939fd3265ea,5,4,1,2238,158,"ghgp’s rationale for the proposed changes (6.2) states that “many reporters have relatively modest electricity use while a small number of very large users account for most consumption.” however, the cdp report referenced here presents a mo",0,181|321|425|481|744
a059a3e1f8afe7fef30f2d32a8e08d53704edb0f,5,3,2,2222,19|87,"please correct the country list: new zealand is not made up of multiple synchronous grids. new zealand operates a single synchronous electricity grid, with both islands running at 50hz and connected through the hvdc interconnector. electric",0,454|636|638|657|1009
b64e6e0c2e89ae67f83f7f84a1ea23374dcdac8e,5,2,3,1706,101,"• incrementality, or the incentive to drive new clean electricity onto the grid, is a key element of updates to scope 2 accounting standards. • the standard supply service currently serves as the incrementality pillar of this proposal. howe",1,386|387|421|594|732
5b6c682a5c2fbef8e779c34fbeac26c34fd0f810,5,4,1,1697,19|27,requiring hourly or monthly matching in the lbm will increase complexity without clear benefit and may lead to double counting. hourly or monthly matching of location-based emission factors would be extremely time-intensive (sourcing of emi,0,467|567|570|826|852
676ec65b06709c009b68d5fb66b1d33135bda84e,5,2,3,1511,99,integrity: • there are integrity concerns with accounting that permits one company or set of consumers to claim to consume a disproportionate amount of clean power from existing assets (e.g. an old hydro plant) that have been paid for also ,1,386|387|421|594|732
7245370dd3a0a865f531e4fa4b6027c8065704ba,5,2,3,1302,106,"• if no credible centralized registry or third-party registry is operating to track and assist in sss allocation, and a supplier is not taking steps to allocate sss resources, there are serious integrity risks that a reporting organization ",1,386|387|421|594|732
a425b94ebf853a3272d365e1d2ad15c4297aa5d4,5,2,3,1291,101,"we are concerned about the availability of credible information from electricity suppliers to effectively implement sss – the risk being, where sss data cannot be validated by the supplier, companies would need to apply a residual mix facto",0,359|414|603|692|727
83fa7297d2c54a0ee63cbc46e1526d0b9ad5f4ef,5,2,3,1213,49,"currently, each site within an organization typically receives a monthly electricity bill and a single annual emission factor to apply, for a total of 13 electricity use + emission factor data points to track and account for in today's repo",0,359|414|603|692|727
41aeebebf0e5ceacf94da5a00396c39f772416fa,5,2,3,1198,19,"for many companies, reporting scope 2 in lbm is merely a reporting of the carbon intensity of grids they are connected to and does not materially represent decisions they can influence. in that perspective, constraints on lbm sc.2 reporting",0,243|260|471|552|608
c741bd89f869bad8f64039b6c629bad604eb11ba,5,2,3,1138,39,"administrative costs, data unavailability, dispute with verifiers/auditors if the definition is not cristal clear. one of the biggest issues as of today is to find reliable and credible sources for all regions. it is a major administrative ",0,243|260|471|552|608
efb55fda1bd5d6e7dd80512e7783dbb2e19b799b,5,2,3,1098,68,factoring in the time to develop and fund the relevant it and organizational projects and roll them out. given the major increase in complexity implementing the proposed changes in a large companies with hundreds of industrial sites would t,0,243|260|471|552|608
e9bd85da37190b527cec26066a35627655ef1225,5,4,1,1046,129,"yes, global equity must be a central consideration. the current proposal to mandate fossil-fuel-based factors unfairly penalizes organizations in regions where the lack of residual mix factors (rmf) is a systemic infrastructure failure rath",0,334|375|378|408|409
1be6dc69000816b9e13bf75c55c78cf029bc8188,5,0,5,991,28,"the proposed hierarchy prioritizes spatial boundaries over temporal granularity, but lacks credibility due to the absence of specific examples or scientific evidence demonstrating which power coefficients (spatial or temporal) are more accu",0,127|255|314|529|539
4886abb53ee743d99fcf538ce89fdfca4ad049ab,5,3,2,918,133,"the proposed feasibility measures for the market-based method, and more specifically the ‘threshold exemptions’, should introduce an hourly matching exemption or threshold for countries with high renewable penetration, such as the hydro-ric",0,454|636|638|657|1009
aa16ed17e220ee359c7ff279fe1ec4c89fa33fab,5,4,1,918,123,data infrastructure must precede the enforcement of more complex standards. the ghg protocol should explicitly require that a transparent and auditable data foundation for residual mix factor (rmf) calculation must be established in a given,0,334|375|378|408|409
72a6ae324cf2944d5d251ba9ad2eddb2a9db719d,5,2,3,914,25,updating spatial boundaries for lbm emissions reporting is adequate as long as the emission factors are readily accessible. updating to consumption-based factors is adequate as long as the emission factors are readily accessible. a reasonab,0,359|414|603|692|727
ceb30c46d0d878741baab3c03cea05c561dc9894,5,2,3,887,117,our concern is not in the application of the residual mix factor when it is available and accessible – the concern is that companies are penalized when the data is not available/accessible per the proposed standard. this is unfair as the bu,0,359|414|603|692|727
4725bc0852832582e6d061a02e8669657e16d5ca,5,2,3,828,131,"load profiles would be unable to capture businesses and sites with non-typical, non-regular usage profiles. some businesses, such as manufacturers, may use energy based on production which sales up and down unpredictably, can include 24/7 m",0,359|414|603|692|727
29cb2db4b3817c7a598a14bb3e0a507a6e1ee5ee,5,2,3,789,126,"having an option for emission factors when not otherwise available is beneficial to calculate emissions somehow and avoid double counting, but it is doubtful that organizations would thus be incentivized to publish residual mix emission fac",0,359|414|603|692|727
fe0fdeaa446b2f66ff359f3e493f92751b6e2a24,5,2,3,787,53,"our organization does not presume to represent the view of all investors, but it is generally important for clear, transparent, and consistent disclosures across all company reporting. such significant changes as proposed are likely to caus",0,359|414|603|692|727
1e7326d631660f12b19f195f7daed60d1933520e,5,2,3,743,152,feasibility should be the first consideration in ghg protocol’s update hierarchy if the objective is to accelerate decarbonization. - location-based scope 2 should reflect emission from electricity generation that are physically connected t,0,359|414|603|692|727
570df61d8d77aeb17a6210fe47da85877e1f7701,5,2,3,742,106,"we are concerned about the availability of credible information from electricity suppliers to effectively implement sss – the risk being, where sss data cannot be validated by the supplier, companies would need to apply a residual mix facto",0,359|414|603|692|727
3b7d757716ce87ff7bf44037ae36f43264bf6248,5,3,2,729,151,"the introduction of impact metrics risks shifting the purpose of scope 2 from contractual disclosure to speculative modeling of system effects, which is not comparable, consistent, or suitable for standard-setting. the mbm enables auditable",0,181|425|597|658|744
4318f773a071fd9d0e706a59a68aedac4b904638,5,3,2,729,151,"the introduction of impact metrics risks shifting the purpose of scope 2 from contractual disclosure to speculative modeling of system effects, which is not comparable, consistent, or suitable for standard-setting. the mbm enables auditable",0,74|376|385|478|1040
6bec5af02d78d6abba35715bb04120c49d71aa99,5,2,3,699,128,"while we understand the intent of this approach, companies would be heavily reliant on suppliers’ ability to provide more accurate residual mix emission factors to be able to avoid defaulting to fossil-only emission factors. furthermore, th",0,243|260|471|552|608
075b2c1ca5945a1c7e795358c1b899d32a388eae,5,2,3,680,149,"while we agree there should be the option and methodology to calculate a consequential metric, we don’t believe it would solve for the immense challenges posed by the hourly matching and deliverability requirements. company decarbonization ",0,359|414|603|692|727
714f75487286b87c3abfbffd602d69529db344e5,5,2,3,678,135,"we believe the mbm proposal would erode the usability of the data by making it far more complex and less comparable across regions and companies and slow down grid decarbonization efforts, which is what investors ultimately care about. assu",0,359|414|603|692|727
7004afbfb9c0fd3fd5b7176a17b74c7f415b2e49,5,4,1,655,106,"no. sss should not be allocated in the first place. public budgeting for energy is not designed for customer-level attribution: taxes, surcharges, levies, and policy costs are pooled and redistributed across multiple purposes, and these flo",0,181|321|425|658|744
e94ee03baf4ae9fa2f9bbd060b42e6bc3cbc03b1,5,2,3,623,133,"hourly matching should be optional not required. market boundaries should remain flexible to incentivize larger-scale clean energy procurement where they are most optimally placed (e.g. single market for us, eu regions). location-based acco",0,359|414|603|692|727
93dfe6463b5a8464448ba03243f17979ba541e71,5,4,1,599,108,"automatically designating resources as sss in the absence of data or registries should not be supported. doing so would undermine the core principle of market-based accounting, which requires claims to be tied to transparent, traceable, and",0,181|321|425|658|744
1881108f183831fc53ab6b5ead70e98368bec862,5,2,3,597,29,"the hierarchy is clear; however, more granular emissions factors are not typically accessible through utilities today, and not considered part of their standard service offering (implying that it would cost money to access that data). the v",0,359|414|603|692|727
eabf11bc67c23521453427d7f1fcdb7a80c66f90,5,4,1,593,21,allocating emissions based on a reporter’s contribution to aggregate grid demand” is not how lbm functions. the location-based method assigns the average grid emission factor of the politically determined geographic region (these are not ne,0,181|321|385|425|744
74d4124efad932dba7b026d83842fb8ff8174aa5,5,2,3,548,173,we strongly encourage a legacy clause to honor contracts that have already been signed under the current version of the protocol – not having this would deteriorate credibility and confidence in the ghg protocol. it would also greatly demot,0,359|414|603|692|727
95d60ce1a16b0a66df3f66538ae8b70953482440,5,3,2,537,117,bravetrace removes all voluntary claims from the nzecs’ residual mix emission factor calculations to prevent any double-counting and any double-claiming risks. the sss definition should be clarified to ensure that government-majority owned ,0,454|636|638|657|1009
089dd463288517f255bb7e35e775109683b16b69,5,3,2,530,18,"we support clarifying the scope 2 definition to stress its role as attributional inventory accounting linked to electricity generation within a reporter’s value chain. this distinction separates inventory totals from broader impact claims, ",0,454|636|638|657|1009
7bfc0a8259449b89bb2c6a7287d7f0a6248df365,5,2,3,516,76,"• there is empirical evidence to suggest that using load profiles can deliver similar system-level benefits (more renewables, storage, clean firm, and demand flexibility) as actual hourly meter data while providing greater flexibility and f",1,386|387|421|594|732
88f1d60bd11df27082a7a3be18ac523777dbd7d9,5,4,1,516,111,"sss is not uniformly available across regions, and this would significantly undermine comparability in scope 2 mbm reporting. because sss is tied to country-specific policy designs, tax structures, levies, fit regimes, and compliance mechan",0,181|321|425|658|744
070d232766cd263700d1f5d86205a0af31924855,5,2,3,505,132,we urge strongly that no changes go into effect until after 2030 when solutions to such proposed changes can be assessed for feasibility. almost all companies have scope 2-related targets we are tracking toward 2030 and implementing any of ,0,359|414|603|692|727
52b2c1ce7997a9859319f450a6e5501a8aa4d5dd,5,2,3,500,132,"a change of this magnitude would absolutely require phased implementation given the granularity of data being proposed does not currently exist in a global, readily available, reliable and accurate format from which you could build a repeat",0,243|260|471|552|608
cb2bf6c8b73de48a06ec10e6e9f76adc9a55698e,5,3,2,489,148,"in new zealand, price signals already drive behaviour (nodal pricing and peak periods) in real time, and increased granularity in market-based calculation won’t drive any behaviour change due to the highly renewable nature of our electricit",0,454|636|638|657|1009
67e442cf4bb4c66b3a31c00560302bae878b39e1,5,4,1,467,68,"to overcome the immaturity of external data environments, we recommend that grid operators ensure the public availability of emission factors at no cost. furthermore, grid utility bills should synchronously reflect hourly usage data and con",0,334|378|408|409|412
bf88b3d586f9731d092ee86a13cfa285fa6ab282,5,0,5,450,19|20,"many asian markets, including south korea, do not have infrastructure in place that considers regional and temporal consistency in lbm. reflecting definitions that are only implementable in certain countries could weaken the commitment to r",0,127|255|314|529|539
6e58e2b3530b580c02fa78eeab51c71f4cea0ad7,5,2,3,425,61,"since the availability of hourly emission factors is very limited, using hourly activity data won’t bring any added-value and even worse this would lead to double-counting. this introduces an additional layer of complexity into the hierarch",0,243|260|471|552|608
7e2b43f0924c4ad2dd90f8de4226fb4169a32115,5,4,1,422,151|152,"the introduction of impact metrics external to scope 2 is discouraged, as it exacerbates reporting fragmentation and imposes excessive compliance costs on preparers. such a move threatens to dilute the authority of central accounting metric",0,334|378|408|409|412
cf01f53fd5e04a1ce40f0811d9add87c52b815b3,5,2,3,403,48|131,"not mandating the use of actual hourly metered consumption, and instead allowing the use of estimated consumption based on load profiles, could enable circumvention. organizations could choose—at their own discretion—between actual measurem",0,386|387|421|594|732
b67bd23ccc8d3640b8f4a6bdf730a9b313af71d8,5,2,3,394,168,"• besides what is described in the answer to question 167, another crucial guardrail is keeping this exemption at the market boundary level and not site-specific. a site-specific threshold can encourage gaming by dividing up consumption int",0,386|387|421|594|732
2f9ae4575c58bc5d9a4f97b3fab08ecda83ffe6c,5,4,1,383,106,"position: unacceptable. the absence of a centralized registry should not preclude reporting entities from claiming their sss attributes. in the interim, official annual reports or attestation letters issued by power suppliers which clearly ",0,334|375|378|408|409
c741982d13d37dbf3c523c55eff476bcfe1d4604,5,2,3,382,53,"the proposed revisions would improve the technical accuracy of location-based emissions by using actual hourly metered consumption instead of annual average emission factors. however, this could result in material changes to reported emissi",0,386|387|421|594|732
b2886acc4548c599aa7156a86fc2a48f0a7e7662,5,2,3,368,126,"• residual mixes are not always available to reporting organizations. instead of allowing for use of a grid average default emissions factor for unmatched hours of consumption, which would double count significant clean electricity already ",0,386|387|421|594|732
75d3859f41118e4607ad4741c05b959f22083192,5,5,0,362,137,"until foundational data infrastructure, such as hourly grid emission factors, becomes ubiquitous, any revisions strictly at the regulatory or standard-setting level remain mere 'patches.' these measures fail to fundamentally resolve the lac",0,375|378|408|409|412
b74b16c8191e40b86a1ad5a158e6e584ad78b123,5,2,3,358,18,• we support the update to the scope 2 definition to ensure clarity that the emissions reported under scope 2 are from within the attributional value chain and exclude emissions related to processes outside the value chain. • this is critic,0,386|387|421|594|732
878b7d14a7ba6f2efc5d704434ef11d302d25eb7,5,2,3,356,19,"we agree that the lbm should reflect the emissions associated with the generation physically delivered to the reporting entity, with the aim for higher temporal granularity where it is accessible and feasible. on its own, increasing lbm acc",0,359|414|603|692|727
6a767c45b8113d805d6fce963634d5f76b02da62,5,2,3,325,20|22,• we support the update to the mbm definition to reaffirm the use of contractual instruments as the basis for allocation. • we also support the clarification that temporal and spatial matching of instruments is a requirement for unique emis,0,386|387|421|594|732
36dff1691e7b073b14794fe5b3bda95240ed585f,5,0,5,321,30,"large manufacturing sites with high power demand are expected to face significant challenges in securing multiple power generation facilities that meet matching conditions (e.g., vietnam). there is a high likelihood of increasing disparitie",0,127|255|314|529|539
c84cbd3e790f00e3955410e0c36bf072b2045f4d,5,3,2,308,29,"for new zealand, the hierarchy should list “grid‑wide/national (single synchronous grid)” as the most appropriate spatial boundary. transpower, our national grid operator, advises “local” boundaries (e.g., nodal) are operational pricing con",0,454|636|638|657|1009
7e3035d636609c3f19e023670c794e4a22c6ecd2,5,1,4,297,50,"for companies with large, global footprints, increasing the level of granularity for emission factors and data increases the amount of data that needs to be managed by the company exponentially. therefore, it should be a ‘may’ to provide fl",0,352|583|946|1128|1155
87b33947068b2cd22e161a61f691930c7cf8399e,5,2,3,294,160,this would place the requirements on the largest energy consumers that have the resources to track and manage hourly matching and more granular clean energy procurement (and that have the greatest impact to the grid and emissions) without b,0,359|414|603|692|727
91a16e06e87d1b4c3b40a5f61e51aa111a36028e,5,4,1,277,48,"effort (amount of data and complexity of calculation) does not justify the assumed benefit; data is not available. especially for globally operating companies with complex supply chains, the effort collecting and preparing data for more gra",0,467|567|570|826|852
7403d947d25a2d223f7c96a18676c4a2a05b8aba,5,1,4,263,34,"we disagree with the mbm deliverability market boundaries proposal, which we believe should be grid-wide/national or multi-national level as defined by grid connectivity and common market tracking mechanisms. see responses to questions 18 f",0,359|603|692|727|973
bb97ad25b03cba4ac7d6d425344ed9275c2e92a0,5,2,3,252,76,"this introduces an additional layer of complexity into the hierarchy that does not provide additional value. if hourly data is not easily accessible, monthly is the next most practical option. precision given the quality of accepted data sh",0,243|260|471|552|608
f884dfce18d64071808d1b8a55949af5dc9319d5,5,3,2,250,135,"the improved accuracy for a small group of reporters does not justify the added costs, increased complexities, risks to voluntary procurement, and reduced carbon impacts associated with mandatory hourly matching without a viable consequenti",0,328|440|662|836|972
25746329cac38c63416af72aabccc62d2b9aa946,5,1,4,246,19,disagree with the temporal aspect of this definition because the implementation of hourly data into current processes is currently not feasible. obtaining supplier specific emission factors may be feasible but could require significant reso,0,444|583|946|1128|1155
e10bd0267d60e5ed4cf99d4a0d810d5d1b87824f,5,3,2,239,21,"in new zealand, price signals already drive behaviour (nodal pricing and peak periods), so inventory granularity must be balanced with cost, feasibility and ensuring consistent approaches are taken across different assurance practitioners.",0,454|636|638|657|1009
7cd93aae9e2fc1e68a499006eef8cbf518310904,5,5,0,234,53,"under the pragmatic constraints of data inaccessibility, the costs incurred (in terms of time, manpower, and assurance fees) to pursue high-precision emission factors far outweigh the incremental value they provide for decision-making",0,375|378|408|409|412
dfbfd2ce4c4981e34d145d5701037fa8d002984b,5,2,3,228,115,"• besides the specified reasons selected in question 114, we clarify our support for the move from average emissions factors (which would result in double-counting of some clean energy) to residual mixes with fossil mix backups.",0,386|387|421|594|732
9d03e5c9d33385712a307e8680d4e256e8ff8e08,5,2,3,220,131,"see above - use of load profiles introduces an additional layer of complexity into the hierarchy that does not provide additional value. if hourly data is not easily accessible, monthly is the next most practical option.",0,243|260|471|552|608
7a16155c04576cd7c356b3e658b5beea07da09a2,5,2,3,219,115|117,suppliers must be able to provide this data in an accurate and auditable manner. the burden for this should not be on the preparer to calculate as it would entail non comparability and add an overall burden on preparers,0,243|260|471|552|608
dbc90ef19b551f28f85be604700c3375e952f1d3,5,2,3,201,49,"concern about the ghg protocol as an harmonized metric as local mandatory or voluntary reporting at local level may be sectoral, or address different perimeters than the ones addressed by ghg protocol.",0,243|260|471|552|608
bff1c54943aa46f05009554c22032a28da786049,4,1,3,3907,151,"• to date, there has not been a proposed impact methodology that satisfactorily meets the combined ghgp metrics of integrity, impact, and feasibility. • “short-run marginal emission rates omit important impacts of electric-sector interventi",1,387|421|594|732
48390514c8696074cd59271d0b0a1f57a2c30196,4,3,1,3773,137,q136 does not provide an option to indicate that the proposed revisions may reduce comparability. the proposed market-based revisions would significantly increase complexity and administrative burden without improving comparability for inve,0,425|658|744|800
64855f40e84d938229bf74fd2824eed02b63a600,4,2,2,3692,22,"the market-based method is a voluntary procurement choice. in new zealand, price signals already drive behaviour (nodal pricing and peak periods) in real time, and increased granularity in market-based calculation won’t drive any behaviour ",0,636|638|657|1009
baa89f56180e44170249ac1abd95e6b2b5a06cc5,4,2,2,3569,155,"hourly matching will fail new zealand new zealand is unusual globally: around 60% of our electricity comes from hydro, and hydro storage already shifts renewable generation into the peak hours when thermal generation would otherwise run. ho",0,454|636|638|657
f1d66129c33b1c2d418f63f3765ef70d822c4ebe,4,4,0,2524,22,"the new temporal and geographical requirements will disincentivize corporate actions, especially in complex supply chains. the market-based method (mbm) generally enables leveraging individual corporate decarbonization action for supporting",0,467|567|570|826
3465c87f9e83932b34984c297aebfbc154c5fcb8,4,2,2,2321,20,we disagree with the proposal – as stated above: - market-based scope 2 should account for market-based procurement mechanisms (contracts) of emissions attributes within a “market boundary” as currently defined at the national or multi-nati,0,414|603|692|727
ede12e54a9d6ce14a3a6bb7e1d5090a4658e1469,4,2,2,2211,20,"retaining contractual instruments as the mbm basis is appropriate. however, requiring hourly market-based electricity reporting in new zealand would add complexity without meaningful benefits. why hourly matching is unsuitable for new zeala",0,454|636|638|657
cbe36bebe2e13844fb84fad61f5ceda9130347e4,4,2,2,2202,141,"hourly-matched eacs would increase costs, complexity, and barriers to entry. new zealand hydro stations, providing around 60% of total generation, sit at the heart of our highly renewable system. the storage and controllability of hydro gen",0,636|638|657|1009
6bb112852342ac9c5bcba6788a8d1d7ca8c41d39,4,2,2,2167,152,"integrity: • hourly accounting, market boundaries reflecting power grid realities, and an incrementality standard (sss or similar) are critical to ensuring scope 2 accounting moves forward with transparency and credibility. impact: • the co",1,386|387|421|594
40135d0d677f44cd18ff20c6c93f86c2399c9549,4,2,2,2138,91,"market boundaries should stay at the national or multi-national common market boundary to incentivize actionable grid decarbonization with projects developed where they are most feasible, impactful, and economically viable within the countr",0,414|603|692|958
db8a76af9dc65cd751efdc6c51c680cb113f0a1d,4,4,0,1966,20,the updated criterion 4 to require hourly matching of instruments to electricity consumption increases complexity without leading to more accuracy and benefit for energy systems. hourly matching of market-based contractual instruments (issu,0,467|567|570|826
638c80d907685d8731c1c63327a999f50eff1d76,4,1,3,1840,18,we disagree with the proposed definition: - location-based scope 2 should reflect emissions from electricity generation that are considered ‘deliverable’ to the reporter's value chain. - market-based scope 2 should account for market-based ,0,359|603|692|727
e4af70d525bcd5301efcac61aaaf74777352cb30,4,2,2,1716,48|49,"any changes to the guidance that increase compliance costs and burdens for companies to disclose and report emissions, whether required by regulations or to meet voluntary commitments, may cause ghgp’s standard to lose resonance as a global",0,265|349|351|1010
7f4b8aec90a1913d18ff3470323ff87213d0f92f,4,1,3,1709,87,"just as with the hourly matching requirement, location-matching per ghgp’s proposed market boundaries must be optional, rather than required. otherwise, ghgp will halt the momentum of the estimated 275 gw of new carbon-free energy that is e",0,63|108|235|1165
3c11fce92ecbb54b7b3131d2828883d334e02f52,4,3,1,1619,112,subject: supplementary comments on the proposed sss guidance 1.upholding the principle of attribute exclusivity: the accounting of sss must remain within the rigorous framework of unique energy attribute certificates (eacs). allowing sss cl,0,334|375|378|408
d5d7c99df1b80db5c37298473005c9d4161d84bb,4,3,1,1534,149,"a separate impact metric does not change our view because it serves a fundamentally different purpose than the market-based method. the mbm enables clear, auditable, contract-based disclosure of electricity sourcing choices and is the found",0,181|425|658|744
5b7df5397400e48c6ea3289bdc7f3c6d9731ef07,4,0,4,1306,173|177,"the existing contract deferral clause is a key transitional measure that must be included. if the new standards are applied retroactively without considering the regulatory environment at the time of signing long-term ppas, it could undermi",0,255|314|529|539
cbc549b1ccaeb5b7e453e15785a417026c1563b9,4,4,0,1300,128,"for instance, assuming there were no residual mixes available in the eu. based on own calculations using recent aib (2025) data (“residual grid mixes 2024”) for eu electricity mixes, the calculated electricity emissions factor “mark-up” for",0,467|567|570|826
323aadcc2e9cf60d8df0e50c0d99e51b2a478fe8,4,3,1,1278,90,"data transparency and feasibility challenges (e.g. asean and mainland china): absence of granular data: many regions currently lack real-time load, generation, and market clearing data, such as locational marginal pricing (lmp) or real-time",0,334|375|378|408
180c41164671a8e939c4ac873f23d828160d9cc8,4,3,1,1251,177,"contracts can take as long as 12-24 months to execute with projects coming online 12-36 months after execution. as a result, without this transition rule, we would expect companies to pull back from long-term contracts as the publication of",0,214|399|517|972
cea333b1f4fdb92d35c870ebb17b9568feab34d0,4,4,0,1169,101,"practical hurdles in data acquisition: in many jurisdictions, electricity suppliers currently lack the infrastructure to provide granular, verified data on sss energy attribute allocations. imposing a strict proportional requirement increas",0,375|378|408|409
3c17851bd50718c943a8cc681bda01a01228e711,4,2,2,1161,22,"we disagree with the proposal to base mbm on the physical deliverability of electricity supply, as described in feedback above. mbm should reflect the emissions impact of clean energy contracts to stimulate grid decarbonization and track to",0,414|603|692|727
8930b987442e86f4ee977005a61aed266cc5e9e7,4,2,2,1159,141,eacs and ppas are two totally different things. the fact that they are treated equally in question 140 above is extremely problematic and allows for ghg protocol to perpetuate unreliable and inaccurate reporting of scope 2 emissions. more s,0,386|387|421|594
48324776efe1dd253a165a02bb0900df3bce8324,4,3,1,1158,87,the updated criterion 5 to source electricity from generation that is deemed “deliverable” to the consuming load further reduces capacity for meaningful corporate action. the updated criterion 5 introduces a deliverability requirement which,0,467|567|570|852
1c1afb989a6202d4bf86f96e0c72f754bdd9ce56,4,2,2,1098,39,"any changes to the guidance that increase compliance costs and burdens for companies to disclose and report emissions, whether required by regulations or to meet voluntary commitments, may cause ghgp’s standard to lose resonance as a global",0,265|349|351|1010
a094bfe6e93e8849291047e968fd3e6206744049,4,2,2,1090,20,"an efficient power accounting system (full disclosure + reliable calculation of residual mixes on relevant regions and time period) combined with a comprehensive market-based reporting by all consumers (including individuals, e.g. through r",0,243|260|552|608
dffce48f23cabec1c057520fc450c3304e54e7c8,4,3,1,1058,133,"hourly matching within the mbm should be optional, not mandated (replace ""shall"" with ""may""). the supporting clauses (deliverability regions, exemption threshold, legacy clause) are not enough to support a mandatory hourly matching requirem",0,328|440|836|972
81d2095e1a9d08d82689442989d1e5eea3b0863b,4,2,2,982,152,"integrity: in accordance with the ghgp scope 2 guidance on dual-reporting, for the market-based method, reporters should use the country’s commonly used eac system where one exists. the system should be publicly available, free to use, from",0,636|638|657|1009
a15a58e3bcfd39f0e8b6322d9fe63197fdff6c32,4,2,2,906,87,"the proposed framework can only work if spot purchases (unbundled certificates) are not an option as contractual instruments. the reason is that spot purchases of unbundled certificates, even if they meet deliverability and temporal require",0,386|387|421|594
78ee364b750ab12649f7a250ed9344109780d8a3,4,3,1,893,20|21,"we do not support changing the definition of mbm. 1.it hinders the global decarbonization process, as local matching requirements restrict global investment and the maximization of climate benefits. 2.it substantially increases the difficul",0,334|375|378|408
3e02d3a1d7622b653971dd6b70412d10a6cd834c,4,0,4,883,135,"we believe the mbm proposal would erode the usability of the data by making it far more complex and less comparable across regions and companies and slow down grid decarbonization efforts, which is what investors ultimately care about. inve",0,255|314|529|539
dd80745e051700e8ac0e5d2a5822f2db2066b68a,4,3,1,857,19,"we do not support changing the definition of lbm. 1. suggest refine the definition of physical connection based on market realities(eg.physical deliverability across regions/grids), balancing physical authenticity with market flexibility. 2",0,334|375|378|408
3c8c835798cbf4c669d03bd20e3b1626e53fefed,4,2,2,812,11,bravetrace is a for-purpose private company committed to accelerating the transition to renewable energy. we aim to generate positive social and environmental outcomes by promoting the growth of renewable and zero-carbon energy generation. ,0,454|636|638|657
8c65cce5bb12efbc940160b3a9bd58bde33170df,4,2,2,810,137,"currently, corporate clean energy buyers must meet the existing quality control criteria in scope 2 (see response to q20). it is unclear why ghgp perceives existing guidance to be inadequate, as the quality controls currently in place assur",0,265|349|351|915
2a2a7a0844efaade982b04101e92a3283cdb643e,4,2,2,804,158,"it is crucial for the ghg protocol to introduce an hourly matching exemption or threshold for countries with high renewable penetration, such as the hydro-rich systems like new zealand where electricity demand peaks in winter while hydro in",0,454|636|638|657
87aa3e8032b8b0ecce9cf33c98d9a862414dc161,4,1,3,784,18,"we do not support changing the definition of scope 2. the current definition of scope 2 includes both consumption and procurement, which are two separate activities for companies. this is why the original ghgp guidance in 2014 correctly pro",0,108|121|235|1165
00185fbc061374cc7d15172a519be23a679be8fa,4,3,1,770,73,"we would support exemptions in the interests of keeping scope two emissions reporting open to the largest number of consumers possible. however, we do not support the concept of deliverability as this is not how power grids function. theref",0,321|425|481|744
4a0913d590cf52de3cc813a2e71b5f5949bd161e,4,0,4,744,64,"to successfully prepare and navigate assurance (limited and eventually, reasonable), all data must be fully collected, evidenced, traceable, calculated, summarized, validated, and ideally populated into an enterprise-level management databa",0,255|314|539|973
37f74f46ddd43b80ec09cf113fcf2962a4dd8262,4,2,2,740,165,"note that we do not support adding hourly matching requirements for the market-based method. we call for an hourly matching exemption or threshold for countries with high renewable penetration, such as the hydro-rich systems like new zealan",0,454|636|638|657
9cf25e7d764b8def860ab7f9343c0e6977a644d7,4,3,1,692,119,"bravetrace’s nzecs is new zealand’s first certification system, explicitly tracking around 7% of all electricity purchases. it serves 400+ corporate energy users, 50+ registered renewable generation devices, with over 2 million eacs redeeme",0,454|638|657|1009
632c7a1d6a5a5af12b2b36bd86d53cadce3cd9e0,4,2,2,675,90,"market boundaries should be defined as the geographic boundaries of electricity sectors, which align with national, and under certain circumstances, multinational boundaries. we are surprised to see the difference in the approach to the eur",0,74|376|478|620
91461a31325aa777d129af314102c223c5ba4068,4,3,1,564,158,"smaller sites lack the internal capabilities and resources to deal with the data and cost management, procurement, verification etc. of granular purchasing. in addition, the cost risk becoming very unpredictable because of volatility of sma",0,74|320|376|478
a4f2bab24f6d8749332b940dcbc311a27024abe9,4,0,4,546,133,hourly matching should be optional not required. market boundaries should remain flexible to incentivize larger-scale clean energy procurement. location-based accounting should focus on the physical electricity delivered to the sites / mark,0,255|314|529|539
1d80f5918a33daeb3d9661e4e608112240a7e9cd,4,2,2,540,22,market-based method is supposed to reflect the electricity sourcing by a given company leveraging the powers of markets through market instruments. it is the only way for a company consuming electricity purchased on the market to decarboniz,0,243|260|552|608
02d8c6d64abb912ab797d121afda95463c623226,4,2,2,491,131,it is acknowledged that the intent of providing load profiles is to improve the feasibility of accounting under the hourly matching criteria. we are concerned that introducing this level of assumption into the framework greatly discounts th,0,328|440|662|836
e1b91c34da27fe8977c234d7666698710838c70f,4,2,2,433,123,"in november 2025, bravetrace submitted a recommendation to the new zealand ministry of business, innovation and employment (mbie) to formally recognise and integrate bravetrace’s residual supply factor (rsf) into national guidance and procu",0,454|636|638|657
4175f3dd270286bbc9d1911e725db8dd7737ac4d,4,2,2,431,129,• the lack of residual mix emission factor and the required use of a fossil-based emission factor will incentivize the development of a residual mix emission factor to support greater transparency of unclaimed clean electricity being suppli,0,386|387|421|732
9aa8e5c437c38cb4be74bfe3fbc9e170302b1fc7,4,0,4,430,103,"in korea, renewable energy resources funded through ""climate and environmental charges"" included in the bills or through the rps could be considered sss. however, green premiums, where attributes are assigned to specific customers through a",0,255|314|529|539
6053b9ecc223dc6063a5368bd3ddd7e3028f1796,4,3,1,418,18,we do not support changing the definition of scope 2. 1.the existing definition of scope 2 properly focuses on both consumption and procurement. 2.physical connection' constraint would undermine the carbon market’s role in optimizing resour,0,334|375|378|408
38fb117a115161b7a9ee0e5c76d3a2d06eb08c87,4,2,2,414,66,"as a company submitted to csrd, ghgp is today the co2 counting standard to be used ; all increase in complexity has a direct impact on the costs and risks borne by preparers. increasing the volume of data required (with limited improved acc",0,243|260|552|608
b65ef15785df14b2783f112ccdb6789e1859d9f4,4,1,3,407,152,"(1) add options that allow for and recognize different kinds of impactful action including long-term forward contracts which are made more difficult, costly, and unattractive by requiring hourly matching and deliverable market boundaries. (",0,222|277|399|988
3fc815f2a2ead8e86c7b122ad00f04f8c98d41b3,4,4,0,392,168,"besides what is described in the answer to question 167, another crucial guardrail is keeping this exemption at the market boundary level and not site-specific. a site-specific threshold can encourage gaming by dividing up consumption into ",0,342|616|726|936
9cbb9dcf52760d5172fa108f04fce205a1ff1e90,4,0,4,383,66,"we recommend placing the requirement to calculate the hourly ghg emissions on grid operators/utilities, who already have the hourly consumption and the efs needed to complete all the steps in an automated fashion. even for emission factors,",0,255|314|529|539
33e42999243722cb8ab4bbe10bc1789045399e7d,4,0,4,369,131,"load profiles would be unable to capture businesses and sites with non-typical, non-regular usage profiles. our concern is that regional power conditions will determine the outcome rather than the absolute reduction performance of companies",0,255|314|529|539
7d4ce0a38f2751ee71488d05ba41a7375133cb48,4,2,2,350,173,"long-term power purchase agreements (ppas) and early adopters have played a critical role in enabling renewable energy development, as demonstrated by the new zealand solar sector. in the absence of legacy provisions, changes to hourly or d",0,454|636|638|657
fe191f4aa0dc943d3538cae4ca0c0c2e6c983c05,4,2,2,347,111,"yes, it would erode comparability across regions and further mix hourly vs annual data. the solution is to not mandate hourly matching, thus improving comparability across regions. there needs to be a standard method to apply in the absence",0,359|414|603|727
9b80288cf989d3d90bbd95f74f2ddac569cd829f,4,3,1,318,34,"in brazil, market and trading rules allow generation and consumption to occur in different locations and at different times. the reconciliation between resource backing and requirements is assessed system-wide on an annual basis. accordingl",0,640|785|924|1058
c930e47d748f930759871da306ae0733a28335d8,4,1,3,303,53,"audit can be a very lengthy and resource-consuming process, especially when it has to be applied to a standard that leaves room for interpretation and/or targets to serve different purposes that may require different metrics (comparable acc",0,243|471|552|608
eab61a46b39e59442dc097d64b604e5a25eb4e3e,4,1,3,288,115,we’re not inherently opposed to the application of residual mix factors and agree it reduces double counting and sets a standard methodology for consistency; however we have concerns about the scenario where residual mix is unknown / not ac,0,359|603|692|727
30c1ad47daf7557838b6051a9a094e2ff400cc44,4,2,2,286,115,"companies support this approach to avoid double counting, however, suppliers must be able to provide this data in an accurate and auditable manner. the burden for this should not be on the preparer to calculate as it would entail non compar",0,243|260|552|608
edc9923cda117d5e90e00ae29dbdeda5c61d8d51,4,1,3,273,178,"a) eligibility by instrument type and term: define which instruments qualify (e.g., ppas, utility green tariffs, supplier-specific contracts, unbundled certificates) and any minimum original term, including treatment or eligibility of perpe",0,425|792|968|1060
f314b0da2e734493a5c45944afaf02e6e5dadb21,4,2,2,254,111,• an asset age limit could help reduce inconsistency and improve comparability across regions. • asset age limits are commonly used in regulations implementing similar granular accounting measures which can also help with applicability of g,0,386|421|594|732
3d318a7819fc92e78ea75554a8e63282e5c76f7f,4,1,3,241,58,"“accessible” is ill-defined. accessing hourly data can be very time consuming and would require large upgrades in industrial reporting systems, which may not be the best use of companies’ resources (vs implementing emission reductions plans",0,243|471|552|608
c4f86c610e05641df0826e30504ad06fd9faeadf,4,2,2,231,129,the default emission factor when no residual mix emission factor is available should be consistent with the type of power generation available in the considered geography. unclear why “global equity consideration” would be relevant,0,243|260|471|552
580a63037140e95867f42b6945ee945f7710a319,4,1,3,230,173,"based on the principle of non-retroactivity of laws and from the perspective of ensuring legal stability, we hope that legacy provisions will be permanently maintained so that contracts and effects once concluded are not impacted.",0,474|476|525|704
b9594cb9176421fb29a5c74391a65d8d080061f8,4,3,1,229,137,"the proposed hourly matching requirement would not improve emissions outcomes in new zealand. instead, it would add significant cost, complexity, and barriers to entry, whilst unlikely to deliver improved comparability for users.",0,454|638|657|1009
af2ee7fdf5e171aba9120af2e40519a39b75c5e2,4,3,1,205,53|55,"in the brazilian power market, altering spatial and temporal granularity is unlikely to lead to meaningful changes in conclusions; any incremental benefit would be marginal relative to implementation costs",0,640|785|924|1058
9bcd2e84c9da44f3a892a1f44f059397a6fc5e62,3,2,1,3992,75,"hourly matching will fail new zealand new zealand is unusual globally: around 60% of our electricity comes from hydro, and hydro storage already shifts renewable generation into the peak hours when thermal generation would otherwise run. ho",0,454|638|657
adb37a593745c598c47872ddda06154002c1803b,3,2,1,3988,178,"a credible legacy clause should reward past actions that demonstrably financed new clean energy, not impose artificial time limits or administrative barriers. integrity comes from evidence of impact, not from erasing legitimate contracts. f",0,214|399|517
662044425b30d38330e23dcb2f8e7de24b886bda,3,2,1,3879,75,"strict hourly and geographic deliverability for clean energy procurements should be optional – not required – for scope 2 accounting purposes. in a july 20, 2025 blog post (“energy tag blog post”), nine (9) twg members explain that ghgp is ",0,265|349|351
51060be93ecb84485b91b2edd19552ad0bd36c4d,3,2,1,3839,75,"under the draft proposal, where hourly data is not available, consumers would be required to approximate it. however, this simply replaces one estimation with another, reducing accuracy and comparability rather than improving it. the expect",0,321|425|744
7d12503432aaaf91d700b22553ccde4ffe26b54d,3,2,1,3510,22,we reiterate our position that strict hourly and geographic deliverability for clean energy procurements should be optional – not required – for scope 2 emissions accounting. a key report concludes that temporal and locational matching requ,0,265|349|351
7d76d989404e1465f29ccb83e4cdc3d49a6fa0bb,3,0,3,3463,101,"the prohibition of sss transactions may unnecessarily limit the market flexibility and the rational procurement choices of companies by artificially excluding certain renewable energy procurement options. furthermore, such a measure does no",0,255|314|539
30361f6a63489701781c95658cd531d557cdd6cc,3,2,1,3120,76,we reiterate our position that strict hourly and geographic deliverability for clean energy procurements should be optional – not required – for purposes of scope 2 emissions accounting. ghgp proposes that generic “load profiles” of modeled,0,265|349|351
eaab88ff08161155c98809e2aa4ad544af58a8c0,3,2,1,3109,27,"any changes to the guidance that increase compliance costs and burdens for companies to disclose and report emissions, whether required by regulations or to meet voluntary commitments, may cause ghgp’s standard to lose resonance as a global",0,265|349|351
199fdc657c7678de7a64d9fda456877c6693ae5f,3,2,1,3059,135,"before expanding on our response, we note that q134 does not provide an option to indicate concerns that the proposed revisions could reduce the decision-usefulness of information and negatively affect the performance of the mbm. assessing ",0,181|425|744
58f96dac351587e6dc71c0cd9c7e0b02bf5d3dd2,3,2,1,2824,158,we reiterate our position that strict hourly and geographic deliverability for clean energy procurements should be optional – not required – for purposes of scope 2 emissions accounting. if the proposed scope 2 guidance ultimately adopts th,0,265|349|351
cc18555b0ce20e5d8462ce48449a0ae031864e1f,3,3,0,2490,149,"whether or not a separate impact metric is developed and made available to reporting organizations, it is still critical that the inventory market-based scope 2 method adopt the proposed changes. ● the scope 2 method provides unique transpa",0,342|348|936
bc8930ea057c3d70772042f3a213f9765c07ae3b,3,2,1,2488,20,we support clarifying that the market-based method (mbm) quantifies scope 2 from contractually purchased electricity via certificates and similar instruments. we do not support adding mandatory temporal correlation and deliverability requir,0,214|399|517
bc31454a892a7618a88ed62d93da5cb5412376f8,3,2,1,2354,87,"as described in our previous response: constraining market-based solutions to those that are deliverable to site locations dramatically limits organizations’ ability to sign larger, long term, more impactful clean energy contracts that cont",0,359|414|603
54663193a7ee69c87e0333486d1a2cb4edcc0f6a,3,2,1,2334,82,the vast majority of companies do not have the capability and resources to comply with the proposed requirements. shifting to hourly tracking and matching will require: • enabling local teams across all sites to access hourly data which is ,0,359|414|603
4623a3e5f0193ba28f7255f730cffe64e8a103bb,3,0,3,2246,20,"we disagree with the proposal – as stated above: - market-based scope 2 should account for market-based procurement mechanisms (contracts) of emissions attributes within a “market boundary” as defined by the re100 (i.e., national level) – i",0,255|314|539
887704ce7e6d73ba9e8eece515eaf500a6e7f3c4,3,0,3,2240,90,"connectivity reflects potential deliverability—the demonstrated capability of an interconnected power system to supply electricity across regions under coordinated operation. it does not imply, nor require, the ability to ensure that a spec",0,314|539|973
ff79bee6bd74363ca82f90e590f3c20ede6e60e4,3,2,1,2216,178,"(a) all contracts that qualify under the current ghp protocol scope 2 guidance (including ppas, supplier contacts, tariffs, and certificates), should be eligible for the legacy clause for the full duration of their contractual term. a robus",0,627|800|831
4fd8bf3db816bd12aa7a6da498985f3566b231b5,3,1,2,2154,22,"a particularly important concern is the risk of discouraging development at optimal renewable resource sites. in japan’s day‑ahead market, a nationwide uniform market price (system price) is first determined; area prices are then recalculat",0,474|476|704
77aea173462af7a6e29e03988757ddc1ccc287c4,3,1,2,2153,27,"a particularly important concern is the risk of discouraging development at optimal renewable resource sites. in japan’s day‑ahead market, a nationwide uniform market price (system price) is first determined; area prices are then recalculat",0,474|476|704
6b1a5f5ef05098d64b95f3037fadac84025472e2,3,0,3,2150,18,we disagree with the proposed definition: - location-based scope 2 should reflect emissions from electricity generation that are physically connected to the reporter's value chain. - market-based scope 2 should account for market-based proc,0,255|314|539
7e1f0a872402873d9178b37281e2842bac80e0c1,3,1,2,2143,87,"even if the area where one’s demand is located does not necessarily match, it should still be possible to contribute to the decarbonization of consumers in the area where the electricity was generated. in japan, all renewable electricity tr",0,474|476|704
6713fb68fbdba53679218410a3b6f2ba6128f8d2,3,2,1,1992,53,"any changes to the guidance that increase compliance costs and burdens for companies to disclose and report emissions, whether required by regulations or to meet voluntary commitments, may cause ghgp’s standard to lose resonance as a global",0,265|349|351
fed1fd4809db761bc0f5c089e0c411225454c199,3,1,2,1983,91,"given the realities in japan as outlined below, the market boundary should be defined as the entire nation. even on physically interconnected systems, market design differs by country: some (e.g., germany) set a single market price despite ",0,474|476|704
10273ac891bb11975214bb569bceea60b64ab0cf,3,1,2,1892,18,"it is reasonable that scope 2 must only include emissions from electricity generation processes that are physically connected to the reporter’s value chain. however, the definition of the ""physical connection"" shall focus more on physical a",0,474|476|704
615389df34df69689bdaf5b7cf5a337d4a49916e,3,1,2,1838,27,treating new zealand as multiple synchronous grids is incorrect; please amend tables/examples to reflect that new zealand has one grid. local boundary is very narrow and risks inconsistent assurance outcomes with differing parties taking di,0,636|638|657
931d376766f346bfa175c28336ea9683beb88633,3,0,3,1703,75,"should be a “may” not “shall” while we understand ghgp’s intent to increase the accuracy of the market-based methodology, we still believe temporal matching should be optional rather than required for several reasons: 1) mandating hourly ma",0,255|314|539
73083dd8f969fce7b22b966b6082641c143b571b,3,1,2,1652,137,the proposed market-based revisions would significantly increase complexity and administrative burden without improving comparability for investors or assurance providers. introducing temporal and deliverability requirements would make repo,0,74|376|1040
397e047912c38a9691fd3fec88540e77cd34f80f,3,2,1,1619,21,"any changes to the guidance that increase compliance costs and burdens for companies to disclose and report emissions, whether required by regulations or to meet voluntary commitments, may cause ghgp’s standard to lose resonance as a global",0,265|349|351
51365f0068a53be26b9519e5dd7d8e1d68715073,3,1,2,1566,149,"a separate impact metric does not change our view because it serves a fundamentally different purpose than the market-based method. the mbm enables clear, auditable, contract-based disclosure of electricity sourcing choices and is the found",0,74|376|1040
e6c733b1674a1239578bc74b36f3415e9a87d951,3,0,3,1508,96,"requirements based on narrow deliverability boundaries would impose substantial new burdens on companies, and for many it would be unworkable in practice. smaller and midsize organizations, particularly those with regionally dispersed u.s. ",0,925|973|1109
72edd2a60f3aa18c17dac78b3144cebecb0509d6,3,0,3,1492,87,"as described in our previous response: constraining market-based solutions to those that are physically connected to site locations dramatically limits organizations’ ability to sign larger, long term, more impactful clean energy contracts ",0,255|314|539
0993247fa39a9d602975539139b997636fecfa00,3,1,2,1479,48,"in relation to temporal granularity, achieving this in japan—where the share of solar power is particularly high—requires increasing the deployment of renewable energy sources capable of generating electricity 24 hours a day. moreover, beca",0,474|476|704
b4bf8487b5a361678fcc4d2f136539c75b9178fa,3,2,1,1469,22,"we question the narrowing of the market-based method’s purpose to cover only electricity that is both purchased and consumed. the mbm has always existed to account for contractual procurement, not physical usage. redefining it as an account",0,214|399|517
2e96450f13f2c93f46261f73ca9ba1fc432c48f8,3,2,1,1427,155,"since we fundamentally disagree with the premise of hourly matching, we would maximise exemptions that help ensure participation in renewable procurement remains accessible to as many organizations, in as many regions, and at as many maturi",0,181|425|744
b871c7e88e94716740c73687a3cdf440bbda7a86,3,0,3,1390,112,"currently, the introduction of sss is being considered mainly for certain companies and large-scale facilities with sufficient capital and necessity. our company has over 100 small-scale facilities in various countries, and if sss is applie",0,255|314|539
53ba09a0bac1114f0e1751afd23591583d284693,3,0,3,1386,117,our concern is not in the application of the residual mix factor when it is available and accessible – the concern is that companies are penalized when the data is not available/accessible per the proposed standard. in the pursuit of maximu,0,255|314|539
ac9d078526202e4736a83928cba0a5e85c10b5f2,3,2,1,1368,50,"any changes to the guidance that increase compliance costs and burdens for companies to disclose and report emissions, whether required by regulations or to meet voluntary commitments, may cause ghgp’s standard to lose resonance as a global",0,265|349|351
a3991d921e694fcedb3393115cdd3663db5a8b5f,3,1,2,1336,20,"in relation to temporal granularity, achieving this in japan—where the share of solar power is particularly high—requires increasing the deployment of renewable energy sources capable of generating electricity 24 hours a day. moreover, beca",0,474|476|704
ca59fa49f68a78ad6035b4320a432abf2e5e6aef,3,3,0,1262,117,"the updated definition of the residual mix (criterion 9) couples the residual mix to temporal and geographical constraints – with residual mixes being barely available since the introduction of the mbm, this requirement is impossible. espec",0,567|570|826
f082b2f8d9bccb6c68835e678baaedcd8f0c96c6,3,1,2,1244,115,"since 2018, bravetrace has operated the nzecs (new zealand energy certificate system) and has annually published the residual mix emission factor for new zealand. in addition to the annual residual supply mix (rsm), bravetrace is also publi",0,636|638|657
87a6c153870cc4bef231b036b031d980d7cfb81a,3,0,3,1240,22,"we disagree with the proposal to base mbm on the physical deliverability of electricity supply, as described in feedback above. mbm should reflect the emissions impact of clean energy contracts to stimulate grid decarbonization and track to",0,255|314|539
30023d8f6ab7398edcf5640d4ed38e1c703cc9e6,3,2,1,1213,19,"any changes to the guidance that increase compliance costs and burdens for companies to disclose and report emissions, whether required by regulations or to meet voluntary commitments, may cause ghgp’s standard to lose resonance as a global",0,265|349|351
519687a531d4c0feccf19d433c65d540548f544e,3,0,3,1209,49,"currently, each site within an organization typically receives a monthly electricity bill and a single annual emission factor to apply, for a total of 13 electricity use + emission factor data points to track and account for in today's repo",0,255|314|539
505696347c7440b0c5244f67bd1318c24e39bbdf,3,2,1,1195,55,"any changes to the guidance that increase compliance costs and burdens for companies to disclose and report emissions, whether required by regulations or to meet voluntary commitments, may cause ghgp’s standard to lose resonance as a global",0,265|349|351
71522d6167f5795e16adb74bd6f239d8a3f263f2,3,3,0,1179,103,"yes. as illustrated in the japan and malaysia examples above, many publicly supported or historically financed resources around the world fit the categories outlined under sss, yet they should not be allocated to all customers. public budge",0,181|321|744
1021949e49d640e7f6964289054a84e97c104c60,3,2,1,1175,90,"while we understand that the intention to demonstrate a higher likelihood of deliverability, it is worth clarifying that none of the regional boundaries shared can ""appropriately reflect"" that clean power generated in the region was deliver",0,328|440|836
acc6199c3c17bd996608efda938226db5195cff7,3,1,2,1163,133,"in japan—particularly for wind power—the geographic concentration of resource potential in hokkaido and tohoku and the fact that transmission capacity to the main demand center (tokyo) is not necessarily sufficient mean that, unless the sco",0,474|476|704
555fa16adb141df4eac3f74204b6e4c76056c194,3,0,3,1104,131,"while load profiles can be a practical tool for approximating hourly data, how useful they are ultimately depends on the purpose they are serving. if load profiles are treated as another mechanism to enable increasingly granular temporal ma",0,925|973|1109
a95b9c31ed3391d37bceed7830f4b10bae37984f,3,2,1,1084,155,"hourly matching requires advanced data systems, access to asset-level profiles from producers or regional authorities/tsos, and portfolio management capabilities that are not available to most reporting entities. it requires data that does ",0,74|376|478
78e2587ee3575c788367539abfe9280b95f2f2aa,3,1,2,1062,82,"load profiles do not reflect the contractual basis of mbm claims, and incorporating them into mbm reporting would not improve the clarity or accuracy of disclosures. requiring their use would introduce a clear additional administrative burd",0,425|627|658
b1225ae40ae09ba5b0493d27fe7947842069a1d7,3,1,2,1051,82,"load profiles do not reflect the contractual basis of mbm claims, and incorporating them into mbm reporting would not improve the clarity or accuracy of disclosures. requiring their use would introduce a clear additional administrative burd",0,74|376|1040
5e717fd1dd44bf1c80cd1e3dcc737fed3ab02c05,3,1,2,1035,160,"this exemption should be set at a level well above 50 gwh in a given market, such that it qualifies all companies outside of the hyperscalers, who are the only companies that are meaningfully able to procure energy through a 24/7 location-m",0,108|121|235
a9488e68656b11f31b925c77421dbc9f383969b6,3,3,0,1000,89,"integrity: ● the doe needs study regions align with existing regulations that require hourly and market boundary matching (45v clean hydrogen tax credit rules), do a better job than wholesale markets to break up some markets with consistent",0,342|348|726
daeff2f1d09e4cd47821897d8d71abd0d20d1a19,3,0,3,980,132,"a phased implementation approach may ease the immediate administrative burden of hourly matching for some companies, but it does not resolve the underlying concern that hourly matching itself is misaligned with real-world decarbonization. e",0,925|973|1109
851d423c89c53acff9bc244358fb61857373cabd,3,0,3,973,170,"question 169 highlights a deeper structural issue: if a methodology requires multiple feasibility measures, carve-outs, and exemptions in order to be workable for a significant share of companies, this signals that the underlying approach m",0,925|973|1109
894e5a27a92f7393f3165a7b439b25548cf79c33,3,1,2,972,117,"under this revision, it is required to present the “residual mix for the entire boundary.” however, in japan, there is no player capable of grasping the overall picture of how much within the boundary is covered by ppas, making calculation ",0,474|476|704
0a3f57ddca22f37d0d462f71fc98b6641b36ab90,3,1,2,938,75|76,"hourly matching is a respectable pursuit but one that is currently only (and may only ever be) widely feasible for hyper-scaler organizations. the over-procurement necessary to meet hourly requirements, which would result in significant add",0,63|235|1165
6a8ea89f8eafe54ccb19abfd145880161c26ec11,3,1,2,927,21,"a particularly important concern is the risk of discouraging development at optimal renewable resource sites. in japan’s day‑ahead market, a nationwide uniform market price (system price) is first determined; area prices are then recalculat",0,474|476|704
32e59046003512dcc180b068c5b8f2c727330fef,3,0,3,901,157,"hourly matching should be optional, eliminating the need for exemptions altogether. introducing exemptions on top of varying feasibility measures across regions would create significant inconsistencies in application, producing results that",0,925|973|1109
63958b82a02b3b864bee89c8b6830a479ad124d5,3,2,1,892,162,"this criterion should not attempt to determine company size, but how meaningful energy use is for the organisation. small, medium, and large electricity users cannot be reliably distinguished by sme definitions, which can have legal definit",0,74|376|478
63a17abc5c73d5b6c706d1b3f4bbcd919bf35d0e,3,2,1,887,173,we reiterate our position that strict hourly and geographic deliverability for clean energy procurements should be optional – not required – for purposes of scope 2 emissions accounting. if the proposed scope 2 guidance were revised to adop,0,265|349|351
3fe58dcec3509497d35ce77c9dfa6540b73fa13b,3,1,2,882,87,deliverability or narrower market boundaries do not bring global benefits to incentivize renewable or low carbon production of electricity or to reduce emissions compared to a balance mechanism within market boundaries that may or may not b,0,243|552|608
d2a0c9296cc5f3ec4b215ba63d1474acd9ed5bf2,3,0,3,845,129,"we are opposed to implementing a fossil-based emission factor as the default across the board per the reasons stated previously. this penalizes companies for something they cannot control. instead, utilize a global or regional average resid",0,255|314|539
ef98ad10a54433bc321b909cfbd00a620b47f93c,3,0,3,826,132,we urge strongly that no changes go into effect until after 2030 when solutions to such proposed changes can be assessed for feasibility. almost all companies have scope 2-related targets we are tracking toward 2030 and implementing any of ,0,255|314|539
a3ed584cc3d6d84d20ea12ee873b13f1958f0f40,3,2,1,812,101,"allowing defaults for sss data even further reduces comparability, credibility, and accuracy within the mbm. allowing defaults makes the methodology easier to complete, but it opens up scenarios for confusing and complex comparability issue",0,328|440|836
15e0444ed9b5c013de765c712d263d86e5d18100,3,3,0,788,129,"yes, global equity should be considered. organizations that lack access to residual mix data (often those in emerging or less liberalized markets) would be disproportionately affected by a fossil-based default. applying a universal fossil f",0,214|517|730
daa012449b4c635cbb31ccb495c4a6a31c28ea1b,3,1,2,755,155,"we do not support mandatory hourly matching. in the event that mandatory hourly matching moves forward, exemptions are necessary in order to preserve momentum in clean energy development. this is primarily due to the fact that hourly matchi",0,662|836|972
39283d3a21a128bd12a126f2c792ec9511bea156,3,1,2,745,64,"to successfully prepare and navigate assurance (limited and eventually, reasonable), all data must be fully collected, evidenced, traceable, calculated, summarized, validated, and ideally populated into an enterprise-level management databa",0,359|603|692
7b99c7bc922a01f97744f3b6532cc18004ac9591,3,3,0,743,155,"granular (hourly+location) matching should be optional (“may” instead of “shall”). if such a requirement moves forward, exemptions are essential to limit damage to the voluntary market for long-term forward contracts. granular matching is n",0,214|517|730
ee189c4de2c737b95db063d0c16ceacf08295bf0,3,3,0,672,66,"there is a focus on the challenges with matching of the consumption side due to the lack of hourly meter data, but the same problem exists on the production side as well. guarantees of origin can only be issued retroactively. even though pr",0,385|738|1001
d663950d3bef93a90616749dd00de3bb640dcc1c,3,3,0,622,108,"allowing default options for sss data would reduce comparability and credibility within the market-based method. defaults may simplify reporting, but they would yield inconsistent and unverifiable results even among entities operating in th",0,214|517|730
5616737e557eab51879f3a263f731f23ac392f4d,3,0,3,616,137,significant variations resulting from the difference in application of feasibility measures would result in data that is in fact not comparable. decisions are driven by questions such as whether a company is financing new renewable projects,0,925|973|1109
a95c0837c02f905d9b41c56a92dc681db90b145e,3,1,2,608,132,"similar to the above answer q#131, a phased implementation will not solve the issues of accuracy and comparability that will be introduced under a mandatory hourly matching framework. it would be most accurate to allow those who have access",0,440|662|836
df5a9f02acf7333d639e379c2760bff0c7a251f6,3,0,3,571,32,"korea and many asian countries: with a power mix primarily based on coal and lng, the average emission factor is high. therefore, applying this lbm method could put global companies with similar reduction efforts at a disadvantage in compar",0,255|314|539
953bd7cefc4e8e7802e145e84caa275fbbd56783,3,0,3,568,29,"more granular emissions factors are not typically accessible through utilities today, and not considered not part of their standard service offering (implying that it would cost money to access that data). the vast majority of reporting org",0,255|314|539
16b46d52be1a7620c247b8e95bffb363a4e3aaf8,3,0,3,546,50,"recommend working to be ""may"" to leave decision up to each reporting organization's discretion based on their data availability, perceived accuracy, and ability to complete. from the perspective of multinational companies, the resolution of",0,255|314|539
dad45f2056a27d2d035800d7fddd0b7f1c75c651,3,0,3,546,75,"given the significant differences in power infrastructure across countries and regions, applying hourly data may reduce the quality of regional data and its comparability, while also adding an extra burden for data acquisition, which could ",0,127|529|1115
5b53ef34b1f5b7c99964c66db60a4deb93fe6961,3,3,0,536,27,"considering the brazilian power system, the hierarchy of location‑based emission factors—used to identify the most accurate factor according to spatial boundaries, temporal granularity, and factor type—does not reflect the system’s operatin",0,640|924|1058
100b0e6ae095d5abc0884a6209a0bb756e02a29d,3,0,3,522,111,"due to the varying levels of development in carbon-free power markets across countries, sss cannot be uniformly provided in all regions. while i agree with the original intention of creating globally consistent sss calculation rules, it is ",0,255|314|539
7323da5767d59e5c3bab05e7bfcc541fe188189a,3,1,2,515,173,"if hourly matching is optional, there is no need for a legacy clause. if hourly matching becomes mandatory, a legacy clause is necessary. if no legacy clause is included, it will erode confidence in carbon accounting to enable long-term inv",0,177|652|895
760ea146ae22579b6bea371fa0c7d87a878429ba,3,0,3,513,99,sss is to more clearly allocate pro rata claims to those paying for them. it makes sure that incremental resources are efficient (what is needed on a grid depends on the existing grid mix). it supports both hourly matching and annual matchi,0,925|973|1109
f2b8b9b486b7d0f2b3b2c8909f53b1370e9fb238,3,3,0,512,25,"we support the proposed hierarchy and its clear definition of accessible information (public, free to use, and from a credible source). we also agree that a higher-quality factor can be used when available but should not be required. while ",0,214|517|984
f61f6b58348715b8a152614463d0f45fc3e05c1e,3,2,1,511,30,"in brazil, approximately 40% of renewable generation is located in the north and northeast regions, while about 76% of consumption is concentrated in the south and southeast. this configuration is enabled by the extensive interconnection of",0,640|785|1058
d29b7626d74d908030cabaf5693ddbae5f75bf36,3,0,3,487,149,"while we agree there should be the option and methodology to calculate a consequential metric, we don’t believe it would solve for the immense challenges posed by the hourly matching and deliverability requirements. company decarbonization ",0,255|314|539
982cd4fffcb68474605a263ee40ec6faae7baf16,3,2,1,481,173,"the legacy clause applies to long-term contracts, such as those involving procurement of energy attribute certificates (eacs) from renewable sources. the transition to the new reporting method should remain voluntary throughout a designated",0,243|260|608
c5405b77609ecc004a3bf09cb1040bc5662ff572,3,2,1,473,90,"for brazil, the appropriate geographic boundary to consider is the national interconnected system (sin), which integrates all subsystems of the electric power system. in addition, electricity trading rules do not impose restrictions on cond",0,785|924|1058
1a5dca7b1bfd4eb1cb6bf96a4ceb731e961f57c7,3,1,2,462,87,"for retailers with distributed loads across broad geographic regions, the proposed market boundaries will deter companies from signing long-term contracts for renewable energy. retailers typically aggregate their load from multiple sites to",0,177|652|895
976a72cadbd46cabaaa9870e2ac45fdda36c3568,3,2,1,452,18,"physical connection is not required for a sound and actual accounting for carbon intensity of power (and not only of renewable power). adequate reconciliation through a residual mix shall allow for some flexibility in that respect, especial",0,243|260|552
5268ec5cecb220ca76517ac6b031310b49ca4722,3,0,3,414,53,"the proposed location-based method revisions would not improve the usefulness of data for investors. historically, investors do not inquire about the granularity of scope 2 reporting. the proposed changes could also yield significant, unkno",0,444|946|1155
f19d55eacbffafc5d960bb78bdeeb272ed4a2e7c,3,1,2,411,135,"the improved accuracy for a small group of reporters does not justify the added costs, increased complexities, risks to voluntary procurement, and reduced carbon impacts associated with mandatory hourly matching without a viable consequenti",0,177|652|895
47f1e5f06fa755285a01df455c8ecf9032b9433f,3,3,0,404,177,"if there is a legacy clause, the market needs the longest runway possible. ppas are executed in advance of assets becoming commercially operational, sometimes several years. ppas being signed today may not produce environmental attributes f",0,907|918|1071
3d791c63b2dde69911eb336945d62f0c9f2429c6,3,2,1,393,177,"incorporating a legacy clause is vital to acknowledge long-term ppas and pre-existing arrangements established under the prevailing regulatory framework, which have been instrumental in advancing renewable projects such as solar financing. ",0,151|636|1009
40654e54f39789a44e853e0ef13b52b328383409,3,1,2,377,173,"we oppose mandatory hourly matching and opposes mandatory deliverability requirements. if hourly matching is optional, there is no need for a legacy clause. if mandatory, legacy clause is absolutely necessary. all contracts executed prior t",0,281|283|313
421260230c6ecc652480b578587b902e80a14c56,3,1,2,353,90,"market boundaries should be defined as the geographic boundaries of electricity sectors, which align with national, and under certain circumstances, multinational boundaries. bidding zones or nodal pricing areas don’t incentivize investment",0,262|425|744
cf40ba3bf08fe142df2e28e9e877cfc92ad6385e,3,0,3,352,164,"from a global equity perspective, it is realistically impossible to apply the same standards uniformly across all regions. therefore, we propose a differentiated application based on the maturity of each country's power market. in particula",0,255|314|539
6a9152950e42457334d97457a8eaaac8aa51fd1f,3,0,3,344,173,entering long-term contracts requires the allocation of a significant amount of resources and detailed risk assessments. not allowing for a legacy clause for already existing contracts would disincentivize companies making those commitments,0,1015|1064|1121
7bb6c3bcde6266a17ded4c16d8a567e14104d2ca,3,3,0,324,106,"no, it is not acceptable. without a centralized registry or certificate-based tracking system, there is no verifiable way to allocate, audit, or prevent double counting of sss claims. recs remain the only proven mechanism for tracking and r",0,214|517|730
1dc31f5ef123284e3726cd9b07680f960408e5b1,3,2,1,317,160,"we reiterate our position that strict hourly and geographic deliverability for clean energy procurements should be optional – not required – for purposes of scope 2 emissions accounting. as stated in our q159 response, allowing optional 24/",0,265|349|351
7f81d0810ab850d40b9dfe1395c43a96f0430423,3,0,3,296,165,"at this point, it is excessive to apply this globally due to the realistic availability of data, certification systems, and the maturity of supply markets. it is reasonable to apply this as a choice rather than a requirement, allowing for a",0,255|314|539
3eb017ccfc83ce4df4d6503bd5c2c2c8c2713a37,3,1,2,282,51,"external programs that use ghg protocol generally support improving the accuracy and comparability of lbm results while balancing feasibility considerations. to help assess benefits relative to cost and effort in practice, please answer for",0,591|744|1040
55c1faf07ffceaea3a89ebd3d0076bfda9360d57,3,0,3,270,178,"eligibility by instrument type and term: define which instruments qualify (e.g., ppas, utility green tariffs, supplier-specific contracts, unbundled certificates) and any minimum original term, including treatment or eligibility of perpetua",0,157|173|258
094fb9b28ced7ebe8437bbd7acacc102a4c62261,3,2,1,262,96,the quantity of data to process and store for a robust mbm with high temporal granularity and narrow geographical deliverability would mobilize huge it resources. creating additional costs and investment in datacenters and unnecessary need ,0,243|260|608
f23493ae3de569160d79181698977441ce3d781f,3,0,3,257,108,"ideally, a supplier would allocate sss to the reporting entity based on load share; at minimum, a supplier attestation would be provided. a second priority would be a global registry. absent either of those, there should not be a default op",0,925|973|1109
c52c5d9137da59c8e78ee56216c87dd9d1061b8d,3,1,2,251,18,"we recommend that ghgp keep the existing scope 2 definition, which properly reflects how companies purchase and are assigned electricity, and avoid adding “physical connection” language that misrepresents how electricity markets and certifi",0,399|988|1168
11be9a99533b3518db044f4d63053cc807bf0e06,3,0,3,240,34,"maintain the existing national/regional boundary as the minimum requirement, and additionally, allow for separate regional boundaries in cases where physical and practical power interconnections between neighboring countries are recognized.",0,127|529|1115
f2bd76903c56d3981a8c503af99c4fb7ee72d831,3,0,3,240,18,"the definition should remain unchanged because the current definition of scope 2 offers separate accounting methods for consumption (location-based) and procurement (market-based), which remains valid today and will continue to be relevant.",0,946|1128|1155
52f5180df607ce99761101d839126c3353e76261,3,2,1,235,135,"the proposed hourly matching requirement would not improve emissions outcomes in new zealand. instead, it would add significant cost, complexity, and barriers to entry, whilst unlikely to change decisions/interpretations for preparers.",0,454|638|657
ecdaf1e4c07c40069a062d323d20ad24a3182041,3,0,3,231,132,"considering the differences in power infrastructure across countries and regions, it is necessary to postpone the application of hourly detailed data until the institutional foundation for infrastructure development is established.",0,127|529|1115
c2079f0e1eefc82d639dfb654ea6d0a713bc0595,3,0,3,228,34,"we disagree with the mbm deliverability market boundaries proposal, which we believe should be grid-wide/national level as defined by the re100 “market boundary” definition. see responses to questions 18 for further information.",0,255|314|539
b2ebe1dbe6e40401ee453db4a36e00c8b8e94939,3,0,3,214,51,"there should be the option to use a non-accessible more accurate one, e.g., iea. there is no comparable dataset of this magnitude or comprehension available for free. many companies are already using this resource.",0,946|1128|1155
