respondent_id,organization_verbatim,claimed,audited_class,confidence,basis
15,Not provided,Consultant supporting organizations with GHG inventories/strategies,individual,high,Organization field is a non-answer ('Not provided') and the respondent filed as an individual.
17,Conversio Pty Ltd,Consultant supporting organizations with GHG inventories/strategies,consultancy,high,Legal form 'Pty Ltd'; self-classified consultant in the professional/scientific/technical sector.
22,AKTOR SA,Industry group,company,high,"Legal form 'SA'; AKTOR is a Greek construction group, i.e. an operating company rather than an industry body."
27,Uni Wuppertal,Academia/research,academic_institution,high,Name identifies the University of Wuppertal; sector 'Education'.
29,DEKRA Assurance Services,Other (please specify below),consultancy,high,"Own write-in: 'sometimes consultant for balancing, sometimes verifyer/assurance provider'; assurance arm of DEKRA."
30,Minnesota Technical Assistance Program,Academia/research,academic_institution,medium,MnTAP is a University of Minnesota outreach programme; sector 'Education'.
31,Climate transition and carbon manager at AXIAN Telecom,Company,company,high,"Field gives a job title at AXIAN Telecom, a telecommunications operator; ICT sector."
35,WattEd Sàrl,Consultant supporting organizations with GHG inventories/strategies,consultancy,high,Legal form 'Sarl' (Swiss limited company); self-classified consultant supporting GHG inventories.
36,eNextGen,Data/analytics or software provider related to GHG inventories,data_vendor,low,Self-report uncorroborated: name carries no legal form and no self-description appears in the dataset.
41,Grenergy USA,Energy supplier/retailer or utility,company,medium,"US arm of Grenergy, a renewable-energy developer and independent power producer."
50,WattEd,Consultant supporting organizations with GHG inventories/strategies,consultancy,medium,Same trading name as respondent 35 (WattEd Sarl); self-classified consultant.
54,University of Oxford,Academia/research,academic_institution,high,Name identifies a university; sector 'Education'.
55,Perdure Carbon Limited Director,Consultant supporting organizations with GHG inventories/strategies,consultancy,high,Legal form 'Limited'; field gives a director of a carbon-advisory firm; self-classified consultant.
65,Deloitte Denmark,Consultant supporting organizations with GHG inventories/strategies,consultancy,high,Member firm of the Deloitte professional-services network; self-classified consultant.
68,Clearloop,Company,company,medium,Clearloop is a US solar-project developer and REC provider (subsidiary of Silicon Ranch).
72,Gaia Environment. (Consultant/Retailer of environmental commodities),Consultant supporting organizations with GHG inventories/strategies,consultancy,high,Own verbatim: 'Consultant/Retailer of environmental commodities'.
73,HGV,Other (please specify below),company,medium,"Own write-in: 'Financial holding company in the public sector, consolidating, among others, electrical grid operators and energy suppliers'."
75,Action Speaks Louder,Non-profit organization/NGO/civil society,ngo_civil_society,high,Own sector write-in: 'Climate NGO'.
80,Monash University,Academia/research,academic_institution,high,Name identifies a university; sector 'Education'.
87,EKOenergy ecolabel / Finnish Association for Nature Conservation,Non-profit organization/NGO/civil society,standards_body,medium,Ecolabel/certification scheme run by the Finnish Association for Nature Conservation; free text: 'We are a nonprofit organisation'.
88,"Zettawatts: Leading developer of Additionality REC (AREC) products enabling voluntary, utility-scale renewable energy procurement. We operate a forward REC market connecting corporate buyers, renewable developers, and channel partners to accelerate grid decarbonization through new project financing and measurable emissions impact.",Other (please specify below),company,high,Own verbatim: 'Leading developer of Additionality REC (AREC) products... We operate a forward REC market'.
90,Voltfox Inc.,Consultant supporting organizations with GHG inventories/strategies,data_vendor,high,Legal form 'Inc.'; own sector write-in: 'GHG accounting software'.
91,AFRICA SUB GRID LTD NIGERIA,Other (please specify below),company,high,Legal form 'LTD'; own write-in: 'Renewable Energy company participating in the development of the Renewable Energy Certificate market in Nigeria'.
93,"Consumer representing 3,300 households connected to district heating system",Non-profit organization/NGO/civil society,individual,low,"No organisation named; the field describes a consumer representative for 3,300 district-heating households."
95,Energy Peace Partners,Non-profit organization/NGO/civil society,ngo_civil_society,medium,US nonprofit that developed the Peace Renewable Energy Certificate; no commercial or membership form evident.
98,ShareAction,Non-profit organization/NGO/civil society,ngo_civil_society,medium,ShareAction is a UK responsible-investment charity; sector write-in 'Third Sector'.
99,Volterres,Energy supplier/retailer or utility,company,medium,"Volterres is a French renewable-electricity supplier, i.e. an operating company."
105,"PATtech Limited - Technology provider specialising in digital MRV, hourly renewable energy certificates (REGO's/SEGO's), and energy attribute registries enabling automated audit-ready Scope 2 reporting.",Certificate registry/tracking system operator,data_vendor,high,"Legal form 'Limited'; own verbatim: 'Technology provider specialising in digital MRV, hourly renewable energy certificates... and energy attribute registries'."
109,University of Reading,Academia/research,academic_institution,high,Name identifies a university; sector 'Education'.
110,IIGCC,Other (please specify below),business_coalition,high,Own write-in: 'IIGCC is a membership organisation for asset owners and managers'.
118,H&M Group,Company,company,medium,Listed apparel retail group; sector 'Retail'.
124,"Le système d'accélération de cette processus est non seulement sur des organisation paysannes, mais aussi d'appuyer financièrement pour la réalisation leurs projets. En même temps, de mobiliser tous les forces vives de la nation ( Intellectuels et surtout les spécialistes, les sociétés civiles, les forces armées....ets.).",Company,individual,low,Organization field contains free prose rather than an organisation name; filed as an individual.
125,BraveGen,Consultant supporting organizations with GHG inventories/strategies,data_vendor,medium,Sector 'Information and communication technology'; BraveGen is a New Zealand GHG/ESG reporting software product.
129,Daimler Truck AG,Company,company,high,Legal form 'AG'.
131,Douglas Hileman Consulting LLC (DHC),Consultant supporting organizations with GHG inventories/strategies,consultancy,high,Legal form 'LLC' and 'Consulting' in the name.
136,BRUC Energy,Energy supplier/retailer or utility,company,medium,BRUC Energy is a Spanish renewable-energy developer and independent power producer.
137,Beyond Fossil Fuels,Non-profit organization/NGO/civil society,ngo_civil_society,medium,European environmental campaign organisation; no membership or commercial form evident.
140,Association of British Insurers,Industry group,trade_association,high,Name ('Association'); free text: 'The organisation I represent is a trade organisation... it is not applicable for the trade association itself'.
148,Ernst & Young Global Ltd,Verification/assurance provider,consultancy,high,Legal form 'Ltd'; EY is a professional-services (audit and advisory) network.
151,Sustainability Reporting Board of the New Zealand External Reporting Board (XRB),Other (please specify below),government,high,Own write-in: 'The External Reporting Board (XRB) is an independent Crown entity'; sector write-in: 'Government'.
166,"Japan Automobile Manufacturers Association, Inc.（JAMA）",Industry group,trade_association,high,Name: a national automobile manufacturers' association.
169,NYK Line (Nippon Yusen Kabushiki Kaisha),Company,company,high,"Nippon Yusen Kabushiki Kaisha, a listed shipping company."
170,Japanese Bankers Association,Industry group,trade_association,high,Name: a national banking-sector association.
172,Climate Positive,Consultant supporting organizations with GHG inventories/strategies,consultancy,low,Self-report uncorroborated: no legal form in the name and no self-description in the dataset.
174,Senior Advisor at Kaya Partners,Company,consultancy,medium,"Field gives a role at Kaya Partners, an advisory firm; sector 'Services'."
175,Flamingo Fashions Ltd.,Company,company,high,Legal form 'Ltd.'; apparel manufacturer.
178,Prime Data Centers,Company,company,medium,Prime Data Centers is a US data-centre developer and operator; real-estate sector.
181,Repower AG,Energy supplier/retailer or utility,company,high,Legal form 'AG'; Swiss electricity utility.
183,"Ed Holt & Associates, Inc.",Consultant supporting organizations with GHG inventories/strategies,consultancy,high,Legal form 'Inc.'; '& Associates' consulting practice.
184,"Director, OneWorldStandards",Other (please specify below),consultancy,high,Own write-in: 'Sustainability Standards Consultant'.
187,Caldic B.V.,Company,company,high,Legal form 'B.V.'; chemicals distributor.
196,Action Speaks Louder,Non-profit organization/NGO/civil society,ngo_civil_society,high,Own sector write-in: 'Civil Society'.
209,"RE Tech Advisors, a Legence Company",Company,consultancy,high,Own verbatim: an advisory firm ('RE Tech Advisors') owned by Legence.
211,Arup,Consultant supporting organizations with GHG inventories/strategies,consultancy,high,Arup is a global engineering and design consultancy; self-classified consultant.
214,Compose[d],Company,company,high,"Own free text: 'A company like ours, that's based in NY and CA'."
215,Quintrace,Data/analytics or software provider related to GHG inventories,data_vendor,low,Self-report uncorroborated: no legal form in the name and no self-description in the dataset.
219,"McKinsey & Company, Inc.; Roskilde University",Consultant supporting organizations with GHG inventories/strategies,consultancy,high,Legal form 'Inc.'; McKinsey & Company is a management consultancy (a university affiliation is also listed).
222,Trimble,Company,company,medium,Trimble is a listed US technology hardware and software company.
224,Agendi,Consultant supporting organizations with GHG inventories/strategies,consultancy,low,Self-report uncorroborated: no legal form in the name and no self-description in the dataset.
225,Center for Resource Solutions (CRS),Non-profit organization/NGO/civil society,standards_body,medium,Center for Resource Solutions is the nonprofit that operates the Green-e certification programme for renewable-energy claims.
234,Resident of a retirement community near Philadelphia,Other (please specify below),individual,high,"No organisation named; the field describes a private resident, and the write-in repeats 'Retirement community'."
235,Sustainability Roundtable Inc,Consultant supporting organizations with GHG inventories/strategies,consultancy,high,Legal form 'Inc'; self-classified consultant supporting GHG inventories.
236,Agricultural research center,Academia/research,unverifiable,low,Generic name ('Agricultural research center'); no legal form or write-in identifies the entity.
243,European Industrial Gases Association - EIGA,Industry group,trade_association,high,"Name ('Association'); free text: 'EIGA, as an industry association, does not have a greenhouse gas inventory'."
247,Tierra Climate Inc.,Data/analytics or software provider related to GHG inventories,data_vendor,medium,Legal form 'Inc.'; Tierra Climate provides market analytics for energy-storage emissions impact.
248,University of Edinburgh,Academia/research,academic_institution,high,Name identifies a university; sector 'Education'.
249,Centre for Net Zero,Non-profit organization/NGO/civil society,think_tank,medium,Centre for Net Zero is a research institute (energy-system modelling) founded and funded by Octopus Energy Group.
250,BayWa r.e.,Company,company,medium,BayWa r.e. is a renewable-energy project developer and services company.
254,"Taiwan Digital Sustainability International Co., Ltd.",Consultant supporting organizations with GHG inventories/strategies,consultancy,high,"Legal form 'Co., Ltd.'; self-classified consultant."
259,Renewable Energy Company,Company,unverifiable,low,Organization field is the generic phrase 'Renewable Energy Company'; the entity is not identifiable.
260,SIGA - Swedish Industrial Gases Association,Industry group,trade_association,high,"Name ('Association'); free text: 'SIGA, as an industry association, does not have a greenhouse inventory'."
268,Exponential Roadmap Initiative,Consultant supporting organizations with GHG inventories/strategies,business_coalition,low,Exponential Roadmap Initiative is a nonprofit whose members are companies; it convenes corporate climate action rather than selling advisory services.
269,Drax,Energy supplier/retailer or utility,company,medium,Drax Group is a listed UK power generator.
272,Nordea Asset Management,Financial Institution,financial,high,Asset-management arm of Nordea Bank; finance sector.
276,Electricity Maps,Company,data_vendor,medium,"Electricity Maps is a Danish provider of grid carbon-intensity data, including hourly emission factors."
278,ESG,Company,unverifiable,low,Organization field is the generic term 'ESG'; the entity is not identifiable.
279,"Luxshare Precision Industry Co., Ltd.",Company,company,high,"Legal form 'Co., Ltd.'; electronics manufacturer."
284,Luxshare-ICT,Company,company,medium,Trading name of the Luxshare Precision electronics manufacturing group.
285,Suzhou Luxshare Technology Co.Ltd,Industry group,company,high,"Legal form 'Co.Ltd'; a Luxshare group manufacturing entity, not an industry body."
287,Luxshare-ICT (Viet Nam),Company,company,medium,Vietnamese unit of the Luxshare Precision electronics group.
288,"Merry Electronics（Suzhou）Co.,Ltd.",Company,company,high,"Legal form 'Co.,Ltd.'; electronics manufacturer."
289,Copenhagen Infrastructure Partners,Other (please specify below),financial,high,Own write-in: 'Investment fund manager'.
290,"Kunming Zhitong Electronics Co., Ltd.",Company,company,high,"Legal form 'Co., Ltd.'; electronics manufacturer."
291,"Dongguan Leader Precision Industry Co., Ltd.",Company,company,high,"Legal form 'Co., Ltd.'; electronics manufacturer."
296,美律电子（惠州）有限公司,Company,company,high,Legal form 'youxian gongsi' (limited company); electronics manufacturer.
303,宣城立讯精密工业有限公司,Company,company,high,Legal form 'youxian gongsi' (limited company); a Luxshare group manufacturing entity.
304,"Luxshare Precision Industry (Jiangsu) Co., LTD",Company,company,high,"Legal form 'Co., LTD'; a Luxshare group manufacturing entity."
305,"Luxshare Precision Industry (Kunshan) Co., Ltd.",Company,company,high,"Legal form 'Co., Ltd.'; a Luxshare group manufacturing entity."
308,江苏立讯机器人有限公司,Company,company,high,Legal form 'youxian gongsi' (limited company); a Luxshare group manufacturing entity.
312,"Luxshare Precision Industry(Handan) Co., Ltd.",Company,company,high,"Legal form 'Co., Ltd.'; a Luxshare group manufacturing entity."
313,立讯智造（浙江）有限公司,Company,company,high,Legal form 'youxian gongsi' (limited company); a Luxshare group manufacturing entity.
318,LITE-ON Technology Corporation,Company,company,high,Legal form 'Corporation'; Taiwanese electronics manufacturer.
319,LUXSHARE,Company,company,medium,Trading name of the Luxshare Precision electronics manufacturing group.
320,Hafslund,Energy supplier/retailer or utility,company,medium,Hafslund is a Norwegian power-generation group; power-generation sector.
321,SMK (Stichting Milieukeur),Non-profit organization/NGO/civil society,standards_body,medium,Dutch foundation ('Stichting') that owns the Milieukeur / PlanetProof ecolabel certification schemes.
325,Just Share is not affiliated with any organisations,Non-profit organization/NGO/civil society,ngo_civil_society,medium,Just Share is a South African nonprofit shareholder-activism organisation.
327,TimberRock Consulting LLC (preparer and practitioner supporting enterprise electricity emissions management and reporting),Data/analytics or software provider related to GHG inventories,consultancy,high,Legal form 'LLC' and 'Consulting' in the name; own verbatim: 'preparer and practitioner supporting enterprise electricity emissions management and reporting'.
328,Corning Incorporated,Company,company,high,Legal form 'Incorporated'.
331,"The submission is on behalf of a group of Fashion Industry Charter for Climate Action (Fashion Charter) signatories comprising adidas, Epic Group, Fast Retailing Co., Ltd, Fenix Outdoor International AG, Gant, Gap Inc., Guess, H&M, INDITEX S.A., Levi Strauss & Co, Primark, Ralph Lauren, and TAL Apparel Ltd. In preparation for this submission, the Fashion Charter issued a call for expressions of interest among signatories to engage in the GHG Protocol Scope 2 public consultation. Thirteen companies responded, and four meetings were convened to discuss the proposed changes.",Other (please specify below),business_coalition,high,Own verbatim: submission on behalf of named brand signatories of the UN-convened Fashion Industry Charter for Climate Action.
333,"John F. Kennedy School of Government, Harvard University",Academia/research,academic_institution,high,Named school of Harvard University; sector 'Education'.
336,"Komar (Charles Komar & Sons, Inc.)",Company,company,high,Legal form 'Inc.'; apparel manufacturer.
338,MFLEX,Company,company,medium,MFLEX (Multi-Fineline Electronix) is a flexible printed-circuit manufacturer; manufacturing sector.
342,AI + Planetary Justice Alliance,Non-profit organization/NGO/civil society,ngo_civil_society,low,Advocacy alliance with no commercial or member-company form evident; the entity is not otherwise identifiable.
344,"Corporación Nacional del Cobre, CODELCO",Company,company,high,Chile's state-owned copper mining corporation ('Corporacion Nacional del Cobre').
346,Eastman Chemical Company,Company,company,high,'Company' in the registered name; listed chemicals manufacturer.
347,Green Software Foundation,Industry group,standards_body,medium,"Foundation whose members develop and publish green-software standards, e.g. the Software Carbon Intensity specification."
348,-,Other (please specify below),individual,high,Organization field is '-'; own write-in: 'I'm replying as individual'.
349,"Members of The Real Estate Roundtable (RER) (www.rer.org) are the Chairs, Presidents, and CEOs of top public and privately-owned real estate entities and trade associations, across every segment of the commercial real estate industry – as well as the Managing Directors of major national and international financial, pension, and lending entities. RER members also include significant local and regional real estate leaders and advisors, along with the elected leaders of 18 national real estate associations. RER members are listed in our 2025 Annual Report. RER collaborated with our partner organization, Nareit (www.reit.com) in preparing these comments. RER members work closely with Washington lawmakers and regulators to produce meaningful results on key national issues that affect the real estate industry. RER is committed to fact-based analysis of issues and sound, asset-related policies that have a positive impact on economic growth, job-creation, and local communities. Collectively, RER members’ companies own, manage and finance 12 billion square feet of office, retail, and industrial space; over 4 million apartment units; and over 5 million hotel rooms. Commercial real estate is a key driver of the US economy. The total value of investable commercial real estate in the US is $28.6 trillion. Commercial real estate’s overall contribution to US GDP is $2.5 trillion. The industry supports 14.1 million US jobs; contributes $600 billion per year to state and local tax bases; and contributes $900 billion to Americans’ retirement and pension funds, educational endowments, and charitable foundations. See RER, Commercial Real Estate By The Numbers 2025. We have refrained from responding to certain questions in the GHGP’s survey because their phrasing presumes a result to mandate strict hourly and geographic connections for clean energy purchases. We believe that such “24/7” matching is neither workable nor practicable as a broadly applicable accounting standard in the US. As explained throughout these responses, we urge GHGP to retain optional 24/7 matching in the next iteration of Scope 2 Guidance. Otherwise, we believe that the proposed requirements will: • Increase compliance costs significantly for companies that use Scope 2 Guidelines for both regulatory and voluntary emissions disclosures; • Diminish private sector interest to pursue bulk renewable energy procurements; • Cause GHGP’s Guidance to lose resonance as a global standard for companies with real estate assets in the US; • Confront resistance due to US market conditions driving sharp demand growth for electricity, amid federal government policies that eliminate subsidies and support for wind and solar development. ; and • Further complicate already time-consuming and difficult processes for reporting emissions data – resulting in less consistent, comparable, and decision-useful information available for investment analysis. The World Resources Institute (WRI) states that “the US clean energy sector faces a critical moment” and “headwinds” are “getting stronger” regarding renewable energy development: “Several challenges persist that are slowing deployment, including lack of sufficient grid capacity and large interconnection queues, permitting and siting challenges, high interest rates, and lingering supply chain issues. These factors have been holding clean power development back at a time when it needs to be surging ahead.” WRI, US Clean Power Development Sees Record Progress, As Well As Stronger Headwinds (Feb. 21, 2025). Moreover, WRI explains “it may become even harder to make progress” given recent policies out of Washington, DC and revisions to prior laws supporting renewable energy. (Id.) We advise that GHGP’s proposed requirement for strict hourly and geographic could inadvertently create further impediments for clean energy investments in the US.",Industry group,trade_association,high,"Own verbatim: a membership body of real-estate CEOs 'and trade associations', including 'the elected leaders of 18 national real estate associations'."
351,"Nareit®, serves as the worldwide representative voice for REITs and real estate companies with an interest in U.S. real estate. Nareit’s members include REITs and other real estate companies worldwide that own, operate, and finance income-producing real estate, as well as firms and individuals who advise, study, and service these businesses. REITs of all types collectively own more than $4.5 trillion in gross assets across the U.S., with public REITs owning $2.5 trillion in assets. U.S. listed REITs have an equity market capitalization of more than $1.4 trillion. REITs provide everyday Americans the opportunity to invest in real estate, and 170 million Americans live in households that benefit from ownership of REITs through stocks, 401(k) plans, pension plans, and other investment funds. The 100 largest U.S. equity REITs (by market capitalization) publicly report on sustainability, and most disclose their approach to managing climate-related risks, providing decision-useful data tied to their real estate portfolio and business operations. In 2024, 98% of the 100 largest publicly traded U.S. REITs by market cap reported on carbon emissions, and 80% reported voluntary procurement of clean energy. Nareit collaborated with our partner organization, the Real Estate Roundtable (www.rer.org), in preparing these comments. We have refrained from responding to certain questions in the GHGP’s survey because their phrasing presumes a result to mandate strict hourly and geographic connections for clean energy purchases. We believe that such “24/7” matching is neither workable nor practicable as a broadly applicable accounting standard in the US. As explained throughout these responses, we urge GHGP to retain optional 24/7 matching in the next iteration of Scope 2 Guidance. Otherwise, we believe that the proposed requirements will: • Increase compliance costs significantly for companies that use Scope 2 Guidelines for both regulatory and voluntary emissions disclosures; • Diminish private sector interest to pursue bulk renewable energy procurements; • Cause GHGP’s Guidance to lose resonance as a global standard for companies with real estate assets in the US; • Confront resistance due to US market conditions driving sharp demand growth for electricity, amid federal government policies that eliminate subsidies and support for wind and solar development. ; and • Further complicate already time-consuming and difficult processes for reporting emissions data – resulting in less consistent, comparable, and decision-useful information available for investment analysis. The World Resources Institute (WRI) states that “the US clean energy sector faces a critical moment” and “headwinds” are “getting stronger” regarding renewable energy development: “Several challenges persist that are slowing deployment, including lack of sufficient grid capacity and large interconnection queues, permitting and siting challenges, high interest rates, and lingering supply chain issues. These factors have been holding clean power development back at a time whn it needs to be surging ahead.” WRI, US Clean Power Development Sees Record Progress, As Well As Stronger Headwinds (Feb. 21, 2025). Moreover, WRI explains “it may become even harder to make progress” given recent policies out of Washington, DC and revisions to prior laws supporting renewable energy. (Id.) We advise that GHGP’s proposed requirement for strict hourly and geographic could inadvertently create further impediments for clean energy investments in the US.",Industry group,trade_association,high,Own verbatim: 'serves as the worldwide representative voice for REITs and real estate companies'; members are REITs and real-estate firms.
353,Fervo Energy,Energy supplier/retailer or utility,company,medium,"Fervo Energy is a US geothermal power developer, i.e. an operating company."
355,Best Buy,Company,company,medium,Listed US retailer.
356,Lenovo,Company,company,medium,Listed electronics manufacturer.
362,TKG Teakwang,Company,company,medium,TKG Taekwang is a Korean manufacturing group; manufacturing sector.
363,Luxshare India Private Limited,Company,company,high,Legal form 'Private Limited'; a Luxshare group manufacturing entity.
365,SLSV CES INSTITUTE,Academia/research,unverifiable,low,Name not identifiable ('SLSV CES INSTITUTE'); the write-in claims 'Research Institute' but no verifiable institution can be matched.
366,BH - Grids,Company,data_vendor,high,Own sector write-in: 'Software company for monitoring emissions'.
369,Japan Foreign Trade Council,Industry group,trade_association,high,Name ('Council'); own sector write-in: 'JFTC represents Japanese trading and investment companies'.
371,Carbon Free Alliance(CFA),Other (please specify below),business_coalition,medium,Own write-in: 'CF Alliance is a public-private consultative body dedicated to globalizing the CFE initiative'.
375,"Avary Holding (Shenzhen) Co., Ltd.",Company,company,high,"Legal form 'Co., Ltd.'; electronics manufacturer."
376,Tetra Pak,Company,company,medium,Tetra Pak is a global packaging manufacturer.
377,Sphera,Consultant supporting organizations with GHG inventories/strategies,data_vendor,medium,Sphera supplies life-cycle-assessment and ESG software and datasets (GaBi) alongside advisory services.
378,"HongHengSheng Electronical Technology (Huaian) Co., Ltd.",Company,company,high,"Legal form 'Co., Ltd.'; electronics manufacturer."
381,Foundation for Climate Friendly Procurement and Business (SKAO),GHG account/reporting program or initiative,standards_body,medium,SKAO manages the CO2 Performance Ladder certification scheme used in Dutch procurement; sector write-in 'NGO'.
384,Fujitsu Limited,Company,company,high,Legal form 'Limited'.
385,"Fortum is a major Nordic energy company. Our purpose is to power a world where people, businesses and nature thrive together. Our power generation has one of the lowest specific CO₂-emissions in Europe and our actions are guided by our ambitious environmental targets. We generate and deliver energy reliably and help industries to decarbonise their processes and grow. Our core operations in the Nordics comprise of efficient, low-carbon power generation from renewable energy sources and nuclear sources, as well as reliable supply of electricity and district heat to private and business customers.. Further information can be found https://www.fortum.com/about-us",Energy supplier/retailer or utility,company,high,Own verbatim: 'Fortum is a major Nordic energy company'.
386,Employee,Industry group,unverifiable,low,Organization field is 'Employee'; no organisation is named or identifiable.
388,"Steel Dynamics, Inc.",Company,company,high,Legal form 'Inc.'; steel manufacturer.
393,IBECCS Ltd,Consultant supporting organizations with GHG inventories/strategies,consultancy,high,Legal form 'Ltd'; self-classified consultant supporting GHG inventories.
397,The NorthBridge Group,Consultant supporting organizations with GHG inventories/strategies,consultancy,medium,The NorthBridge Group is an economic and strategic consulting firm serving the electricity industry.
398,Umicore,Company,company,medium,Umicore is a listed Belgian materials-technology group.
400,Clean Energy Consumers Association-TETDER,Non-profit organization/NGO/civil society,business_coalition,medium,Name ('Consumers Association'); sector write-in: 'Members are from various sectors' - a cross-sector association of energy-consuming companies.
401,Data-Driven EnviroLab,Academia/research,academic_institution,low,University-affiliated research lab; sector 'Education'. No legal form or institutional detail given.
402,Low Impact Hydropower Institute,Non-profit organization/NGO/civil society,standards_body,medium,LIHI is the nonprofit that operates the Low Impact Hydropower Certification programme.
404,"Society for Corporate Governance Founded in 1946, the Society is a professional membership association of nearly 3,700 corporate and assistant secretaries, in-house counsel, outside counsel, and other governance professionals who serve approximately 1,600 entities, including 1,000 public companies of almost every size and industry. The Society seeks to be a positive force for responsible corporate governance through education, collaboration, and advocacy. Our organization has over 75 years of experience empowering professionals to shape and advance corporate governance within their organizations, in part through providing the knowledge and tools they need to advise their boards and executive management on corporate governance, regulatory and legal developments, investor engagement, and environmental, social, and broader sustainability issues. Our members’ have significant practical experience with governance, risk management, and disclosure, both in general, and with respect to climate-related matters specifically. By way of example, we have engaged and continue to engage extensively with CARB on SB 253 and SB 261; with the IFRS Foundation and ISSB on the IFRS S1 and S2 standards and proposed amendments to the SASB standards; with the SEC on its climate disclosure rulemaking, providing a detailed comment letter with seasoned insights and robust quantitative data that was cited more than 100 times in the SEC’s final rule; with the EU Parliament and Council on the EU CSRD and CS3D; and with EFRAG on the ESRS to support disclosure under the CSRD. Therefore, we believe that the Society is well-positioned to provide constructive feedback in response to the current consultation.",Non-profit organization/NGO/civil society,trade_association,high,"Own verbatim: 'a professional membership association of nearly 3,700 corporate and assistant secretaries... who serve approximately 1,600 entities'."
405,"ClimeCo, responding on behalf of Ormat Technologies, Inc.",Consultant supporting organizations with GHG inventories/strategies,consultancy,high,"Own verbatim: ClimeCo, an advisory and environmental-commodity firm, 'responding on behalf of Ormat Technologies, Inc.' (a client)."
408,"Hong Qi Sheng Precision Electronics(Qinhuangdao) Co., Ltd.",Company,company,high,"Legal form 'Co., Ltd.'; electronics manufacturer."
409,Avary Technology (India) Private Limited,Company,company,high,Legal form 'Private Limited'; electronics manufacturer.
411,"RENOVA, Inc.",Energy supplier/retailer or utility,company,high,Legal form 'Inc.'; Japanese renewable-energy developer.
412,"Qing Ding Precision Electronics (Huai'an) Co., Ltd.",Company,company,high,"Legal form 'Co., Ltd.'; electronics manufacturer."
414,Sustainability Team,Industry group,unverifiable,low,Organization field is a department name ('Sustainability Team'); no organisation is identified.
415,"Sustainability Accounting Co., Ltd.",Verification/assurance provider,consultancy,high,"Legal form 'Co., Ltd.'; provides GHG accounting and assurance services."
421,SIDENOR GROUP,Industry group,company,medium,"Sidenor is a Greek steel producer (materials sector), i.e. an operating company rather than an industry body."
422,Triumphant College,Other (please specify below),academic_institution,high,Name identifies a college; own write-in: 'Higher Education Service Provider'; sector 'Education'.
427,"OpenCO2net Oy is a Finnish company founded in 2016. It provides advanced tools and expert services for calculating, monitoring, and reporting greenhouse gas emissions. OpenCO2net Oy has developed the OpenCO2net carbon footprint platform, which is based on the OpenCO2 emission database compiled and maintained by the company’s experts and emission calculators based on the world’s most widely used emission calculation standards. The goal in developing the OpenCO2net platform has been to combine reliability and accessibility.",Data/analytics or software provider related to GHG inventories,data_vendor,high,"Legal form 'Oy'; own verbatim: provides tools 'for calculating, monitoring, and reporting greenhouse gas emissions'."
430,Deepki,Data/analytics or software provider related to GHG inventories,data_vendor,medium,Deepki provides ESG data and analytics software for real-estate portfolios.
431,veer.io,Company,company,low,Self-report retained: brand name with no legal form and no self-description in the dataset.
432,Koninklijke Philips NV,Company,company,high,Legal form 'NV'.
434,Sage Group plc,Data/analytics or software provider related to GHG inventories,data_vendor,low,Legal form 'plc'; listed business-software group whose products include carbon-accounting functionality - self-report retained.
437,QIAGEN GmbH,Company,company,high,Legal form 'GmbH'.
439,Co-founder,Other (please specify below),company,high,Own write-in: 'We are an REC market intermediary that helps corporations address their Scope 2 and 3 footprint in emerging markets'.
440,Hemlock Semiconductor Operations LLC (HSC),Company,company,high,Legal form 'LLC'; semiconductor materials manufacturer.
448,Mt. Stonegate Green Asset Management Ltd.,Consultant supporting organizations with GHG inventories/strategies,consultancy,high,Legal form 'Ltd.'; self-classified consultant supporting GHG inventories.
449,Enosi Australia Ltd.,Data/analytics or software provider related to GHG inventories,data_vendor,medium,Legal form 'Ltd.'; Enosi supplies energy-matching and tracking software; ICT sector.
454,"New Zealand Body for Certificate Issuance Ltd, trading as BraveTrace",Certificate registry/tracking system operator,registry_operator,high,"Legal form 'Ltd'; the name states the function - a certificate issuance body, trading as BraveTrace."
459,"Booost, Inc",Data/analytics or software provider related to GHG inventories,data_vendor,medium,Legal form 'Inc'; booost is a Japanese sustainability and energy data platform; ICT sector.
464,"Corporate Strategy Dept., Osaka Gas Co., LTD.",Company,company,high,Legal form 'LTD'; gas utility.
465,BYD Electronics,Company,company,medium,BYD Electronic is a listed electronics manufacturer.
466,General Insurance Association of Japan,Industry group,trade_association,high,Name: a national general-insurance industry association.
467,ACEA - European Automobile Manufacturers' Association,Industry group,trade_association,high,Name ('Association'): the European automobile manufacturers' association.
469,PEFC International,Non-profit organization/NGO/civil society,standards_body,medium,PEFC is a forest-certification standard-setting and scheme-governance body.
470,Our New Energy,Other (please specify below),consultancy,high,Own write-in: 'an independent PPA advisory firm specialized in advising both Renewable Energy Developers and Corporates within the PPA space'.
473,SuSca Group,Certificate registry/tracking system operator,registry_operator,low,Self-report uncorroborated: no legal form in the name and no self-description in the dataset.
474,Japan Wind Power Association（JWPA）,Industry group,trade_association,high,Name ('Association'); free text: 'We are an industry group related to wind power generation... some of our member companies do have their own inventories'.
478,Ecohz,Energy supplier/retailer or utility,company,medium,Ecohz is a Norwegian supplier of Guarantees of Origin and renewable-energy attribute services.
479,AB SKF,Company,company,high,Legal form 'AB'; bearings manufacturer.
480,UK Sustainability Disclosure Technical Advisory Committee (TAC),Government institution,government,high,Sector write-in: 'Advisory committee to government'; a statutory advisory committee on UK sustainability disclosure standards.
481,BKW Energie AG,Energy supplier/retailer or utility,company,high,Legal form 'AG'; Swiss electricity utility.
482,Singapore Green Building Council,Non-profit organization/NGO/civil society,trade_association,medium,Name ('Council'); an industry council whose members are firms in the building and construction sector.
486,RExChain,Other (please specify below),company,high,Own write-in: 'REC Management Company'.
488,UNADEN LLC,Energy supplier/retailer or utility,company,high,Legal form 'LLC'.
489,"Department of Systems Engineering, Department of Electrical and Computer Engineering, Stevens Institute of Technology",Academia/research,academic_institution,high,Own write-in: 'University'; two named departments of Stevens Institute of Technology.
490,"WL Gore & Associates, Inc",Company,company,high,Legal form 'Inc'; materials manufacturer.
492,ICMM,International agency,trade_association,high,International Council on Mining and Metals; free text: this response 'reflects a consolidated view of our member companies'.
495,BDO,Verification/assurance provider,consultancy,medium,"BDO is an accounting, assurance and advisory network."
498,The Breakthrough Institute,Academia/research,think_tank,high,"The Breakthrough Institute is an environmental-policy think tank, not a degree-granting or academic research institution; sector write-in 'NGO'."
499,Energy sector professional – personal capacity,Company,individual,high,Field states 'Energy sector professional - personal capacity'; no organisation named.
503,GHG Management Institute,Other (please specify below),ngo_civil_society,medium,Own write-in: 'NGO that is involved in research'; a nonprofit that trains GHG accounting practitioners.
505,"Cable Television Laboratories, Inc. (“CableLabs”)",Other (please specify below),trade_association,medium,Legal form 'Inc.'; own write-in: 'a non-profit innovation and R&D lab funded by its cable broadband members' and responding with 'our members' GHG inventories' in mind.
507,"Hydro-Québec Hydro-Québec is a vertically integrated company whose sole shareholder is the Government of Québec. It is one of the world's largest producers of renewable energy. In addition to distributing electricity that is approximately 99% renewable within its territory, it is also very active in marketing environmental attributes (EAs) in neighboring regulated and voluntary markets.",Energy supplier/retailer or utility,company,high,Own verbatim: 'a vertically integrated company whose sole shareholder is the Government of Quebec'.
509,Beverage Industry Environmental Roundtable (BIER),Industry group,trade_association,medium,An industry roundtable of beverage companies; food-and-beverage sector.
510,SmartestEnergy Ltd.,Energy supplier/retailer or utility,company,high,Legal form 'Ltd.'; electricity supplier.
513,Cameco Corporation,Company,company,high,Legal form 'Corporation'; uranium miner.
514,PowerOptions,Non-profit organization/NGO/civil society,business_coalition,low,Free text: responds 'on behalf of the Membership-at-large' - a nonprofit member energy-buying consortium rather than an advocacy NGO.
515,LG Display,Company,company,medium,LG Display is a listed display-panel manufacturer.
516,Iron Mountain Data Centers,Company,company,medium,"Data-centre division of Iron Mountain, a listed company."
517,Evergreen Renewables Inc (Ever.green),Consultant supporting organizations with GHG inventories/strategies,consultancy,low,"Legal form 'Inc'; self-classified consultant, not further corroborated in the dataset."
521,City of Onkaparinga,Government institution,government,high,Australian local council; sector write-in: 'Local government'.
522,United States Chamber of Commerce,Industry group,business_coalition,high,A cross-sector business federation; sector write-in: 'Business Advocacy Group'.
523,Sierra Club,Non-profit organization/NGO/civil society,ngo_civil_society,medium,Sierra Club is a long-established US environmental membership NGO.
524,Amazon Employees for Climate Justice,Non-profit organization/NGO/civil society,ngo_civil_society,low,"An unincorporated advocacy group of employees of a single company, not an independent registered NGO; sector write-in 'nonprofit/advocacy'."
526,BHP,Company,company,medium,BHP is a listed mining company.
527,Baker Hughes,Industry group,company,medium,"Baker Hughes is a listed oilfield-services and energy-technology company, not an industry body."
528,The Japan Gas Association,Industry group,trade_association,high,Name ('Association'): the Japanese gas industry association.
531,South32,Company,company,medium,South32 is a listed mining company.
532,"SCSK Corporation, an Accredited Platform Operator for I-REC",Certificate registry/tracking system operator,registry_operator,medium,Own verbatim: 'an Accredited Platform Operator for I-REC'; legal form 'Corporation'.
533,"Trillium Asset Management, LLC",Financial Institution,financial,high,Legal form 'LLC'; an asset manager; finance sector.
535,Takenaka Corporation,Company,company,high,Legal form 'Corporation'; construction contractor.
540,DIGITAL GRID Corporation,Energy supplier/retailer or utility,company,high,Legal form 'Corporation'; energy trading and services.
541,"NTT, Inc.",Company,company,high,Legal form 'Inc.'; telecommunications operator.
542,Mitsubishi Research Institute,Consultant supporting organizations with GHG inventories/strategies,consultancy,medium,Mitsubishi Research Institute is a Japanese research and management-consulting company.
543,Obayashi Corporation,Company,company,high,Legal form 'Corporation'; construction contractor.
544,The Federation of Electric Power Companies,Industry group,trade_association,high,"Name: the Federation of Electric Power Companies, a national utility industry body."
547,I-TRACK Foundation - International Tracking Standard Foundation (General Response),Certificate registry/tracking system operator,standards_body,high,Name: 'International Tracking Standard Foundation' - the body that publishes the I-TRACK/I-REC Standard.
550,Grundfos Holding A/S,Company,company,high,Legal form 'A/S'; pump manufacturer.
551,The Japanese Institute of Certified Public Accountants,Verification/assurance provider,trade_association,high,"The national professional institute of certified public accountants, a statutory membership body."
553,First Sentier Group,Financial Institution,financial,medium,First Sentier Investors is an asset manager; finance sector.
557,ECO SUSTAINABILITY,Consultant supporting organizations with GHG inventories/strategies,consultancy,low,"Self-report uncorroborated: generic trading name, no legal form or self-description in the dataset."
559,Technische Universität München,Academia/research,academic_institution,high,Name identifies a technical university; sector 'Education'.
560,KPMG IFRG Ltd,Other (please specify below),consultancy,high,Legal form 'Ltd'; own write-in: 'KPMG is a global organisation of member firms affiliated with KPMG International'.
562,Grant Thornton International Ltd (GTIL),Other (please specify below),consultancy,high,Legal form 'Ltd'; own write-in: 'Professional Services firm providing both assurance and advisory services relating to GHG emissions reporting'.
563,KPN B.V.,Company,company,high,Legal form 'B.V.'; telecommunications operator.
566,Carbon+Alt+Delete,GHG account/reporting program or initiative,data_vendor,medium,Carbon+Alt+Delete is a Belgian provider of carbon-accounting software for accountants and advisers.
567,Volkswagen AG,Company,company,high,Legal form 'AG'.
568,Carbon Trust,Consultant supporting organizations with GHG inventories/strategies,consultancy,medium,"The Carbon Trust provides paid advisory, certification and assurance services."
570,VW Kraftwerk GmbH,Energy supplier/retailer or utility,company,high,Legal form 'GmbH'; industrial power plant operator.
573,GX Group,Government institution,government,low,Sector write-in: 'Government'; the name 'GX Group' is not otherwise identifiable in the dataset.
574,Mitsubishi Electric Corp.,Company,company,high,Legal form 'Corp.'; electronics manufacturer.
575,Carbometrix,Consultant supporting organizations with GHG inventories/strategies,consultancy,low,Self-report uncorroborated: no legal form in the name and no self-description in the dataset.
576,Independent Advisor to various climate related organizations. Created the first publicly traded sustainable infrastructure finance platform.,Company,individual,high,Field describes an independent advisor acting in a personal capacity; no organisation named.
577,"Tokyo Gas Co., Ltd.",Energy supplier/retailer or utility,company,high,"Legal form 'Co., Ltd.'; gas utility."
580,parent company,Energy supplier/retailer or utility,unverifiable,low,Organization field is the generic phrase 'parent company'; no organisation is identified.
581,Singapore Telecommunications Pte Ltd,Company,company,high,Legal form 'Pte Ltd'; telecommunications operator.
583,Novo Nordisk,Company,company,medium,Novo Nordisk is a listed pharmaceutical manufacturer.
584,Swire Properties Limited,Company,company,high,Legal form 'Limited'; property developer.
586,Edelweiss Energia S.p.A.,Energy supplier/retailer or utility,company,high,Legal form 'S.p.A.'; electricity supplier.
590,econsense - Forum for Sustainable Development of German Business e. V.,Other (please specify below),business_coalition,high,Legal form 'e. V.' (registered association); own write-in 'Company network'; free text: 'We respond on behalf of our 51 member companies'.
595,American Apparel & Footwear Association (AAFA),Industry group,trade_association,high,Name ('Association'); free text: 'AAFA is a trade association'.
596,ABC,Non-profit organization/NGO/civil society,standards_body,high,Own sector write-in: 'ABC is the NGO maintaining and developping the Bilan Carbone methodology in France and abroad' - i.e. Association Bilan Carbone.
598,PGIM,Financial Institution,financial,medium,PGIM is the asset-management arm of Prudential Financial; finance sector.
600,"Good Environmental Choice (Bra Miljöval), ecolabel of Swedish Society of Nature Conservation",Non-profit organization/NGO/civil society,standards_body,high,Own verbatim and sector write-in: an ecolabel/certification scheme operated by the Swedish Society for Nature Conservation.
602,Umweltbundesamt (German Environment Agency),Government institution,government,high,The German federal environment agency.
603,SEMI,Industry group,trade_association,high,Own sector write-in: 'Global Semiconductor Industry Association'.
605,The 0-Mission - www.the0mission.dk,Other (please specify below),company,high,Own write-in: 'A B2B marketplace for Gurantees of Origins with additionality'.
606,Industrial Energy Consumers of America,Industry group,trade_association,high,Name: an association of industrial energy-consuming companies.
610,Dow,Company,company,medium,Dow is a listed chemicals manufacturer.
611,UC San Diego,Academia/research,academic_institution,high,Name identifies a university campus (UC San Diego).
614,Willmott Dixon,Company,company,medium,Willmott Dixon is a UK construction and property-services company.
615,Icebreaker One,Non-profit organization/NGO/civil society,ngo_civil_society,low,A UK nonprofit working on open-data governance; no membership or commercial form evidenced in the dataset.
616,Europacable,Other (please specify below),trade_association,high,Own write-in: 'Trade association'.
619,"Freelance, currently contracted with GRESB",Data/analytics or software provider related to GHG inventories,individual,high,"Field states 'Freelance, currently contracted with GRESB'; the respondent has no organisation of their own."
624,Nucor,Company,company,medium,Nucor is a listed steel manufacturer.
626,Greenview,Consultant supporting organizations with GHG inventories/strategies,consultancy,low,Self-report uncorroborated: no legal form in the name and no self-description in the dataset.
628,WSP,Consultant supporting organizations with GHG inventories/strategies,consultancy,medium,WSP is a global engineering and professional-services consultancy.
630,Granular Energy,Data/analytics or software provider related to GHG inventories,data_vendor,medium,Granular Energy supplies hourly energy-attribute-certificate matching software to suppliers.
631,"Executive Director, ClimateVoice",Non-profit organization/NGO/civil society,ngo_civil_society,medium,ClimateVoice is a nonprofit advocacy campaign; sector write-in: 'Corporate climate advocacy with a focus on mobilizing employees'.
632,WATTLAB,Consultant supporting organizations with GHG inventories/strategies,consultancy,low,Self-report uncorroborated: no legal form in the name and no self-description in the dataset.
634,"Google, LLC",Company,company,high,Legal form 'LLC'.
635,International Hydropower Association (IHA),Industry group,trade_association,high,Name ('Association'): the international hydropower industry association.
637,Regulatory Assistance Project,Non-profit organization/NGO/civil society,think_tank,medium,The Regulatory Assistance Project is a nonprofit policy-research and advisory organisation working with regulators.
638,BraveTrace,Certificate registry/tracking system operator,registry_operator,medium,"Trading name of New Zealand Body for Certificate Issuance Ltd (respondent 454), an energy-attribute-certificate issuing body."
640,Association Forum for the Environment and Sustainability of the Electricity Sector (FMASE),Consultant supporting organizations with GHG inventories/strategies,trade_association,high,Name ('Association'); free text: 'We are a forum of associations representing the various segments of the Brazilian electricity sector'.
641,Johns Hopkins University,Academia/research,academic_institution,high,Name identifies a university; sector 'Education'.
642,"Clean Kilowatts, LLC",Academia/research,consultancy,high,"Legal form 'LLC'; professional/scientific/technical sector - a commercial practice, not an academic institution."
644,Renewabl Ltd,Other (please specify below),data_vendor,high,"Legal form 'Ltd'; own write-in: 'an expert led platform enabling monitoring and procurement of renewable energy, built on an hourly architecture'."
645,Mars,Company,company,medium,Mars is a consumer-goods manufacturer.
646,Rivian Automotive,Company,company,medium,Rivian Automotive is a listed vehicle manufacturer.
647,None,Other (please specify below),individual,high,Organization field is 'None' and the write-in repeats 'None'; filed as an individual.
648,Green Web Foundation,Non-profit organization/NGO/civil society,ngo_civil_society,medium,A nonprofit foundation researching and advocating a fossil-free internet.
651,Workday,Company,company,medium,Workday is a listed enterprise-software company.
654,Australian Energy Council,Industry group,trade_association,high,Name ('Council'): an industry body of electricity and gas businesses.
658,RECS Energy Certificate Association,Industry group,trade_association,high,Name ('Association'); free text: 'RECS is a business association with global membership and insight across multiple markets'.
661,Town of Gawler,Government institution,government,high,Australian local council.
663,Exelon,Energy supplier/retailer or utility,company,medium,Exelon is a listed US electric utility holding company.
665,Australasian Campuses Towards Sustainability (ACTS),Other (please specify below),trade_association,medium,"Own write-in: 'an independent, not-for-profit member-led organization that supports tertiary education institutions'; free text repeatedly cites 'our member organisations'."
666,Spark New Zealand,Company,company,medium,Spark New Zealand is a listed telecommunications operator.
667,KDDI CORPORATION,Company,company,high,Legal form 'CORPORATION'; telecommunications operator.
670,The Real Estate Companies Association of Japan,Industry group,trade_association,high,Name ('Association'): the Japanese real-estate companies association.
674,THE SCHEDULED AIRLINES ASSOCIATION OF JAPAN,Industry group,trade_association,high,Name ('ASSOCIATION'): the Japanese scheduled airlines association.
675,Chartered Accountants Australia and New Zealand,Other (please specify below),trade_association,high,"Own write-in: 'represents more than 140,000 financial professionals'; sector write-in: 'Industry member body representing accountants'."
677,"Princeton University, Zero-carbon Energy Research and Optimization Laboratory (ZERO Lab)",Academia/research,academic_institution,high,Named research laboratory of Princeton University; sector 'Education'.
680,"Tokyo Electric Power Company Holdings, Inc.",Energy supplier/retailer or utility,company,high,Legal form 'Inc.'; electric utility holding company.
685,一般社団法人バイオマス発電事業者協会 / Biomass Power Association,Industry group,trade_association,high,"Name ('Biomass Power Association', a Japanese general incorporated association) - an industry body of biomass generators."
686,SJ Group,Company,consultancy,medium,"SJ Group (Surbana Jurong) is an engineering and design consultancy group; free text cites 'our member brands', including Robert Bird Group."
687,A Better City,Other (please specify below),business_coalition,high,Own write-in: 'Both a business organization and a non-profit'; sector write-in: 'business community'.
688,Enocor,Consultant supporting organizations with GHG inventories/strategies,consultancy,low,Self-report uncorroborated: no legal form in the name and no self-description in the dataset.
690,CSR Division,Company,unverifiable,low,Organization field is a department name ('CSR Division'); no organisation is identified.
691,Six Capitals Consulting,Consultant supporting organizations with GHG inventories/strategies,consultancy,high,'Consulting' in the name; self-classified consultant supporting GHG inventories.
697,"Macnica, Inc.",Company,company,high,Legal form 'Inc.'; sector write-in: 'Wholesale trading company of semiconductor and network products'.
701,Buildings Alive Pty Limited,Data/analytics or software provider related to GHG inventories,data_vendor,medium,Legal form 'Pty Limited'; Buildings Alive provides building energy and emissions analytics; ICT sector.
702,Samsung Display,Company,company,medium,Samsung Display is a display-panel manufacturer.
707,"Building Energy Research Center, Tsinghua University",Academia/research,academic_institution,high,Named research centre of Tsinghua University.
708,"Ingka Group, IKEA",Other (please specify below),company,high,Own write-in 'Retailer'; free text: 'we are a globally operating company'.
709,au Energy Holdings Corporation,Energy supplier/retailer or utility,company,high,Legal form 'Corporation'; energy holding company.
710,dsm-firmenich,Company,company,medium,dsm-firmenich is a listed chemicals and ingredients manufacturer.
714,Keidanren,Industry group,business_coalition,medium,Keidanren (Japan Business Federation) is a cross-sector federation of Japanese companies and industry associations.
715,The Danish Business Authority,Government institution,government,high,Sector write-in: 'We are a government institution'.
723,Biogas Danmark/Danish Biogas Association,Industry group,trade_association,high,Name ('Association'): the Danish biogas industry association.
726,critical infrastructure lab University of Amsterdam,Academia/research,academic_institution,high,Named research lab at the University of Amsterdam; sector 'Education'.
730,Electricity Generating Authority of Thailand (EGAT),Electric Grid Operator,company,medium,"EGAT is Thailand's state-owned electricity generation and transmission enterprise, i.e. an operating utility."
733,WindEurope,Industry group,trade_association,high,Free text: 'industry association'; the European wind-industry body.
734,Long Duration Energy Storage (LDES) Council,Industry group,trade_association,high,Name ('Council'); sector write-in 'Energy Storage' - an industry council of storage companies.
735,Genesis Energy Limited,Company,company,high,Legal form 'Limited'; electricity generator and retailer.
737,Axia Energia,Energy supplier/retailer or utility,company,low,Self-report retained: Brazilian energy-sector trading name with no legal form or self-description in the dataset.
738,Union of the Electricity Industry - Eurelectric aisbl,Industry group,trade_association,high,Legal form 'aisbl' (Belgian non-profit association); name: 'Union of the Electricity Industry'.
742,Crowe UK LLP,Company,consultancy,high,Legal form 'LLP'; Crowe is an accounting and advisory firm.
743,European Biogas Association,Industry group,trade_association,high,Name ('Association'): the European biogas industry association.
744,Association ECS Switzerland (Verein ECS Schweiz),Industry group,trade_association,high,Name ('Association' / 'Verein'): a Swiss sector association.
746,Ferrero International SA,Company,company,high,Legal form 'SA'; food manufacturer.
750,Melitta Group Management & Co. KG,Company,company,high,Legal form 'KG'; consumer-goods manufacturer.
754,Just Climate / Generation Investment Management,Other (please specify below),financial,high,Own write-in: 'Sustainability/ impact focused investor'; Just Climate is Generation Investment Management's climate investment business.
757,Bellona Europa,Non-profit organization/NGO/civil society,ngo_civil_society,medium,"Bellona Europa is the EU office of the Bellona Foundation, an environmental NGO."
764,Asia Investor Group on Climate Change (AIGCC),Non-profit organization/NGO/civil society,business_coalition,medium,An investor membership network for asset owners and managers in Asia; finance sector.
768,We Mean Business Coalition,Non-profit organization/NGO/civil society,business_coalition,high,Name: a coalition of businesses and business organisations.
769,Yara International ASA,Company,company,high,Legal form 'ASA'; fertiliser manufacturer.
772,Sonnedix UK Services Ltd,Energy supplier/retailer or utility,company,high,Legal form 'Ltd'; solar generation company.
775,"The Supply Chain Sustainability School is a collaborative project run by Action Sustainability Ltd, that provides learning, training, engagement and development on sustainability issues across the UK's built environment and construction sector. Running since 2012, it has 230+ Partner organisations who collaborate on various ESG issues. Seven of the key Tier 1 contractors and housebuilders have come together to respond to the GHG-P's consultation on S2. These 7 Partner organisations, listed above, account for more than £27bn of annual turnover in the UK's construction and housebuilding sector.",Consultant supporting organizations with GHG inventories/strategies,business_coalition,medium,Own verbatim: a partner-funded collaborative project with '230+ Partner organisations'; seven Tier 1 contractors co-signed this response.
776,SAP SE,Company,company,high,Legal form 'SE'; enterprise-software company.
777,ABEEólica - Brazilian Association of Wind Energy and New Technologies,Non-profit organization/NGO/civil society,trade_association,high,Name ('Association'): the Brazilian wind-energy industry association.
778,Climate Group,Non-profit organization/NGO/civil society,ngo_civil_society,medium,Climate Group is an international nonprofit that convenes corporate initiatives such as RE100.
782,Ørsted A/S,Company,company,high,Legal form 'A/S'; energy company.
784,SGS SA,Company,company,high,"Legal form 'SA'; testing, inspection and certification company."
787,"Environment Management Dept., Strategy & Planning Office, Group Environment Division, Hitachi, Ltd.",Company,company,high,Legal form 'Ltd.'; the field names an environment department within Hitachi.
789,Mineral Products Association (MPA),Industry group,trade_association,high,Name ('Association'); free text: 'We are a trade body representing the mineral products industry in the UK'.
791,EDF,Energy supplier/retailer or utility,company,medium,"Electricite de France, a state-owned utility group."
794,Energinet Systemansvar A/S,Certificate registry/tracking system operator,registry_operator,medium,Legal form 'A/S'; the Danish system operator that issues Guarantees of Origin and runs the national certificate registry.
800,"Samorka is the association of energy and utility companies in Iceland,. Those include all producers of domestic energy which is 100% renewable in Iceland, from hydro, geothermal and wind. Also water services and district heating networks, plus the operator of the national GRID (Transmission System Operator TSO ) and Distribution System Operators (DSO's) across the country.",Industry group,trade_association,high,Own verbatim: 'Samorka is the association of energy and utility companies in Iceland'.
806,Ahold Delhaize,Company,company,medium,Ahold Delhaize is a listed food retailer.
807,Resources for the Future -- note that these comments are my personal views. RFF does not take positions on specific policy proposals,Academia/research,think_tank,high,"Resources for the Future is a nonprofit economics research institute, not a degree-granting institution; own note: 'RFF does not take positions on specific policy proposals'."
808,Forvis Mazars Group,Company,consultancy,medium,"Forvis Mazars is an audit, tax and advisory network."
809,Smart Freight Centre,Non-profit organization/NGO/civil society,standards_body,medium,A nonprofit that develops and maintains the GLEC Framework for logistics emissions accounting.
811,"Wates Group - We are one of the UK’s leading family-owned development, building and property maintenance companies.",Company,company,high,"Own verbatim: 'one of the UK's leading family-owned development, building and property maintenance companies'."
814,Incendium Consulting,Consultant supporting organizations with GHG inventories/strategies,consultancy,high,'Consulting' in the name; self-classified consultant supporting GHG inventories.
815,"Johnson Controls, Inc.",Company,company,high,Legal form 'Inc.'; building-systems manufacturer.
816,Axpo Group,Energy supplier/retailer or utility,company,medium,Axpo is a Swiss energy company.
818,L'Afep (the Association of large French companies),Other (please specify below),business_coalition,high,Own verbatim: 'the Association of large French companies'; own write-in: 'Business association'.
821,Second Nature,Non-profit organization/NGO/civil society,ngo_civil_society,high,Own write-in: 'We submit this response as a nonprofit in cooperation with institutions of higher education'.
822,Mining Association of Canada,Non-profit organization/NGO/civil society,trade_association,high,Name ('Association'): the national mining industry association.
823,Winrock International,Consultant supporting organizations with GHG inventories/strategies,ngo_civil_society,medium,Winrock International is a US nonprofit development organisation rather than a commercial consultancy.
826,MAN Truck & Bus SE,Company,company,high,Legal form 'SE'; vehicle manufacturer.
828,EFRAG,GHG account/reporting program or initiative,standards_body,medium,EFRAG develops and advises on the EU sustainability reporting standards.
829,Pandora A/S,Company,company,high,Legal form 'A/S'; jewellery manufacturer and retailer.
830,WBCSD,Non-profit organization/NGO/civil society,business_coalition,high,World Business Council for Sustainable Development: a CEO-led membership organisation of companies.
831,"Landsvirkjun welcomes the opportunity to comment on the proposed revisions to the GHG Protocol Scope 2 Guidance. Landsvirkjun is Iceland’s national power company and a leading producer of renewable electricity from hydropower and geothermal resources, with extensive experience in Guarantees of Origin, corporate power procurement, and climate reporting frameworks. Iceland participates in the European Economic Area (EEA), which extends the EU internal market to the EEA EFTA States, Iceland, Norway, and Liechtenstein. Through the EEA Agreement, EU internal market rules, including energy and climate legislation, apply across the EEA on an equal footing. Electricity and energy attribute instruments such as Guarantees of Origin are therefore traded within a single EEA internal market, based on the four freedoms, in particular the free movement of goods and services. These comments are also informed by the European Commission’s ongoing Omnibus agenda on regulatory simplification, including recent amendments under RED III, which seek to reduce administrative burden, avoid overlapping requirements, and preserve investment certainty in renewable energy markets objectives that should be reflected in the revision of Scope 2 accounting rules.",Energy supplier/retailer or utility,company,high,Own verbatim: 'Landsvirkjun is Iceland's national power company and a leading producer of renewable electricity'.
834,Carbone 4,Consultant supporting organizations with GHG inventories/strategies,consultancy,medium,Carbone 4 is a French carbon-strategy consultancy.
835,Vattenfall AB,Energy supplier/retailer or utility,company,high,Legal form 'AB'; free text: 'We are a Northern European energy company'.
837,EDF Group,Company,company,medium,EDF Group is a state-owned utility group.
839,ACT Group,Financial Institution,company,medium,"ACT Group is an environmental-commodity trading firm, not a bank or asset manager."
842,consulting,Consultant supporting organizations with GHG inventories/strategies,unverifiable,low,Organization field is the generic word 'consulting'; no organisation is identified.
844,ON Power,Energy supplier/retailer or utility,company,medium,ON Power (Orka natturunnar) is an Icelandic geothermal power company.
846,Caely Renewables,Other (please specify below),company,high,Own write-in: 'Environmental Commodity Trading'.
847,California Broadband & Video Association,Other (please specify below),trade_association,high,Name ('Association'); own write-in: 'CalBroadband represents the leading providers of broadband... submitting our responses with our members' GHG inventories... in mind'.
850,Bouygues Telecom,Company,company,medium,Bouygues Telecom is a French telecommunications operator.
851,CVC DIF,Company,financial,medium,CVC DIF is an infrastructure fund manager; finance sector.
854,University of Edinburgh,Academia/research,academic_institution,high,Name identifies a university; sector 'Education'.
862,nLighten,Other (please specify below),company,high,Own write-in: 'Data center company'.
863,B4NZ (Bankers for Net Zero),Non-profit organization/NGO/civil society,business_coalition,medium,Bankers for Net Zero is a bank-convening membership initiative; sector write-in 'Policy and Research'.
864,ecoinvent Association,Data/analytics or software provider related to GHG inventories,data_vendor,medium,"Constituted as a Swiss non-profit association, but its function is publishing and licensing the ecoinvent life-cycle inventory database."
870,Waste Management Inc (WM),Company,company,high,Legal form 'Inc'; waste-management company.
872,STX Group,Consultant supporting organizations with GHG inventories/strategies,company,medium,STX Group is an environmental-commodity trading and hedging firm rather than an advisory practice.
873,ASPAPEL,Non-profit organization/NGO/civil society,trade_association,medium,ASPAPEL is the Spanish pulp and paper manufacturers' association; manufacturing sector.
874,Boston University,Academia/research,academic_institution,high,Name identifies a university; sector 'Education'.
875,SE Advisory Services,Consultant supporting organizations with GHG inventories/strategies,consultancy,high,'Advisory Services' in the name; self-classified consultant supporting GHG inventories.
880,AT&T,Company,company,medium,AT&T is a listed telecommunications operator.
881,Business Renewables Centre - Canada,Non-profit organization/NGO/civil society,business_coalition,low,A buyer-side market-development centre for corporate renewable-energy procurement; sector write-in: 'We are a charity and do not have a GCIS code'.
883,Ceres,Non-profit organization/NGO/civil society,ngo_civil_society,medium,Ceres is a US nonprofit; sector write-in: 'Ceres works with institutional investors and companies'.
885,"Senior Carbon Consultant, ENGIE Impact - views are my own",Consultant supporting organizations with GHG inventories/strategies,individual,high,Field states a job title at ENGIE Impact plus 'views are my own' - a personal-capacity response.
886,Global Cement and Concrete Association,Industry group,trade_association,high,Name ('Association'); free text: 'We are a trade association body'.
887,"Brooks Sports, Inc.",Company,company,high,Legal form 'Inc.'; footwear manufacturer.
888,Good Business,Consultant supporting organizations with GHG inventories/strategies,consultancy,low,Self-report uncorroborated: no legal form in the name and no self-description in the dataset.
889,Technical University Berlin (TU Berlin),Academia/research,academic_institution,high,Name identifies a technical university; sector 'Education'.
890,Advisory Board on Professional Services Sustainability (ABPSS) at Boston College Center for Corporate Citizenship,Other (please specify below),trade_association,medium,Own write-in: 'We are acedmic but representing the professional service industry group' - an industry advisory board hosted by a university centre.
892,UrbanChain,Data/analytics or software provider related to GHG inventories,company,medium,"UrbanChain operates a peer-to-peer energy exchange; free text: 'We, UrbanChain, operating within the GB market'."
894,"PricewaterhouseCoopers International Limited The PwC network consists of firms which are separate legal entities. The firms that make up the network are committed to working together to provide quality service offerings for clients throughout the world. Firms in the PwC network are members in, or have other connections to, PricewaterhouseCoopers International Limited (PwCIL), an English private company limited by guarantee. PwCIL does not practise accountancy or provide services to clients. Rather, its purpose is to facilitate coordination between member firms in the PwC network. A member firm cannot act as agent of PwCIL or any other member firm, cannot obligate PwCIL or any other member firm, and is liable only for its own acts or omissions and not those of PwCIL or any other member firm. Similarly, PwCIL cannot act as an agent of any member firm, cannot obligate any member firm, and is liable only for its own acts or omissions.",Verification/assurance provider,consultancy,high,Own verbatim: 'an English private company limited by guarantee' coordinating the PwC network of assurance and advisory firms.
895,Company,Company,unverifiable,low,"Organization field is the generic word 'Company'; free text refers to 'our members', which is inconsistent with a single company."
898,daa,Company,company,medium,daa plc is the Irish airport operator.
899,Hewlett Packard Enterprise,Company,company,medium,Hewlett Packard Enterprise is a listed IT company.
904,Business Council for Sustainable Energy,Industry group,trade_association,high,Name ('Council'): a US trade association of energy companies.
905,"Miller/Howard Investments, Inc.",Other (please specify below),financial,high,Legal form 'Inc.'; own write-in: 'Investment Manager'.
906,"Ipieca. Ipieca is the global oil and gas association for advancing environmental and social performance across the energy transition. We have been championing good practice for over 50 years. Ipieca brings together members and stakeholders to lead in integrating sustainability by advancing climate action, environmental responsibility and social performance across oil, gas and renewables activities. Ipieca has developed a number of industry guidance with respect to sustainability reporting, including the 2025 'Sustainability reporting guidance for the oil and gas industry', the 2011 'Petroleum industry guidelines for reporting greenhouse gas emissions' and the 2016 'Estimating petroleum industry value chain (Scope 3) greenhouse gas emissions. Overview of methodologies'. This response was developed by Ipieca’s GHG Emissions Accounting & Reporting Task force consisting of 32 Ipieca member companies. The response represents a consolidation of input and views from different members, rather than the specific views of any individual member. This means that where, for example, questions ask for a rating to be given on a scale of 1-5 the number provided in Ipieca’s response is intended as a representative ‘average’ of different members’ views.",Industry group,trade_association,high,Own verbatim: 'the global oil and gas association'; this response was developed by a task force of '32 Ipieca member companies'.
907,"The Clean Energy Buyers Association (CEBA) is a business trade association that activates energy buyers and partners to advance low-cost, reliable, carbon-emissions free global electricity systems. CEBA’s members comprise one-fifth of the Fortune 500, represent more than $38 trillion in market capitalization, and include buyers of every type and size. As of November 2025, corporate energy buyers have procured over 127 GW of large-scale, clean energy in the US since 2014. This represents ~40% of the clean energy capacity added to the grid in the US in that period. CEBA’s responses to this survey represent its views as a business trade association on behalf of its membership. However, CEBA does not maintain that its view is endorsed by all CEBA members.",Other (please specify below),business_coalition,high,Own verbatim: 'a business trade association' whose members are corporate energy buyers across sectors ('one-fifth of the Fortune 500').
911,American Honda Motor Co. Inc.,Company,company,high,Legal form 'Co. Inc.'; vehicle manufacturer/distributor.
912,Normative AB,Consultant supporting organizations with GHG inventories/strategies,data_vendor,high,Legal form 'AB'; Normative provides carbon-accounting software; sector 'Information and communication technology'.
916,American Biogas Council,Non-profit organization/NGO/civil society,trade_association,high,Name ('Council'); sector write-in 'Biogas' - an industry council of biogas companies.
918,Freeport McMoRan Inc.,Company,company,high,Legal form 'Inc.'; mining company.
923,City of Boston,Government institution,government,high,Municipal government; sector write-in: 'Municipality'.
924,ABRACE Energia,Non-profit organization/NGO/civil society,trade_association,high,"Sector write-in: 'My organization is an association representing large industrial [energy consumers]'; free text: 'the association itself does not report emissions, only its member companies do'."
926,Environmental Markets Association,Industry group,trade_association,high,Name ('Association'): an industry body for participants in environmental-commodity markets.
927,S&P Global Energy Horizons,Other (please specify below),data_vendor,medium,"A business line of S&P Global, a listed financial-information and analytics company."
928,N/A,Other (please specify below),think_tank,high,Own write-in: 'Non-profit for scientific research'; the sector write-in identifies EPRI (Electric Power Research Institute) and its GHG accounting research.
929,Weyerhaeuser,Company,company,medium,Weyerhaeuser is a listed forest-products company.
930,Anew Climate,Company,company,high,Own sector write-in: 'Developer and retailer of environmental commodities'.
932,Natural Resources Defense Council,Non-profit organization/NGO/civil society,ngo_civil_society,high,A US environmental advocacy nonprofit; sector write-in: 'Civil Society Organization'.
934,Acciona Energy USA Global LLC,Company,company,high,Legal form 'LLC'; renewable generation company.
935,Engie Impact,Consultant supporting organizations with GHG inventories/strategies,consultancy,medium,Engie Impact is ENGIE's sustainability consulting business.
936,As You Sow,Non-profit organization/NGO/civil society,ngo_civil_society,high,Free text: 'We are a small nonprofit'; a shareholder-advocacy organisation.
942,Ford Motor Company,Company,company,high,'Company' in the registered name; vehicle manufacturer.
943,ExxonMobil,Company,company,medium,ExxonMobil is a listed oil and gas company.
950,City of Cambridge (MA),Government institution,government,high,Municipal government; sector write-in: 'Municipal Government'.
953,Boston Green Ribbon Commission,Non-profit organization/NGO/civil society,business_coalition,high,Sector write-in: 'The Green Ribbon Commission is a CEO network supporting the implementation of the City of Boston's Climate Action Plan'.
955,Rio Tinto,Company,company,medium,Rio Tinto is a listed mining group.
956,California Retailers Association,Industry group,trade_association,high,Name ('Association'): a state retail industry association.
959,ACORE,Non-profit organization/NGO/civil society,trade_association,medium,American Council on Renewable Energy: a member organisation of renewable-energy companies and investors.
961,Interfaith Center on Corporate Responsibility,Non-profit organization/NGO/civil society,business_coalition,low,Sector write-in: 'nonprofit investment association'; a membership coalition of institutional (largely faith-based) investors that files shareholder resolutions.
965,Uptime Institute,Other (please specify below),consultancy,high,"Own write-in: 'Consulting company support data center operators on reliability, resiliency, Maintenance and Operations, Sustainability'."
967,EFI Foundation,Non-profit organization/NGO/civil society,think_tank,medium,The EFI Foundation (Energy Futures Initiative) is a nonprofit energy-policy research organisation.
971,German CEO Alliance on Climate and Economy (Stiftung KlimaWirtschaft),Non-profit organization/NGO/civil society,business_coalition,high,"Name: an alliance of company CEOs; the sector write-in lists member industries (steel, chemicals, financial institutions, retail...)."
972,Green Strategies,Consultant supporting organizations with GHG inventories/strategies,consultancy,low,Self-report uncorroborated: no legal form in the name and no self-description in the dataset.
977,EnergyTag Ltd,Non-profit organization/NGO/civil society,standards_body,high,Legal form 'Ltd' (UK private company); EnergyTag publishes the granular/hourly certificate standard at issue in this consultation.
978,Trio,Consultant supporting organizations with GHG inventories/strategies,consultancy,medium,Trio (formerly Edison Energy) is a US energy and sustainability advisory firm.
981,"Kanin Energy, Inc.",Company,company,high,Legal form 'Inc.'; energy project developer.
982,Constellation Energy,Energy supplier/retailer or utility,company,medium,Constellation Energy is a listed US power generator and retailer.
983,TenneT,Electric Grid Operator,company,medium,"TenneT is the Dutch/German transmission system operator, a state-owned company."
984,"Cleartrace Technologies, Inc.",Data/analytics or software provider related to GHG inventories,data_vendor,high,Legal form 'Inc.'; Cleartrace supplies hourly energy and emissions tracking software.
989,WattTime,Non-profit organization/NGO/civil society,data_vendor,medium,A nonprofit that supplies marginal-emissions data products (AER/MOER data feeds) used in Scope 2 analytics.
992,Union of Concerned Scientists,Non-profit organization/NGO/civil society,ngo_civil_society,high,A US science-advocacy nonprofit; sector write-in: 'Science advocacy'.
995,"Edison Electric Institute (EEI) represents all U.S. investor-owned electric companies in the United States, which serve more than 250 million customers in 50 states and the District of Columbia. EEI member companies work every day to provide reliable energy to their customers at the lowest cost possible. EEI members also form the backbone of our nation’s electric power industry, which is essential to advancing our economic and national security priorities, including achieving global dominance in AI and advanced computing technologies. Across our nation, investor-owned electric companies are building critically needed new generation, as well as the transmission and distribution infrastructure required to deliver the resulting energy to customers. EEI member companies invested over $200 billion in 2025, with plans for $1.1 trillion in grid investments during the next five years, to make the energy grid smarter, stronger, more efficient, and more secure for our customers.",Industry group,trade_association,high,Own verbatim: 'Edison Electric Institute (EEI) represents all U.S. investor-owned electric companies'.
998,Clean Air Task Force,Non-profit organization/NGO/civil society,ngo_civil_society,medium,An environmental advocacy nonprofit (Clean Air Task Force).
1000,Carbon Solutions Group,Company,company,medium,Carbon Solutions Group is an environmental-commodity origination and trading firm.
1001,"Finnish Energy (Finnish Energy is a branch organisation for the industrial and labor market policy of the energy sector. It represents companies that produce, acquire, transmit and sell electricity, gas, district heat and district cooling and offer related services.)",Other (please specify below),trade_association,high,Own verbatim: 'a branch organisation for the industrial and labor market policy of the energy sector... It represents companies'; write-in 'Business association'.
1003,World Resources Institute (WRI) Indonesia,Non-profit organization/NGO/civil society,think_tank,high,Own sector write-in: 'Research and Think Tank'.
1004,Arcadis,Consultant supporting organizations with GHG inventories/strategies,consultancy,medium,Arcadis is a global design and engineering consultancy; free text: 'We are a global company'.
1006,Deloitte LLP,Verification/assurance provider,consultancy,high,Legal form 'LLP'; Deloitte is an audit and advisory firm.
1007,Employee,Consultant supporting organizations with GHG inventories/strategies,unverifiable,low,Organization field is 'Employee'; no organisation is named or identifiable.
1008,Hydro Tasmania,Energy supplier/retailer or utility,company,medium,Hydro Tasmania is a state-owned electricity generator.
1009,Lodestone Energy,Energy supplier/retailer or utility,company,medium,Lodestone Energy is a New Zealand solar developer and generator.
1012,Institute of Singapore Chartered Accountants,Industry group,trade_association,high,"A national professional institute of chartered accountants, i.e. a membership body."
1018,Nuclear Innovation Alliance,Non-profit organization/NGO/civil society,think_tank,medium,A US nonprofit research-and-advocacy organisation for advanced nuclear technology.
1019,Center for Climate and Energy Solutions (C2ES),Non-profit organization/NGO/civil society,think_tank,medium,The Center for Climate and Energy Solutions is a US climate-policy research institute.
1022,Our Energy Limited,Data/analytics or software provider related to GHG inventories,data_vendor,low,"Legal form 'Limited'; self-classified data/software provider, uncorroborated elsewhere in the dataset."
1023,Firm Clean Power Corporation,Company,company,high,Legal form 'Corporation'; power project developer.
1024,Pure Storage,Company,company,medium,Pure Storage is a listed data-storage company.
1025,"Maria del Carmen Riccio-Kjærgaard is the CEO and one of the owners of Risskov Teknik og Solar. Risskov Teknik og Solar is a Danish company, operating in the solar business (from consultancy to service including AI-solutions for solar) for nearly 15 years.",Company,company,high,"Own verbatim: 'Risskov Teknik og Solar is a Danish company, operating in the solar business'."
1026,REsurety,Data/analytics or software provider related to GHG inventories,data_vendor,medium,REsurety provides clean-energy market and emissions analytics.
1027,"Centre for Social and Economic Progress, New Delhi",Non-profit organization/NGO/civil society,think_tank,medium,The Centre for Social and Economic Progress is a New Delhi public-policy research institute.
1028,NewClimate Institute,Other (please specify below),think_tank,high,Own write-in: 'Not-for-profit research institute and think tank'.
1030,University of Mannheim and Stanford University,Academia/research,academic_institution,high,Two named universities; sector 'Education'.
1031,"McGuinness Institute, Wellington, New Zealand",Non-profit organization/NGO/civil society,think_tank,medium,The McGuinness Institute is a New Zealand public-policy research institute.
1034,Energy Unlocked,Non-profit organization/NGO/civil society,ngo_civil_society,low,A UK nonprofit working on electricity flexibility; no membership or commercial form evidenced in the dataset.
1038,Green Gas Certification Scheme (GGCS),Certificate registry/tracking system operator,registry_operator,high,Name: a certification scheme operating a green-gas certificate registry; free text: 'issues the GGCS has in fact actioned since the outset of the scheme (2012)'.
1039,"Self employed (freelance) consultant, my views here are my own. I am affiliated with Chartered Accountants Australia and New Zealand, but these are not their views. I work with Presync, ESG Strategy, FootprintLab amongst other organisations.",Consultant supporting organizations with GHG inventories/strategies,individual,high,"Own verbatim: 'Self employed (freelance) consultant, my views here are my own'."
1041,ABB,Company,company,medium,ABB is a listed electrical-equipment manufacturer.
1042,Enery Development GmbH,Company,company,high,Legal form 'GmbH'; renewable energy developer.
1043,None. Submitting as individual climate activist with interest and expertise in electricity sector.,Other (please specify below),individual,high,Own verbatim and write-in: 'Submitting as individual climate activist with interest and expertise in electricity sector'.
1046,Momentum,Consultant supporting organizations with GHG inventories/strategies,consultancy,low,Self-report uncorroborated: no legal form in the name and no self-description in the dataset.
1049,NRG Energy,Energy supplier/retailer or utility,company,medium,NRG Energy is a listed US power generator and retailer.
1050,Environmental Coalition on Standards (ECOS),Non-profit organization/NGO/civil society,ngo_civil_society,medium,ECOS is a network of environmental NGOs participating in standardisation work.
1054,"The American Clean Power Association (ACP) is the national trade association that represents the companies building, owning, financing, and operating America’s clean power infrastructure. It serves as the primary policy and advocacy voice for utility-scale wind, solar, offshore wind, energy storage, and transmission, engaging with Congress, federal agencies, and state governments on issues ranging from tax policy and permitting to grid reliability and market design. ACP also produces industry data and analysis, convenes stakeholders across the clean energy supply chain, and works to advance best practices that support affordable, reliable, and clean electricity for U.S. consumers.",Industry group,trade_association,high,"Own verbatim: 'the national trade association that represents the companies building, owning, financing, and operating America's clean power infrastructure'."
1055,Technical University of Denmark,Academia/research,academic_institution,high,Name identifies a technical university; sector 'Education'.
1056,National Hydropower Association in support of the Low Impact Hydropower Institute,Industry group,trade_association,high,Name ('Association'); free text: 'Trade association'.
1057,Retail Industry Leaders Association (RILA),Industry group,trade_association,high,Name ('Association'); free text: 'Trade Association'.
1058,Brazilian Association of Energy Self-Producers and Investors (ABIAPE),Consultant supporting organizations with GHG inventories/strategies,trade_association,high,"Name ('Association'): a body of energy self-producers and investors, not a consulting firm."
1059,DLA Piper,Other (please specify below),consultancy,high,Own write-in: 'Law firm'.
1060,2degNRG BV,Company,consultancy,high,Legal form 'BV'; own sector write-in: 'Advisory services'.
1062,American Petroleum Institute,Industry group,trade_association,high,The national oil and gas industry association.
1066,none,Other (please specify below),individual,high,Own write-in: 'interested individual with 20+ years experience of GHG accounting'.
1068,American Public Power Association,Industry group,trade_association,high,Name ('Association'): the US public power industry association.
1071,World Wildlife Fund US,Non-profit organization/NGO/civil society,ngo_civil_society,high,An international conservation nonprofit; sector write-in: 'Non-profit'.
1072,"*Co-founders, E-ledgers Institute; *Karthik Ramanna – University of Oxford Blavatnik School of Government *Robert S. Kaplan – Harvard Business School *affiliations provided for identification purposes only",Non-profit organization/NGO/civil society,think_tank,medium,Sector write-in: 'Non-profit research and learning organization' (E-ledgers Institute); academic affiliations given 'for identification purposes only'.
1073,Nodera,Data/analytics or software provider related to GHG inventories,data_vendor,low,Self-report uncorroborated: no legal form in the name and no self-description in the dataset.
1075,IETA,Industry group,trade_association,high,Own sector write-in: 'Global trade association spanning several sectors'.
1077,Carbon and Clean Energy Director Western Power Trading Forum,Industry group,trade_association,high,"Free text: 'The Western Power Trading Forum (WPTF) is a trade association comprising over 100 power marketers, generators, investment banks, utilities'."
1078,ITC Limited,Company,company,high,Legal form 'Limited'; diversified consumer-goods manufacturer.
1079,"Stanford University, WE3 Lab",Academia/research,academic_institution,high,Named laboratory of Stanford University.
1082,"Adapture Renewables, Inc. (ARI)",Company,company,high,Legal form 'Inc.'; renewable generation developer.
1083,Baruch College,Academia/research,academic_institution,high,Name identifies a college; sector 'Education'.
1085,"Graf, Sylvan, Ünel: Institute for Policy Integrity, New York University School of Law Mallapragada: Department of Chemical & Biomolecular Engineering, New York University Tandon School of Engineering",Academia/research,academic_institution,high,Named centres of New York University (School of Law; Tandon School of Engineering); sector 'Education'.
1086,I am an energy economist and policy analyst with a PhD UC Berkeley who has worked at places including the Council on Environmental Quality and Sense. The opinions here are my own and may not be shared by present or former colleagues,Academia/research,individual,high,Own verbatim: 'I am an energy economist and policy analyst... The opinions here are my own'; no institution named as the respondent.
1088,Suppliers Partnership for the Environment,Industry group,trade_association,high,Free text: 'Industry trade association; our members are involved in developing GHG inventories'.
1089,Vistra Corp,Energy supplier/retailer or utility,company,high,Legal form 'Corp'; power generator and retailer.
1090,EVA Platform Ltd (trading as EVA Marketplace),Other (please specify below),company,high,Legal form 'Ltd'; own write-in: 'Power Purchase Agreement marketplace'.
1092,"Long time Renewable Energy Advocate, Former State legislator, Expert on Green Buildings and EAC's",Consultant supporting organizations with GHG inventories/strategies,individual,high,"Field describes a person's career ('Long time Renewable Energy Advocate, Former State legislator'), not an organisation."
1093,"eva. Empresa con Valor Ambiental, S.A. de C.V.",Consultant supporting organizations with GHG inventories/strategies,consultancy,high,Legal form 'S.A. de C.V.'; self-classified consultant supporting GHG inventories.
1094,University of California Office of the President,Government institution,academic_institution,high,"Name: the systemwide administration of the University of California, a public university system."
1095,Infosys Limited,Company,company,high,Legal form 'Limited'; IT services company.
1098,PierreVF UG (haftungsbeschränkt),Company,company,high,Legal form 'UG (haftungsbeschraenkt)' (German limited company).
1099,"Senior Director, Corporate Finance Policy, National Association of Manufacturers",Industry group,trade_association,high,"Field gives a role at the National Association of Manufacturers, a national industry association."
1100,National Waste & Recycling Assocation,Other (please specify below),trade_association,high,Name ('Assocation'); own write-in: 'Trade assocation'.
1101,Angeleno Group,Financial Institution,financial,medium,Angeleno Group is a venture-capital and growth-equity investor; finance sector.
1103,Clean Path Partners LLC,Consultant supporting organizations with GHG inventories/strategies,consultancy,high,Legal form 'LLC'; self-classified consultant supporting GHG inventories.
1106,"Korea National Cleaner Production Center, Korea Institute of Industrial Technology (KNCPC/KITECH)",Academia/research,government,medium,KITECH is a Korean government-funded research institute and KNCPC is its cleaner-production centre; not a university.
1108,Aquilo Energy GmbH,Academia/research,company,high,"Legal form 'GmbH' - a commercial company, not an academic institution."
1110,Singularity Energy,Data/analytics or software provider related to GHG inventories,data_vendor,medium,Singularity Energy supplies hourly grid carbon-intensity data and analytics.
1111,MIT,Academia/research,academic_institution,high,Name identifies a university; sector 'Education'.
1112,Clean Incentive,Certificate registry/tracking system operator,data_vendor,high,"Own free text: 'At Clean Incentive, Inc., with our expertise in granular carbon data and stakeholder consultations on next-generation PPAs'."
1113,Grid Edge Limited,Company,company,high,Legal form 'Limited'; energy technology company.
1114,Head of Sustainability & Investment team for China,Financial Institution,unverifiable,low,Organization field is a job title ('Head of Sustainability & Investment team for China'); no organisation is named or identifiable.
1118,3Degrees,Other (please specify below),company,medium,"Own write-in: 'Climate change solutions provider with business lines across commodity trading and origination, corporate decarbonization consulting, clean energy procurement'."
1119,MN8 Energy LLC,Other (please specify below),company,high,Legal form 'LLC'; own write-in: 'Independent Power Producer'.
1120,"www.bookandclaimcommunity.org, a project Secretariat of RSB/SFC, a small advisory board, and >1000 individual participants representing ~350 companies active in market-based themes, especially focused on transportation.",Academia/research,standards_body,medium,"Own verbatim: 'a project Secretariat of RSB/SFC' - a book-and-claim standards initiative, not an academic institution."
1125,Fundación Natura,Non-profit organization/NGO/civil society,ngo_civil_society,high,A Colombian conservation foundation; sector write-in: 'NGO'.
1126,"Global Senior Lead – Methods, Standards & Data Center of Excellence Compliance & Digital South Pole",Consultant supporting organizations with GHG inventories/strategies,consultancy,high,"Field gives a job title at South Pole, a climate consultancy."
1127,Seneca Environmental Solutions,Company,company,low,Self-report retained: trading name with no legal form and no self-description in the dataset.
1130,Global Energy Equity and Climate Action (GEECA) Foundation - the legal entity for the D-REC Organization,Non-profit organization/NGO/civil society,registry_operator,medium,"Own verbatim: 'the legal entity for the D-REC Organization', which issues Distributed Renewable Energy Certificates."
1137,Business Environment Council Limited,Non-profit organization/NGO/civil society,business_coalition,high,Legal form 'Limited'; sector write-in: 'Business Association' - a Hong Kong business membership body.
1139,MIT,Academia/research,academic_institution,high,Name identifies a university; sector 'Education'.
1140,"LevelTen Energy, Inc.",Company,company,high,Legal form 'Inc.'; clean-energy procurement marketplace operator.
1142,Zero Hour Energy,Data/analytics or software provider related to GHG inventories,data_vendor,low,Self-report uncorroborated: no legal form in the name and no self-description in the dataset.
1143,N/A,Other (please specify below),individual,high,Own write-in: 'I am not filling this survey as part of an organization'.
1147,Conselho Empresarial Brasileiro para o Desenvolvimento Sustentável (CEBDS),Non-profit organization/NGO/civil society,business_coalition,high,Sector write-in: 'Business Association'; CEBDS is the Brazilian business council for sustainable development.
1148,esVolta,Energy supplier/retailer or utility,company,medium,esVolta is a US battery-storage developer and operator.
1149,Allegro,Company,company,medium,Allegro is a listed Polish e-commerce group; sector write-in: 'Marketplace'.
1154,"Director Climate and Environment, Telenor ASA",Company,company,high,Field gives a role at Telenor ASA (legal form 'ASA').
1156,"The European Banking Federation (EBF) is the voice of the European banking sector, representing 33 national banking associations and approximately 3,500+ banks (large and small, wholesale and retail) across the EU and EFTA countries. Founded in 1960 and based in Brussels, it advocates for policies supporting a stable, secure, and innovative financial ecosystem.",Industry group,trade_association,high,"Own verbatim: 'the voice of the European banking sector, representing 33 national banking associations and approximately 3,500+ banks'."
1157,"REALPAC is a 55-year-old national trade association representing institutional grade commercial real estate (CRE) investors and owners across Canada, with over $1 trillion in assets under management. REALPAC’s 125+ members include a range of publicly traded real estate companies, real estate investment trusts, private companies, pension funds, fund managers, banks, and life insurance companies who are committed to advancing climate action and supporting robust, transparent emissions reporting standards.",Industry group,trade_association,high,Own verbatim: 'a 55-year-old national trade association representing institutional grade commercial real estate (CRE) investors and owners across Canada'.
1158,Green-Access,Energy supplier/retailer or utility,company,low,Self-report retained: trading name with no legal form and no self-description in the dataset.
1162,ENGIE,Energy supplier/retailer or utility,company,medium,ENGIE is a listed utility group.
1167,"Klean Kanteen, Inc.",Company,company,high,Legal form 'Inc.'; consumer-goods manufacturer.
1168,"Corey Ramsden Consulting Services, LLC",Non-profit organization/NGO/civil society,consultancy,high,Legal form 'LLC' and 'Consulting Services' in the name.
1169,Rio Tinto Limited,Company,company,high,Legal form 'Limited'; mining group.
