respondent_id,redaction_requested,name,organization,country,newsletter_optin,responding_as,has_ghg_inventory,has_ghg_inventory_other,involved_in_inventory,involved_in_inventory_other,organization_type,organization_type_other,sector,sector_other,is_redacted,n_questions_answered,n_substantive_answered,substantive_completion_pct,n_free_text_answers,free_text_chars,n_multi_select_selections
5,Yes,Redacted,Redacted,Indonesia,Yes,Individual,Yes,,"Yes (Including completing this survey on behalf of my organization, drawing on inputs from relevant teams)",,Consultant supporting organizations with GHG inventories/strategies,,"Food and beverage (302010, 302020)",,1,65,57,34.3,23,23735,72
14,Yes,Redacted,Redacted,United Kingdom,Yes,Organization,Other or N/A (please specify below),"Megawatt-X is founding investor in a platform called Renewabl (www.renewabl.com) Renewabl is a climate-tech platform that helps organisations procure, track, and verify renewable electricity with high temporal precision. Its software enables businesses to run clean energy tenders (PPAs, certificates, tariffs), align offers with their actual consumption profiles, and match clean energy generation to usage on an hourly basis.","Yes (Including completing this survey on behalf of my organization, drawing on inputs from relevant teams)","Renwabl, one of the companies in Megawatt-X portfolio, tracks and trades GoO and environmental attributes using temporal and location matching",Data/analytics or software provider related to GHG inventories,,Energy (10),,1,125,115,69.3,58,10673,64
15,No,Not provided,Not provided,United States,No,Individual,No,,Not applicable,,Consultant supporting organizations with GHG inventories/strategies,,"Consumer goods (25, 30)",,0,10,2,1.2,0,0,1
16,Yes,Redacted,Redacted,United States,No,Organization,Yes,,"Yes (Including completing this survey on behalf of my organization, drawing on inputs from relevant teams)",,Company,,Finance (40),,1,142,134,80.7,57,32679,160
17,No,Alexander Stathakis,Conversio Pty Ltd,Australia,Yes,Organization,Other or N/A (please specify below),"GHG measurement, reporting, and verification specialist consultancy",Other (please specify below),"Supporting other organisations, predominantly airports",Consultant supporting organizations with GHG inventories/strategies,,"Professional, scientific, and technical services (2020)",,0,134,122,73.5,62,50260,101
19,Yes,Redacted,Redacted,United States,Yes,Organization,Yes,,"Yes (Including completing this survey on behalf of my organization, drawing on inputs from relevant teams)",,Company,,Infrastructure (2010),"Specifically, a data center",1,19,10,6.0,7,5450,5
22,No,georgia,AKTOR SA,Greece,Yes,Individual,Other or N/A (please specify below),DONT KNOW,"Yes (Including completing this survey on behalf of my organization, drawing on inputs from relevant teams)",,Industry group,,Construction (201030),,0,92,81,48.8,8,49,78
25,Yes,Redacted,Redacted,United States,Yes,Individual,Yes,,"Yes (Including completing this survey on behalf of my organization, drawing on inputs from relevant teams)",,Consultant supporting organizations with GHG inventories/strategies,,"Professional, scientific, and technical services (2020)",,1,37,29,17.5,2,1720,24
27,No,Malte Schäfer,Uni Wuppertal,Germany,Yes,Individual,No,,No,,Academia/research,,Education,,0,101,91,54.8,56,1477,76
29,No,Manuel Czerwonka,DEKRA Assurance Services,Germany,Yes,Individual,Yes,,Other (please specify below),"Not responsible for the Group's GHG balance sheet, but calculates balance sheets for other companies.",Other (please specify below),"Depends on contract , sometimes consultant for balancing , sometimes verifyer/assurance provider",Services,,0,66,54,32.5,21,6424,27
30,No,Logan Wikstrom,Minnesota Technical Assistance Program,United States,Yes,Individual,No,,Not applicable,,Academia/research,,Education,,0,14,4,2.4,3,2090,9
31,No,Paul Bardon,Climate transition and carbon manager at AXIAN Telecom,Madagascar,No,Organization,Yes,,"Yes (Including completing this survey on behalf of my organization, drawing on inputs from relevant teams)",,Company,,Information and communication technology (45),,0,99,89,53.6,26,4385,74
35,No,Jerome Castella,WattEd Sàrl,Switzerland,Yes,Organization,Other or N/A (please specify below),Small climate consulting company with a lot of decentralized activity.,Not applicable,,Consultant supporting organizations with GHG inventories/strategies,,Services,,0,36,25,15.1,6,340,51
36,No,Nicolò Golinucci,eNextGen,Italy,Yes,Organization,Yes,,"Yes (Including completing this survey on behalf of my organization, drawing on inputs from relevant teams)",,Data/analytics or software provider related to GHG inventories,,"Professional, scientific, and technical services (2020)",,0,58,48,28.9,27,18897,34
38,Yes,Redacted,Redacted,United States,Yes,Organization,Yes,,"Yes (Including completing this survey on behalf of my organization, drawing on inputs from relevant teams)",,Company,,Manufacturing,,1,91,83,50.0,33,30434,63
39,Yes,Redacted,Redacted,United Kingdom,No,Organization,Yes,,"Yes (Including completing this survey on behalf of my organization, drawing on inputs from relevant teams)",,Company,,Other (please specify below),Marketing and Communications Services,1,58,49,29.5,21,7596,46
40,Yes,Redacted,Redacted,United States,Yes,Individual,Yes,,"Yes (Including completing this survey on behalf of my organization, drawing on inputs from relevant teams)",,Company,,Information and communication technology (45),,1,112,104,62.7,36,11760,112
41,No,Jack Osborne,Grenergy USA,United States,No,Individual,Yes,,No,,Energy supplier/retailer or utility,,Energy (10),,0,63,53,31.9,11,5582,60
43,Yes,Redacted,Redacted,Germany,Yes,Organization,Yes,,"Yes (Including completing this survey on behalf of my organization, drawing on inputs from relevant teams)",,Company,,Manufacturing,,1,43,35,21.1,2,478,50
44,Yes,Redacted,Redacted,United States,Yes,Individual,Yes,,"Yes (Including completing this survey on behalf of my organization, drawing on inputs from relevant teams)",,Non-profit organization/NGO/civil society,,Other (please specify below),Emergency Management,1,46,37,22.3,13,3440,50
45,Yes,Redacted,Redacted,Netherlands,No,Organization,Yes,,Other (please specify below),"Yes, but also involved in generating country specific GHG emission factors distributed through www.co2emissiefactoren.nl",Non-profit organization/NGO/civil society,,"Professional, scientific, and technical services (2020)",,1,128,119,71.7,52,10723,66
47,Yes,Redacted,Redacted,United States,No,Organization,Yes,,"Yes (Including completing this survey on behalf of my organization, drawing on inputs from relevant teams)",,Consultant supporting organizations with GHG inventories/strategies,,"Professional, scientific, and technical services (2020)",,1,86,78,47.0,26,5652,70
50,No,Cedric Junillon,WattEd,Switzerland,No,Individual,Other or N/A (please specify below),Not ourselves (just 3 people with laptops) but we do it for our customers,Other (please specify below),We do it for other companies,Consultant supporting organizations with GHG inventories/strategies,,"Professional, scientific, and technical services (2020)",,0,57,45,27.1,21,20379,60
52,Yes,Redacted,Redacted,Denmark,Yes,Organization,Yes,,"Yes (Including completing this survey on behalf of my organization, drawing on inputs from relevant teams)",,Company,,Chemicals (151010),,1,49,41,24.7,4,707,53
53,Yes,Redacted,Redacted,Germany,Yes,Organization,Yes,,"Yes (Including completing this survey on behalf of my organization, drawing on inputs from relevant teams)",,Industry group,,Manufacturing,,1,49,41,24.7,6,157,56
54,No,Jimmy Jia,University of Oxford,United Kingdom,No,Individual,Yes,,No,,Academia/research,,Education,,0,41,31,18.7,11,6167,25
55,No,Josef de Jong,Perdure Carbon Limited Director,New Zealand,Yes,Organization,Yes,,"Yes (Including completing this survey on behalf of my organization, drawing on inputs from relevant teams)",,Consultant supporting organizations with GHG inventories/strategies,,"Professional, scientific, and technical services (2020)",,0,85,75,45.2,16,4069,74
56,Yes,Redacted,Redacted,United States,Yes,Organization,Yes,,"Yes (Including completing this survey on behalf of my organization, drawing on inputs from relevant teams)",,Company,,Apparel (25203010),,1,34,26,15.7,2,506,46
60,Yes,Redacted,Redacted,United States,Yes,Organization,No,,Other (please specify below),Advisor to organizations with GHG inventories,Consultant supporting organizations with GHG inventories/strategies,,Services,,1,81,72,43.4,19,4562,54
62,Yes,Redacted,Redacted,Denmark,No,Organization,Yes,,"Yes (Including completing this survey on behalf of my organization, drawing on inputs from relevant teams)",,Company,,Information and communication technology (45),,1,106,98,59.0,38,21389,79
63,Yes,Redacted,Redacted,United States,Yes,Organization,Yes,,"Yes (Including completing this survey on behalf of my organization, drawing on inputs from relevant teams)",,Company,,Manufacturing,,1,12,4,2.4,2,2649,9
64,Yes,Redacted,Redacted,Canada,Yes,Individual,Yes,,"Yes (Including completing this survey on behalf of my organization, drawing on inputs from relevant teams)",,Company,,Information and communication technology (45),,1,21,13,7.8,0,0,17
65,No,Jiayu Zhang,Deloitte Denmark,Denmark,Yes,Individual,Yes,,No,,Consultant supporting organizations with GHG inventories/strategies,,"Professional, scientific, and technical services (2020)",,0,118,108,65.1,35,7287,86
67,Yes,Redacted,Redacted,United States,Yes,Individual,Yes,,Other (please specify below),I am involved in developing my organizations ghg inventory. I am not officially completing this survey on behalf of either organization,Other (please specify below),one is academia the other a company,Information and communication technology (45),,1,100,90,54.2,27,7047,70
68,No,Tony Calandro,Clearloop,United States,No,Organization,Yes,,No,,Company,,Energy (10),,0,21,11,6.6,11,11970,2
69,Yes,Redacted,Redacted,China,Yes,Individual,Yes,,No,,Company,,Power generation (551050),,1,10,2,1.2,0,0,6
70,Yes,Redacted,Redacted,Germany,No,Organization,Yes,,"Yes (Including completing this survey on behalf of my organization, drawing on inputs from relevant teams)",,Company,,Manufacturing,,1,52,44,26.5,3,375,50
71,Yes,Redacted,Redacted,United States,Yes,Organization,Yes,,"Yes (Including completing this survey on behalf of my organization, drawing on inputs from relevant teams)",,Company,,Manufacturing,,1,82,74,44.6,6,394,75
72,No,Mayu Sasako,Gaia Environment. (Consultant/Retailer of environmental commodities),Singapore,Yes,Organization,No,,No,,Consultant supporting organizations with GHG inventories/strategies,,"Professional, scientific, and technical services (2020)",,0,53,43,25.9,19,15923,42
73,No,Viviane Pfennig,HGV,Germany,No,Individual,Yes,,"Yes (Including completing this survey on behalf of my organization, drawing on inputs from relevant teams)",,Other (please specify below),"Financial holding company in the public sector, consolidating, among others, electrical grid operators and energy suppliers",Other (please specify below),40201030 Multi-Sector Holdings,0,72,60,36.1,13,1616,52
74,Yes,Redacted,Redacted,Denmark,No,Organization,Yes,,"Yes (Including completing this survey on behalf of my organization, drawing on inputs from relevant teams)",,Company,,"Food and beverage (302010, 302020)",,1,66,58,34.9,24,24557,40
75,No,Ruth MacGilp,Action Speaks Louder,United Kingdom,No,Individual,Other or N/A (please specify below),NGO,Not applicable,,Non-profit organization/NGO/civil society,,Other (please specify below),Climate NGO,0,80,68,41.0,28,5073,73
76,Yes,Redacted,Redacted,Germany,Yes,Organization,Yes,N/A,"Yes (Including completing this survey on behalf of my organization, drawing on inputs from relevant teams)",,Company,N/A,"Biotech, health care and pharmaceutical (35201010, 3510, 35202010)",,1,68,58,34.9,6,1614,63
77,Yes,Redacted,Redacted,Belgium,No,Individual,Yes,,"Yes (Including completing this survey on behalf of my organization, drawing on inputs from relevant teams)",,Company,,"Retail (2550, 3010)",,1,72,64,38.6,11,1210,62
79,Yes,Redacted,Redacted,Australia,Yes,Individual,Other or N/A (please specify below),,"Yes (Including completing this survey on behalf of my organization, drawing on inputs from relevant teams)",,Government institution,,Agriculture (30202010),,1,44,36,21.7,0,0,16
80,No,Dr Graham Palmer,Monash University,Australia,Yes,Individual,Yes,,No,,Academia/research,,Education,,0,18,8,4.8,6,1701,3
82,Yes,Redacted,Redacted,United Kingdom,No,Organization,Yes,,"Yes (Including completing this survey on behalf of my organization, drawing on inputs from relevant teams)",,Company,,Services,,1,40,32,19.3,11,7042,16
83,Yes,Redacted,Redacted,United Kingdom,Yes,Individual,Yes,,No,,Other (please specify below),Packaging Manufacturer,Other (please specify below),Paper and Pulp,1,66,56,33.7,23,5647,37
86,Yes,Redacted,Redacted,Japan,Yes,Individual,No,,No,,Company,,Agriculture (30202010),,1,22,14,8.4,1,194,16
87,No,Steven Vanholme,EKOenergy ecolabel / Finnish Association for Nature Conservation,Finland,Yes,Organization,Other or N/A (please specify below),We are a nonprofit organisation. We calculate our carbon footprint annually and participate in environmental management programmes such as EcoCompass (Ekokompassi). More information in our Annual reports.,Other (please specify below),We regularly meet with companies involved in making greenhouse gas inventories.,Non-profit organization/NGO/civil society,,Other (please specify below),Nature and environmental protection,0,49,36,21.7,25,10387,11
88,No,Jason Beck,"Zettawatts: Leading developer of Additionality REC (AREC) products enabling voluntary, utility-scale renewable energy procurement. We operate a forward REC market connecting corporate buyers, renewable developers, and channel partners to accelerate grid decarbonization through new project financing and measurable emissions impact.",United States,Yes,Organization,Yes,,"Yes (Including completing this survey on behalf of my organization, drawing on inputs from relevant teams)",,Other (please specify below),Energy/Environmental Markets Service Provider,Services,Clean Energy Technology/Services; GCIS 35101040,0,114,102,61.4,55,60553,100
89,Yes,Redacted,Redacted,Hong Kong,Yes,Organization,Yes,,"Yes (Including completing this survey on behalf of my organization, drawing on inputs from relevant teams)",,Company,,Real estate (60),,1,43,35,21.1,2,824,50
90,No,Selim Satici,Voltfox Inc.,Turkey,Yes,Organization,No,,Not applicable,,Consultant supporting organizations with GHG inventories/strategies,,Other (please specify below),GHG accounting software,0,116,105,63.3,55,35148,99
91,No,OGBONNA CHIDI WOSU,AFRICA SUB GRID LTD NIGERIA,Nigeria,Yes,Individual,No,,Not applicable,,Other (please specify below),Renewable Energy company participating in the development of the Renewable Energy Certificate market in Nigeria,Other (please specify below),"I-REC, P-REC market development",0,55,43,25.9,27,36245,39
92,Yes,Redacted,Redacted,United States,Yes,Organization,Yes,,"Yes (Including completing this survey on behalf of my organization, drawing on inputs from relevant teams)",,Company,,Manufacturing,,1,128,120,72.3,39,70451,144
93,No,Andrey Bulavin,"Consumer representing 3,300 households connected to district heating system",United Kingdom,Yes,Organization,No,,No,,Non-profit organization/NGO/civil society,Residential consumers affected by impact of carbon accounting on option appraisal,"Utilities (water, gas, electricity) (551010, 551020, 551030, 551040)",,0,76,65,39.2,33,53279,43
94,Yes,Redacted,Redacted,India,Yes,Individual,Yes,LEED AP BD+C,"Yes (Including completing this survey on behalf of my organization, drawing on inputs from relevant teams)",LEED AP O+M,Consultant supporting organizations with GHG inventories/strategies,GREEN HOUSE GAS,Construction (201030),,1,166,155,93.4,81,266,215
95,No,Doug Miller,Energy Peace Partners,United States,No,Organization,Other or N/A (please specify below),N/A,Not applicable,,Non-profit organization/NGO/civil society,,Energy (10),,0,67,56,33.7,31,42424,62
96,Yes,Redacted,Redacted,France,No,Organization,Yes,,"Yes (Including completing this survey on behalf of my organization, drawing on inputs from relevant teams)",,Industry group,,Chemicals (151010),,1,10,2,1.2,0,0,0
97,Yes,Redacted,Redacted,United Kingdom,Yes,Individual,Other or N/A (please specify below),Responding as an individual; not applicable.,Other (please specify below),Responding as an individual; not applicable.,Government institution,,Hospitality (253010),,1,167,157,94.6,80,41687,181
98,No,Jackie Garton,ShareAction,United Kingdom,No,Organization,Other or N/A (please specify below),"ShareAction is an independent charity and an expert on responsible investment. Investment decisions made today build the world of tomorrow. We work to define the highest standards for responsible investment and to drive change until these standards are adopted worldwide. In doing so, we aim to harness the power of the financial system to tackle the biggest environmental and social challenges we face. The Corporate Climate team supports institutional investors to engage with investee companies on their alignment with the Paris Agreement.",Not applicable,,Non-profit organization/NGO/civil society,,Other (please specify below),Third Sector,0,36,24,14.5,10,13571,40
99,No,Maud Rietjens,Volterres,France,Yes,Organization,No,,Not applicable,,Energy supplier/retailer or utility,,Energy (10),,0,42,32,19.3,14,3563,45
100,Yes,Redacted,Redacted,Japan,Yes,Individual,Yes,,"Yes (Including completing this survey on behalf of my organization, drawing on inputs from relevant teams)",,Company,,Manufacturing,,1,74,66,39.8,14,6394,83
102,Yes,Redacted,Redacted,Italy,Yes,Individual,Yes,,"Yes (Including completing this survey on behalf of my organization, drawing on inputs from relevant teams)",,Consultant supporting organizations with GHG inventories/strategies,,Information and communication technology (45),,1,77,69,41.6,9,227,44
103,Yes,Redacted,Redacted,United States,Yes,Organization,Yes,,"Yes (Including completing this survey on behalf of my organization, drawing on inputs from relevant teams)",,Company,,"Professional, scientific, and technical services (2020)",,1,103,95,57.2,24,21901,92
104,Yes,Redacted,Redacted,United States,No,Organization,Yes,,"Yes (Including completing this survey on behalf of my organization, drawing on inputs from relevant teams)",,Company,,Transportation (2030),,1,18,10,6.0,3,626,12
105,No,PATtech,"PATtech Limited - Technology provider specialising in digital MRV, hourly renewable energy certificates (REGO's/SEGO's), and energy attribute registries enabling automated audit-ready Scope 2 reporting.",Australia,Yes,Organization,No,,Not applicable,,Certificate registry/tracking system operator,,Energy (10),,0,111,101,60.8,46,19202,100
108,Yes,Redacted,Redacted,Germany,Yes,Organization,Yes,,"Yes (Including completing this survey on behalf of my organization, drawing on inputs from relevant teams)",,Company,,"Biotech, health care and pharmaceutical (35201010, 3510, 35202010)",,1,91,83,50.0,17,15494,72
109,No,Dan Fernbank,University of Reading,United Kingdom,No,Organization,Yes,,"Yes (Including completing this survey on behalf of my organization, drawing on inputs from relevant teams)",,Academia/research,,Education,,0,56,46,27.7,13,1906,68
110,No,Dan Gardiner,IIGCC,United Kingdom,No,Organization,No,,No,,Other (please specify below),IIGCC is a membership organisation for asset owners and managers,Finance (40),,0,38,27,16.3,9,738,3
111,Yes,Redacted,Redacted,Netherlands,No,Organization,Yes,,"Yes (Including completing this survey on behalf of my organization, drawing on inputs from relevant teams)",,Company,,"Food and beverage (302010, 302020)",,1,67,59,35.5,28,20997,45
112,Yes,Redacted,Redacted,Germany,Yes,Organization,Yes,,"Yes (Including completing this survey on behalf of my organization, drawing on inputs from relevant teams)",,Company,,"Biotech, health care and pharmaceutical (35201010, 3510, 35202010)",,1,70,62,37.3,9,868,78
113,Yes,Redacted,Redacted,Taiwan,Yes,Individual,Yes,,"Yes (Including completing this survey on behalf of my organization, drawing on inputs from relevant teams)",,Academia/research,,Education,,1,100,92,55.4,19,2060,98
114,Yes,Redacted,Redacted,Canada,No,Organization,Other or N/A (please specify below),We have an inventory. We are a GHG inventory software vendor and consult on the preparation of GHG inventories for many organizations.,Other (please specify below),"Yes, ours as well as the inventories for many other organizations.",Data/analytics or software provider related to GHG inventories,,Information and communication technology (45),,1,105,95,57.2,36,9523,76
115,Yes,Redacted,Redacted,United States,Yes,Organization,Yes,,"Yes (Including completing this survey on behalf of my organization, drawing on inputs from relevant teams)",,Consultant supporting organizations with GHG inventories/strategies,,Services,,1,76,68,41.0,16,2290,66
117,Yes,Redacted,Redacted,Switzerland,No,Individual,Yes,,"Yes (Including completing this survey on behalf of my organization, drawing on inputs from relevant teams)",,Company,,Chemicals (151010),,1,41,33,19.9,2,650,55
118,No,Mikael Blommé,H&M Group,Sweden,Yes,Organization,Yes,,"Yes (Including completing this survey on behalf of my organization, drawing on inputs from relevant teams)",,Company,,"Retail (2550, 3010)",,0,53,43,25.9,12,10472,53
120,Yes,Redacted,Redacted,United States,Yes,Organization,Yes,,"Yes (Including completing this survey on behalf of my organization, drawing on inputs from relevant teams)",,Company,,Manufacturing,,1,106,98,59.0,32,4250,87
121,Yes,Redacted,Redacted,United States,No,Organization,Yes,,"Yes (Including completing this survey on behalf of my organization, drawing on inputs from relevant teams)",,Company,,Other (please specify below),Software/Technology,1,46,37,22.3,15,13817,22
122,Yes,Redacted,Redacted,United States,No,Individual,Yes,,"Yes (Including completing this survey on behalf of my organization, drawing on inputs from relevant teams)",,Company,,Manufacturing,,1,90,82,49.4,15,2315,78
123,Yes,Redacted,Redacted,United States,No,Organization,Yes,,"Yes (Including completing this survey on behalf of my organization, drawing on inputs from relevant teams)",,Company,,Apparel (25203010),,1,14,6,3.6,0,0,2
124,No,"D'après information, le changement climatique du globe terrestre est incontournable si nous n'avons pas de prendre la précaution des maintenant. L'origine de tous ceux changements sont l'effet de serres et des gaz. La précaution devrait prendre est prendre en main sur la gestion, amélioration, conservation, protection de la forêt et aussi de renforcer l'humanisation surtout dans les pays pauvres et ainsi la gestion de l'environnement en générale.","Le système d'accélération de cette processus est non seulement sur des organisation paysannes, mais aussi d'appuyer financièrement pour la réalisation leurs projets. En même temps, de mobiliser tous les forces vives de la nation ( Intellectuels et surtout les spécialistes, les sociétés civiles, les forces armées....ets.).",Madagascar,Yes,Individual,Yes,,"Yes (Including completing this survey on behalf of my organization, drawing on inputs from relevant teams)",,Company,,Agriculture (30202010),,0,175,165,99.4,86,16452,174
125,No,Jacob Hodgson,BraveGen,New Zealand,Yes,Individual,Yes,,Other (please specify below),Work with other companies and ourselves,Consultant supporting organizations with GHG inventories/strategies,,Information and communication technology (45),,0,21,10,6.0,4,349,17
127,Yes,Redacted,Redacted,Korea - Republic of/South,Yes,Individual,Yes,,"Yes (Including completing this survey on behalf of my organization, drawing on inputs from relevant teams)",,Company,,Manufacturing,,1,103,95,57.2,39,22106,84
128,Yes,Redacted,Redacted,Russia,Yes,Organization,No,,No,,Non-profit organization/NGO/civil society,,Energy (10),,1,33,25,15.1,8,3913,23
129,No,Tugba Yorukoglu,Daimler Truck AG,Germany,No,Organization,Yes,,"Yes (Including completing this survey on behalf of my organization, drawing on inputs from relevant teams)",,Company,,Manufacturing,,0,115,105,63.3,36,12934,105
130,Yes,Redacted,Redacted,United Kingdom,No,Individual,Other or N/A (please specify below),,Not applicable,,Financial Institution,,Finance (40),,1,174,166,100.0,85,27659,93
131,No,Douglas Hileman,Douglas Hileman Consulting LLC (DHC),United States,Yes,Individual,Other or N/A (please specify below),My organization helps clients prepare their GHG emissions inventories.,Not applicable,,Consultant supporting organizations with GHG inventories/strategies,,"Professional, scientific, and technical services (2020)",,0,71,60,36.1,23,4327,58
132,Yes,Redacted,Redacted,Hong Kong,Yes,Organization,Yes,,"Yes (Including completing this survey on behalf of my organization, drawing on inputs from relevant teams)",,Financial Institution,,Insurance (4030),,1,41,33,19.9,6,1683,47
133,Yes,Redacted,Redacted,France,No,Organization,Yes,,"Yes (Including completing this survey on behalf of my organization, drawing on inputs from relevant teams)",,Industry group,,Manufacturing,,1,167,159,95.8,83,3261,97
134,Yes,Redacted,Redacted,China,Yes,Organization,Other or N/A (please specify below),State Grid Corporation of China has released an action plan for achieving carbon peak and carbon neutrality and established a corporate carbon emissions management system.,No,,Other (please specify below),Beijing Power Exchange Center is a national power trading institution that provides fair and standardized power trading services to business entities in accordance with government-approved bylaws and regulations.,"Utilities (water, gas, electricity) (551010, 551020, 551030, 551040)",,1,16,6,3.6,6,7128,2
135,Yes,Redacted,Redacted,Netherlands,Yes,Organization,Yes,,"Yes (Including completing this survey on behalf of my organization, drawing on inputs from relevant teams)",,Company,,Construction (201030),,1,25,17,10.2,2,768,21
136,No,Javier Alagón,BRUC Energy,Spain,Yes,Organization,No,,"Yes (Including completing this survey on behalf of my organization, drawing on inputs from relevant teams)",,Energy supplier/retailer or utility,,Energy (10),,0,100,90,54.2,25,7665,56
137,No,Jill McArdle,Beyond Fossil Fuels,Germany,Yes,Organization,No,,Not applicable,,Non-profit organization/NGO/civil society,,Energy (10),,0,76,66,39.8,32,30009,78
138,Yes,Redacted,Redacted,United States,Yes,Organization,Yes,,"Yes (Including completing this survey on behalf of my organization, drawing on inputs from relevant teams)",,Company,,Information and communication technology (45),,1,92,84,50.6,24,11571,59
139,Yes,Redacted,Redacted,France,No,Organization,Yes,,"Yes (Including completing this survey on behalf of my organization, drawing on inputs from relevant teams)",,Company,,"Food and beverage (302010, 302020)",,1,152,144,86.7,76,3725,94
140,No,Akarsh Chalasani,Association of British Insurers,United Kingdom,Yes,Organization,Other or N/A (please specify below),The organisation I represent is a trade organisation. Our members have greenhouse gases inventory. But it is not applicable for the trade association itself.,Not applicable,,Industry group,,Insurance (4030),,0,41,30,18.1,14,5895,22
141,Yes,Redacted,Redacted,Liechtenstein,Yes,Organization,Yes,,"Yes (Including completing this survey on behalf of my organization, drawing on inputs from relevant teams)",,Company,,Manufacturing,,1,120,112,67.5,41,6984,124
142,Yes,Redacted,Redacted,Canada,Yes,Organization,Yes,,"Yes (Including completing this survey on behalf of my organization, drawing on inputs from relevant teams)",,Company,,"Professional, scientific, and technical services (2020)",,1,81,73,44.0,17,3453,53
143,Yes,Redacted,Redacted,Germany,Yes,Organization,Yes,,"Yes (Including completing this survey on behalf of my organization, drawing on inputs from relevant teams)",,Company,,Transportation (2030),,1,137,129,77.7,59,26891,94
144,Yes,Redacted,Redacted,France,Yes,Organization,Yes,,"Yes (Including completing this survey on behalf of my organization, drawing on inputs from relevant teams)",,Industry group,,Materials (15),,1,141,133,80.1,67,12037,80
145,Yes,Redacted,Redacted,United States,Yes,Individual,Yes,,"Yes (Including completing this survey on behalf of my organization, drawing on inputs from relevant teams)",,Company,,Insurance (4030),,1,71,63,38.0,28,12158,33
146,Yes,Redacted,Redacted,United States,No,Organization,Yes,,"Yes (Including completing this survey on behalf of my organization, drawing on inputs from relevant teams)",,Financial Institution,,Finance (40),,1,60,52,31.3,12,8297,54
147,Yes,Redacted,Redacted,United Kingdom,Yes,Organization,No,,No,,Electric Grid Operator,,Energy (10),,1,18,10,6.0,6,7939,7
148,No,Roy Linthorst,Ernst & Young Global Ltd,United Kingdom,No,Organization,Yes,,Other (please specify below),"We are responding to this survey as a professional services firm, in which capacity we observe the application of the GHG Protocol in multiple engagements with clients around the world. We are not responding to this survey with any information about the GHG inventory of Ernst & Young Global Limited, as we believe that sharing our observations from a diverse range of engagements may be of greater value to you. Please note that we have only included responses to the questions in the surveys that were within the remit of this stated capacity.",Verification/assurance provider,,"Professional, scientific, and technical services (2020)",,0,137,126,75.9,64,42348,78
149,Yes,Redacted,Redacted,Bangladesh,Yes,Organization,Yes,,"Yes (Including completing this survey on behalf of my organization, drawing on inputs from relevant teams)",,Industry group,,Apparel (25203010),,1,16,8,4.8,2,581,3
150,Yes,Redacted,Redacted,Bangladesh,Yes,Organization,Yes,,"Yes (Including completing this survey on behalf of my organization, drawing on inputs from relevant teams)",,Industry group,,Apparel (25203010),,1,12,4,2.4,1,737,2
151,No,Becky Lloyd (Chair),Sustainability Reporting Board of the New Zealand External Reporting Board (XRB),New Zealand,Yes,Organization,Yes,,Other (please specify below),"To inform XRB’s response to the GHG Protocol Scope 2 public consultation, we undertook a targeted engagement process with key stakeholders across the New Zealand energy and reporting ecosystem. This included bilateral meetings with the New Zealand Ministry of Business, Innovation and Employment ((the government’s principal policy advisor for the energy sector. Its core objective is to ensure the energy system is safe, efficient, reliable, affordable and environmentally sustainable), Transpower (the national grid operator), energy retailers, generators, and sustainability leaders to understand technical feasibility, market implications, and assurance considerations. We complemented these with a multi-stakeholder roundtable session and follow-up discussions to capture diverse perspectives from corporates, service providers, and industry platforms. Feedback was synthesised into common themes – such as grid deliverability, hourly matching practicality, residual mix publication, and implications for PPAs and RECs – which shaped our positions and recommendations in the submission. New Zealand operates a single national electricity grid, with a very high proportion of renewable generation (97% in October and November 2025, 85% on average) – primarily hydro, wind and geothermal. This positions New Zealand as a leading example of the electricity-led energy transition that many other jurisdictions are aiming for. While our examples draw on New Zealand’s single-grid, high-renewables context, we expect similar feasibility patterns in other markets with high renewable penetration and unified grid operations. It is therefore essential that the revised Scope 2 Standard is applicable and relevant to markets like ours. We have provided a response to this consultation below, and are happy to provide any further information directly to the GHG Protocol. We have also submitted a letter separately via the Complaints and Concerns form regarding some overarching commentary on the GHG Protocol’s due process.",Other (please specify below),"The External Reporting Board (XRB) is an independent Crown entity operating in New Zealand. We develop and issue financial reporting, auditing and assurance, and climate standards for for-profit, not-for-profit and public sector entities. The standards we issue are secondary legislation and must comply with the Legislation Act 2019. The XRB is not a regulator; monitoring or enforcement functions are carried out by the New Zealand Financial Markets Authority (FMA). The XRB is required under the Financial Reporting Act 2013 to consult affected parties before issuing standards and to act independently. These requirements help ensure that standards are credible, high quality and not unduly influenced. Independent standard setting has long been accepted as best practice for international and national standard setters. Our purpose is to promote trust and confidence, transparency and accountability through high-quality external reporting and assurance. We do this by establishing and maintaining robust frameworks and standards that are internationally credible and relevant to New Zealand. Our ultimate objective is an external reporting and assurance system in New Zealand that enables sustainable economic growth, transparency, accountability and informed decision making through the provision of trusted, integrated information that meets users’ needs.",Other (please specify below),Government. Our role in government is as an independent external reporting and assurance standards setter.,0,112,99,59.6,50,35491,83
152,Yes,Redacted,Redacted,Australia,Yes,Organization,No,,Other (please specify below),consulting advisory,Company,,Information and communication technology (45),,1,27,18,10.8,3,271,31
153,Yes,Redacted,Redacted,Bangladesh,Yes,Organization,Yes,N/A,"Yes (Including completing this survey on behalf of my organization, drawing on inputs from relevant teams)",N/A,Other (please specify below),Printing Facility (Screen and Digital),Manufacturing,,1,175,164,98.8,86,5889,68
154,Yes,Redacted,Redacted,United Kingdom,No,Individual,Yes,,No,,Consultant supporting organizations with GHG inventories/strategies,,"Professional, scientific, and technical services (2020)",,1,30,22,13.3,1,586,36
155,Yes,Redacted,Redacted,Pakistan,Yes,Organization,Yes,,"Yes (Including completing this survey on behalf of my organization, drawing on inputs from relevant teams)",,Company,,Apparel (25203010),,1,23,15,9.0,2,2402,14
156,Yes,Redacted,Redacted,Sweden,No,Organization,Yes,,"Yes (Including completing this survey on behalf of my organization, drawing on inputs from relevant teams)",,Company,,Information and communication technology (45),,1,85,77,46.4,19,4365,73
157,Yes,Redacted,Redacted,United States,Yes,Individual,Yes,,"Yes (Including completing this survey on behalf of my organization, drawing on inputs from relevant teams)",,Company,,Infrastructure (2010),,1,48,40,24.1,17,15092,20
158,Yes,Redacted,Redacted,Netherlands,No,Individual,No,,No,,Non-profit organization/NGO/civil society,,Energy (10),,1,75,67,40.4,26,27051,64
159,Yes,Redacted,Redacted,New Zealand,Yes,Organization,Other or N/A (please specify below),We are a certification programme that includes our members needed to compile a GHG inventory,Other (please specify below),We are a certification programme that includes our members needed to compile a GHG inventory,GHG account/reporting program or initiative,,Other (please specify below),Professional services,1,156,145,87.3,88,10602,113
160,Yes,Redacted,Redacted,Bangladesh,Yes,Organization,Yes,,"Yes (Including completing this survey on behalf of my organization, drawing on inputs from relevant teams)",,Industry group,,Apparel (25203010),,1,146,138,83.1,67,45499,91
161,Yes,Redacted,Redacted,Bangladesh,No,Organization,Yes,,"Yes (Including completing this survey on behalf of my organization, drawing on inputs from relevant teams)",N/A,Other (please specify below),Spinning,Manufacturing,,1,174,164,98.8,85,5679,67
164,Yes,Redacted,Redacted,Bangladesh,No,Organization,Yes,,"Yes (Including completing this survey on behalf of my organization, drawing on inputs from relevant teams)",,Company,,Apparel (25203010),,1,23,15,9.0,5,3224,12
165,Yes,Redacted,Redacted,United Kingdom,No,Organization,Other or N/A (please specify below),,No,,Financial Institution,,Other (please specify below),Asset Management,1,27,18,10.8,4,397,31
166,No,Atsushi KOYANAGI (On behalf of the Environmental Technology & Policy Committee of JAMA),"Japan Automobile Manufacturers Association, Inc.（JAMA）",Japan,No,Organization,Yes,,No,,Industry group,,Manufacturing,,0,29,19,11.4,7,2634,26
168,Yes,Redacted,Redacted,China,Yes,Organization,Yes,,"Yes (Including completing this survey on behalf of my organization, drawing on inputs from relevant teams)",,Company,,Manufacturing,,1,67,59,35.5,0,0,67
169,No,Yasuhiro Fukuda,NYK Line (Nippon Yusen Kabushiki Kaisha),Japan,No,Organization,Yes,,"Yes (Including completing this survey on behalf of my organization, drawing on inputs from relevant teams)",,Company,,Transportation (2030),,0,143,133,80.1,67,59899,88
170,No,Reo Takizawa,Japanese Bankers Association,Japan,No,Organization,No,,Not applicable,,Industry group,,Finance (40),,0,42,32,19.3,15,11634,32
171,Yes,Redacted,Redacted,India,Yes,Individual,Yes,,Not applicable,,Financial Institution,,Finance (40),,1,38,30,18.1,5,703,14
172,No,David Jaber,Climate Positive,United States,No,Organization,Yes,,"Yes (Including completing this survey on behalf of my organization, drawing on inputs from relevant teams)",,Consultant supporting organizations with GHG inventories/strategies,,"Professional, scientific, and technical services (2020)",,0,46,36,21.7,14,3379,21
173,Yes,Redacted,Redacted,Bangladesh,Yes,Organization,Yes,,"Yes (Including completing this survey on behalf of my organization, drawing on inputs from relevant teams)",,Company,,Apparel (25203010),,1,122,114,68.7,45,13426,38
174,No,Gniewomir Flis,Senior Advisor at Kaya Partners,Poland,No,Individual,No,,Not applicable,,Company,,Services,,0,56,46,27.7,20,10412,60
175,No,Kazi Sharif Shahnewaz,Flamingo Fashions Ltd.,Bangladesh,No,Individual,Yes,,"Yes (Including completing this survey on behalf of my organization, drawing on inputs from relevant teams)",,Company,,Apparel (25203010),,0,15,5,3.0,3,301,2
176,Yes,Redacted,Redacted,Pakistan,Yes,Organization,Yes,,"Yes (Including completing this survey on behalf of my organization, drawing on inputs from relevant teams)",,Company,,Apparel (25203010),,1,31,23,13.9,13,8621,12
177,Yes,Redacted,Redacted,Ireland,No,Organization,Yes,,"Yes (Including completing this survey on behalf of my organization, drawing on inputs from relevant teams)",,Company,,"Retail (2550, 3010)",,1,24,16,9.6,5,2300,20
178,No,Sarah Martinez,Prime Data Centers,United States,Yes,Organization,Yes,,"Yes (Including completing this survey on behalf of my organization, drawing on inputs from relevant teams)",,Company,,Real estate (60),,0,50,40,24.1,19,14927,20
180,Yes,Redacted,Redacted,Bangladesh,Yes,Organization,Yes,,"Yes (Including completing this survey on behalf of my organization, drawing on inputs from relevant teams)",,Industry group,,Apparel (25203010),,1,20,12,7.2,8,2833,6
181,No,Alexandros Tsimitselis,Repower AG,Switzerland,No,Organization,Yes,,Not applicable,,Energy supplier/retailer or utility,,Energy (10),,0,85,75,45.2,36,43834,49
182,Yes,Redacted,Redacted,Singapore,No,Individual,Yes,,"Yes (Including completing this survey on behalf of my organization, drawing on inputs from relevant teams)",,Company,,Real estate (60),,1,25,17,10.2,5,3680,14
183,No,Ed Holt,"Ed Holt & Associates, Inc.",United States,Yes,Organization,No,,Not applicable,,Consultant supporting organizations with GHG inventories/strategies,,"Professional, scientific, and technical services (2020)",,0,85,75,45.2,38,32030,64
184,No,Matthew Wenban-Smith,"Director, OneWorldStandards",United Kingdom,No,Organization,No,,No,,Other (please specify below),Sustainability Standards Consultant,Other (please specify below),Sustainability Standards,0,13,1,0.6,5,1951,0
186,Yes,Redacted,Redacted,Hong Kong,Yes,Organization,Yes,,"Yes (Including completing this survey on behalf of my organization, drawing on inputs from relevant teams)",,Non-profit organization/NGO/civil society,,Services,,1,83,75,45.2,16,13572,114
187,No,Filip Orlinski,Caldic B.V.,Netherlands,Yes,Organization,Yes,,"Yes (Including completing this survey on behalf of my organization, drawing on inputs from relevant teams)",,Company,,Chemicals (151010),Trading Companies and Distributors,0,166,155,93.4,79,54910,152
188,Yes,Redacted,Redacted,United States,Yes,Organization,Yes,,"Yes (Including completing this survey on behalf of my organization, drawing on inputs from relevant teams)",,Company,,Information and communication technology (45),,1,158,150,90.4,74,63105,123
190,Yes,Redacted,Redacted,France,Yes,Organization,Yes,,"Yes (Including completing this survey on behalf of my organization, drawing on inputs from relevant teams)",,Company,,Other (please specify below),Semiconductors manufacturing,1,81,72,43.4,22,3346,58
191,Yes,Redacted,Redacted,United States,Yes,Organization,Yes,,"Yes (Including completing this survey on behalf of my organization, drawing on inputs from relevant teams)",,Company,,Apparel (25203010),,1,20,12,7.2,4,5094,15
192,Yes,Redacted,Redacted,Japan,No,Organization,Yes,,"Yes (Including completing this survey on behalf of my organization, drawing on inputs from relevant teams)",,Company,,Construction (201030),,1,22,14,8.4,6,7686,15
194,Yes,Redacted,Redacted,United States,No,Organization,Yes,,"Yes (Including completing this survey on behalf of my organization, drawing on inputs from relevant teams)",,Company,,Other (please specify below),"Renting and leasing of other machinery, equipment and tangible goods",1,117,108,65.1,46,34556,76
195,Yes,Redacted,Redacted,Belgium,No,Individual,Yes,,"Yes (Including completing this survey on behalf of my organization, drawing on inputs from relevant teams)",,Company,,"Professional, scientific, and technical services (2020)",,1,22,14,8.4,4,2311,16
196,No,Laura Kelly,Action Speaks Louder,Australia,Yes,Organization,No,,No,,Non-profit organization/NGO/civil society,,Other (please specify below),Civil Society,0,65,54,32.5,24,9268,81
198,Yes,Redacted,Redacted,Germany,Yes,Organization,Yes,,"Yes (Including completing this survey on behalf of my organization, drawing on inputs from relevant teams)",,Industry group,,Chemicals (151010),,1,73,65,39.2,15,5618,56
200,Yes,Redacted,Redacted,United States,Yes,Organization,Yes,,"Yes (Including completing this survey on behalf of my organization, drawing on inputs from relevant teams)",,Company,,"Retail (2550, 3010)",,1,24,16,9.6,6,1700,12
201,Yes,Redacted,Redacted,United States,Yes,Organization,Yes,,"Yes (Including completing this survey on behalf of my organization, drawing on inputs from relevant teams)",,Company,,Materials (15),,1,97,89,53.6,37,13700,94
202,Yes,Redacted,Redacted,United States,Yes,Organization,Yes,,"Yes (Including completing this survey on behalf of my organization, drawing on inputs from relevant teams)",,Company,,Real estate (60),,1,106,98,59.0,43,34961,87
203,Yes,Redacted,Redacted,United States,Yes,Organization,Yes,,"Yes (Including completing this survey on behalf of my organization, drawing on inputs from relevant teams)",,Energy supplier/retailer or utility,,Energy (10),,1,20,12,7.2,5,7534,10
205,Yes,Redacted,Redacted,France,Yes,Organization,Yes,,"Yes (Including completing this survey on behalf of my organization, drawing on inputs from relevant teams)",,Company,,Manufacturing,,1,111,103,62.0,40,23871,94
206,Yes,Redacted,Redacted,Germany,No,Organization,Yes,,"Yes (Including completing this survey on behalf of my organization, drawing on inputs from relevant teams)",,Company,,Energy (10),,1,101,93,56.0,21,3789,82
207,Yes,Redacted,Redacted,United States,No,Individual,Other or N/A (please specify below),,Not applicable,,Company,,Energy (10),,1,21,13,7.8,7,4138,2
208,Yes,Redacted,Redacted,United States,Yes,Organization,Yes,,"Yes (Including completing this survey on behalf of my organization, drawing on inputs from relevant teams)",,Company,,"Professional, scientific, and technical services (2020)",,1,51,43,25.9,9,3756,52
209,No,Josh Lowell,"RE Tech Advisors, a Legence Company",United States,No,Organization,Yes,,"Yes (Including completing this survey on behalf of my organization, drawing on inputs from relevant teams)",,Company,,Real estate (60),,0,28,18,10.8,12,12334,4
211,No,Nic Boal,Arup,Australia,Yes,Individual,Yes,,"Yes (Including completing this survey on behalf of my organization, drawing on inputs from relevant teams)",,Consultant supporting organizations with GHG inventories/strategies,,"Professional, scientific, and technical services (2020)",,0,42,32,19.3,3,96,39
212,Yes,Redacted,Redacted,United States,Yes,Individual,No,,No,,Consultant supporting organizations with GHG inventories/strategies,,Chemicals (151010),,1,40,32,19.3,1,5,24
213,Yes,Redacted,Redacted,United States,No,Organization,Yes,,"Yes (Including completing this survey on behalf of my organization, drawing on inputs from relevant teams)",,Company,,"Retail (2550, 3010)",,1,26,18,10.8,2,1530,25
214,No,Jason Parkin,Compose[d],United States,Yes,Organization,Yes,,"Yes (Including completing this survey on behalf of my organization, drawing on inputs from relevant teams)",,Company,,"Professional, scientific, and technical services (2020)",,0,113,103,62.0,46,74607,101
215,No,Scott Burns,Quintrace,United States,Yes,Organization,Other or N/A (please specify below),"Quintrace is a software platform so we do not report inventories for Quintrace alone, but is used to calculate organization wide emissions for Quinbrook","Yes (Including completing this survey on behalf of my organization, drawing on inputs from relevant teams)",,Data/analytics or software provider related to GHG inventories,,Energy (10),,0,76,65,39.2,24,12539,73
217,Yes,Redacted,Redacted,Netherlands,No,Individual,No,,Not applicable,,Company,,Energy (10),,1,31,23,13.9,2,251,51
218,Yes,Redacted,Redacted,United States,No,Organization,Yes,,"Yes (Including completing this survey on behalf of my organization, drawing on inputs from relevant teams)",,Company,,"Consumer goods (25, 30)",,1,44,36,21.7,3,357,35
219,No,Lukas Torscht,"McKinsey & Company, Inc.; Roskilde University",Germany,No,Individual,Yes,,Other (please specify below),I help companies developing them.,Consultant supporting organizations with GHG inventories/strategies,,"Professional, scientific, and technical services (2020)",,0,49,38,22.9,11,563,46
220,Yes,Redacted,Redacted,Germany,Yes,Organization,Yes,,"Yes (Including completing this survey on behalf of my organization, drawing on inputs from relevant teams)",,Company,,Manufacturing,,1,87,79,47.6,26,11585,85
221,Yes,Redacted,Redacted,Germany,Yes,Organization,Yes,,"Yes (Including completing this survey on behalf of my organization, drawing on inputs from relevant teams)",,Company,,Manufacturing,,1,161,153,92.2,75,31012,108
222,No,Duncan Williams,Trimble,United Kingdom,Yes,Organization,Yes,,"Yes (Including completing this survey on behalf of my organization, drawing on inputs from relevant teams)",,Company,,Information and communication technology (45),,0,38,28,16.9,12,3250,25
223,Yes,Redacted,Redacted,Canada,Yes,Organization,Other or N/A (please specify below),"We are an industry association representing over 1,000 retailers operating in Canada; many of whom have a GHG inventory",Not applicable,,Industry group,,"Retail (2550, 3010)",,1,27,18,10.8,6,969,13
224,No,Shannon Geiger-Risdon,Agendi,United States,Yes,Individual,Yes,,"Yes (Including completing this survey on behalf of my organization, drawing on inputs from relevant teams)",,Consultant supporting organizations with GHG inventories/strategies,,"Professional, scientific, and technical services (2020)",,0,40,30,18.1,8,2014,39
225,No,Devon Johnson,Center for Resource Solutions (CRS),United States,Yes,Organization,No,,Not applicable,,Non-profit organization/NGO/civil society,,Energy (10),,0,91,81,48.8,41,64551,37
226,Yes,Redacted,Redacted,United States,No,Organization,Yes,,"Yes (Including completing this survey on behalf of my organization, drawing on inputs from relevant teams)",,Company,,Other (please specify below),Media and Entertainment,1,152,143,86.1,66,21405,128
227,Yes,Redacted,Redacted,Netherlands,Yes,Organization,Other or N/A (please specify below),We are traders' association.,Not applicable,,Non-profit organization/NGO/civil society,,Energy (10),,1,32,23,13.9,12,18978,27
228,Yes,Redacted,Redacted,United Kingdom,Yes,Organization,Yes,,"Yes (Including completing this survey on behalf of my organization, drawing on inputs from relevant teams)",,Company,,Manufacturing,,1,116,108,65.1,42,39151,114
229,Yes,Redacted,Redacted,Russia,Yes,Organization,Yes,,"Yes (Including completing this survey on behalf of my organization, drawing on inputs from relevant teams)",,Certificate registry/tracking system operator,,Power generation (551050),,1,80,72,43.4,31,11735,47
230,Yes,Redacted,Redacted,Ireland,No,Organization,Yes,,"Yes (Including completing this survey on behalf of my organization, drawing on inputs from relevant teams)",,Company,,"Food and beverage (302010, 302020)",,1,148,140,84.3,80,11508,102
231,Yes,Redacted,Redacted,Portugal,Yes,Organization,Yes,,Not applicable,,Company,,Transportation (2030),,1,52,44,26.5,6,1134,57
232,Yes,Redacted,Redacted,United Kingdom,Yes,Organization,Yes,,"Yes (Including completing this survey on behalf of my organization, drawing on inputs from relevant teams)",,Company,,Real estate (60),,1,9,1,0.6,1,619,0
233,Yes,Redacted,Redacted,United States,Yes,Individual,Yes,,"Yes (Including completing this survey on behalf of my organization, drawing on inputs from relevant teams)",,Company,,Information and communication technology (45),,1,105,97,58.4,33,53780,89
234,No,George Alexander,Resident of a retirement community near Philadelphia,United States,Yes,Individual,Other or N/A (please specify below),We calculate an approximate carbon footprint based on utility bills.,"Yes (Including completing this survey on behalf of my organization, drawing on inputs from relevant teams)",,Other (please specify below),Retirement community,Other (please specify below),Retirement community,0,14,1,0.6,6,351,0
235,No,Jim Boyle,Sustainability Roundtable Inc,United States,Yes,Organization,Yes,,"Yes (Including completing this survey on behalf of my organization, drawing on inputs from relevant teams)",,Consultant supporting organizations with GHG inventories/strategies,,"Professional, scientific, and technical services (2020)",,0,49,39,23.5,19,16915,21
236,No,hanim Elsheikh,Agricultural research center,Egypt,Yes,Organization,Yes,,"Yes (Including completing this survey on behalf of my organization, drawing on inputs from relevant teams)",,Academia/research,,Waste management,,0,97,87,52.4,10,10318,77
237,Yes,Redacted,Redacted,United States,Yes,Organization,Yes,,"Yes (Including completing this survey on behalf of my organization, drawing on inputs from relevant teams)",,Company,,"Consumer goods (25, 30)",,1,88,80,48.2,29,14821,82
238,Yes,Redacted,Redacted,Germany,Yes,Organization,No,,No,,Other (please specify below),,Energy (10),,1,55,47,28.3,8,1658,51
239,Yes,Redacted,Redacted,United States,Yes,Organization,Yes,,"Yes (Including completing this survey on behalf of my organization, drawing on inputs from relevant teams)",,Company,,Information and communication technology (45),,1,24,16,9.6,7,11230,13
242,Yes,Redacted,Redacted,Japan,No,Individual,Yes,,"Yes (Including completing this survey on behalf of my organization, drawing on inputs from relevant teams)",,Company,,Other (please specify below),Ad agency,1,57,48,28.9,4,984,40
243,No,Philippe Cornille,European Industrial Gases Association - EIGA,Belgium,No,Organization,Other or N/A (please specify below),"EIGA, as an industry association, does not have a greenhouse gas inventory.",Other (please specify below),"EIGA, as an industry association, does not have a greenhouse gas inventory, but facilitates exchange of expert expert best practices.",Industry group,,Other (please specify below),Industrial and medical gases,0,104,91,54.8,45,21603,95
244,Yes,Redacted,Redacted,Russia,Yes,Organization,No,,"Yes (Including completing this survey on behalf of my organization, drawing on inputs from relevant teams)",,Energy supplier/retailer or utility,,Energy (10),,1,33,25,15.1,9,4319,23
246,Yes,Redacted,Redacted,Germany,Yes,Organization,Yes,,"Yes (Including completing this survey on behalf of my organization, drawing on inputs from relevant teams)",,Company,,"Retail (2550, 3010)",,1,169,161,97.0,84,39620,111
247,No,Jacob Mansfield,Tierra Climate Inc.,United States,Yes,Organization,Other or N/A (please specify below),We are a service provider that serves reporting entities with emissions inventories,Not applicable,,Data/analytics or software provider related to GHG inventories,,"Professional, scientific, and technical services (2020)",,0,42,31,18.7,17,19384,47
248,No,Matthew Brander,University of Edinburgh,United Kingdom,Yes,Individual,Yes,,No,,Academia/research,,Education,,0,32,22,13.3,13,9607,15
249,No,Andy Hackett,Centre for Net Zero,United Kingdom,No,Organization,Yes,,No,,Non-profit organization/NGO/civil society,,Energy (10),,0,27,17,10.2,6,1659,29
250,No,Daniel Hölder,BayWa r.e.,Germany,Yes,Organization,Yes,,"Yes (Including completing this survey on behalf of my organization, drawing on inputs from relevant teams)",,Company,,Energy (10),,0,24,14,8.4,6,1390,11
251,Yes,Redacted,Redacted,United States,Yes,Organization,Yes,,"Yes (Including completing this survey on behalf of my organization, drawing on inputs from relevant teams)",,Academia/research,,Education,,1,105,97,58.4,37,22480,106
252,Yes,Redacted,Redacted,Chile,Yes,Organization,Yes,,"Yes (Including completing this survey on behalf of my organization, drawing on inputs from relevant teams)",,Industry group,,Mining (151040),,1,72,64,38.6,23,7106,59
253,Yes,Redacted,Redacted,China,Yes,Individual,Yes,,"Yes (Including completing this survey on behalf of my organization, drawing on inputs from relevant teams)",,Academia/research,,Education,,1,162,154,92.8,75,31619,142
254,No,(Timmy) CHIH FENG HUANG,"Taiwan Digital Sustainability International Co., Ltd.",Taiwan,Yes,Organization,Other or N/A (please specify below),Our greenhouse gas inventory is in progress.,"Yes (Including completing this survey on behalf of my organization, drawing on inputs from relevant teams)",,Consultant supporting organizations with GHG inventories/strategies,,"Professional, scientific, and technical services (2020)",,0,114,103,62.0,50,45690,52
255,Yes,Redacted,Redacted,Korea - Republic of/South,Yes,Organization,Yes,,No,,Company,,Manufacturing,,1,136,128,77.1,68,47925,95
256,Yes,Redacted,Redacted,Korea - Republic of/South,No,Organization,Yes,,"Yes (Including completing this survey on behalf of my organization, drawing on inputs from relevant teams)",,Company,,Manufacturing,,1,138,130,78.3,60,9666,43
257,Yes,Redacted,Redacted,Japan,Yes,Organization,Yes,,"Yes (Including completing this survey on behalf of my organization, drawing on inputs from relevant teams)",,Company,,Manufacturing,,1,96,88,53.0,23,7672,80
258,Yes,Redacted,Redacted,Norway,No,Organization,Yes,,"Yes (Including completing this survey on behalf of my organization, drawing on inputs from relevant teams)",,Company,,Materials (15),,1,76,68,41.0,23,5607,63
259,No,Mauro Miranda,Renewable Energy Company,Spain,No,Organization,No,,No,,Company,,Energy (10),,0,62,52,31.3,14,697,34
260,No,Magnus Viremo,SIGA - Swedish Industrial Gases Association,Sweden,No,Organization,Other or N/A (please specify below),"SIGA, as an industry association, does not have a greenhouse inventory.",Other (please specify below),"SIGA, as an industry association, does not have a greenhouse inventory.",Industry group,,Other (please specify below),Industrial and medical gases,0,104,91,54.8,45,21565,95
261,Yes,Redacted,Redacted,Taiwan,Yes,Organization,Other or N/A (please specify below),We are BCSD Taiwan. We respond based on the opinions provided by BCSD Taiwan members.,Not applicable,,Non-profit organization/NGO/civil society,,Other (please specify below),NGO,1,19,9,5.4,6,1560,6
262,Yes,Redacted,Redacted,Czech Republic,Yes,Organization,Yes,,No,,Energy supplier/retailer or utility,,Power generation (551050),,1,44,36,21.7,10,2816,42
263,Yes,Redacted,Redacted,United States,No,Organization,No,,Not applicable,,Non-profit organization/NGO/civil society,,Other (please specify below),Non profit research organization,1,22,13,7.8,7,1025,11
264,Yes,Redacted,Redacted,Germany,Yes,Organization,Yes,,"Yes (Including completing this survey on behalf of my organization, drawing on inputs from relevant teams)",,Company,,Manufacturing,,1,79,71,42.8,19,1472,58
265,Yes,Redacted,Redacted,United States,Yes,Organization,Yes,,"Yes (Including completing this survey on behalf of my organization, drawing on inputs from relevant teams)",,Other (please specify below),REIT,Real estate (60),,1,44,35,21.1,22,49585,23
266,Yes,Redacted,Redacted,Canada,Yes,Organization,Other or N/A (please specify below),N/A,"Yes (Including completing this survey on behalf of my organization, drawing on inputs from relevant teams)",,Other (please specify below),Canadian Bankers Association (CBA),Other (please specify below),Financial services/banking,1,42,31,18.7,16,16820,53
268,No,Claire Wigg,Exponential Roadmap Initiative,Sweden,Yes,Organization,Yes,,"Yes (Including completing this survey on behalf of my organization, drawing on inputs from relevant teams)",,Consultant supporting organizations with GHG inventories/strategies,,"Professional, scientific, and technical services (2020)",,0,81,71,42.8,26,4104,52
269,No,Rob Hayward,Drax,United Kingdom,No,Organization,Yes,,No,,Energy supplier/retailer or utility,,Energy (10),,0,76,66,39.8,28,11009,45
270,Yes,Redacted,Redacted,United Kingdom,Yes,Organization,Yes,,"Yes (Including completing this survey on behalf of my organization, drawing on inputs from relevant teams)",,Company,,"Retail (2550, 3010)",,1,74,66,39.8,9,1964,96
271,Yes,Redacted,Redacted,United Kingdom,Yes,Organization,Yes,,"Yes (Including completing this survey on behalf of my organization, drawing on inputs from relevant teams)",,Company,,"Food and beverage (302010, 302020)",,1,106,98,59.0,24,11648,149
272,No,Peter Gøransson,Nordea Asset Management,Sweden,No,Organization,Yes,,"Yes (Including completing this survey on behalf of my organization, drawing on inputs from relevant teams)",,Financial Institution,,Finance (40),,0,55,45,27.1,20,5511,50
273,Yes,Redacted,Redacted,United States,Yes,Organization,Yes,,"Yes (Including completing this survey on behalf of my organization, drawing on inputs from relevant teams)",,Financial Institution,,Real estate (60),,1,41,33,19.9,19,1977,23
274,Yes,Redacted,Redacted,United States,No,Organization,Yes,,"Yes (Including completing this survey on behalf of my organization, drawing on inputs from relevant teams)",,Company,,Manufacturing,,1,35,27,16.3,6,2169,23
275,Yes,Redacted,Redacted,United Kingdom,Yes,Organization,Yes,,"Yes (Including completing this survey on behalf of my organization, drawing on inputs from relevant teams)",,Energy supplier/retailer or utility,,Energy (10),,1,59,51,30.7,23,29555,60
276,No,Ryan Sholin,Electricity Maps,Denmark,Yes,Organization,Other or N/A (please specify below),"Electricity Maps is a software company that provides data about the global electrical grid to large and small organizations responsible for Scope 2 carbon emissions reporting. We offer global access to electricity mix, prices, load, and carbon intensity, among other signals, available in real-time, historical, and forecast timeframes. We have downloadable datasets and an enterprise-ready API.",Not applicable,,Company,,Information and communication technology (45),,0,103,92,55.4,50,30963,73
277,Yes,Redacted,Redacted,United States,No,Organization,Other or N/A (please specify below),,Not applicable,,Company,,Energy (10),,1,30,22,13.3,5,1323,20
278,No,Abby,ESG,China,Yes,Organization,Yes,,"Yes (Including completing this survey on behalf of my organization, drawing on inputs from relevant teams)",,Company,,Agriculture (30202010),,0,29,19,11.4,7,764,10
279,No,Danny Tong,"Luxshare Precision Industry Co., Ltd.",China,Yes,Individual,Yes,,"Yes (Including completing this survey on behalf of my organization, drawing on inputs from relevant teams)",,Company,,Manufacturing,,0,29,19,11.4,7,801,13
280,Yes,Redacted,Redacted,China,Yes,Organization,Yes,,"Yes (Including completing this survey on behalf of my organization, drawing on inputs from relevant teams)",,Company,,Manufacturing,,1,27,19,11.4,5,2959,13
281,Yes,Redacted,Redacted,China,Yes,Individual,Yes,,"Yes (Including completing this survey on behalf of my organization, drawing on inputs from relevant teams)",,Company,,Manufacturing,,1,27,19,11.4,5,754,13
282,Yes,Redacted,Redacted,China,Yes,Organization,Yes,,"Yes (Including completing this survey on behalf of my organization, drawing on inputs from relevant teams)",,Company,,Manufacturing,,1,28,20,12.0,6,1135,13
283,Yes,Redacted,Redacted,China,Yes,Organization,Yes,,"Yes (Including completing this survey on behalf of my organization, drawing on inputs from relevant teams)",,Company,,Manufacturing,,1,27,19,11.4,5,756,12
284,No,May Qiu,Luxshare-ICT,China,Yes,Individual,Yes,,"Yes (Including completing this survey on behalf of my organization, drawing on inputs from relevant teams)",,Company,,Manufacturing,,0,29,19,11.4,7,1265,13
285,No,Yiming Zhang,Suzhou Luxshare Technology Co.Ltd,China,No,Organization,Yes,,"Yes (Including completing this survey on behalf of my organization, drawing on inputs from relevant teams)",,Industry group,,Information and communication technology (45),,0,29,19,11.4,7,802,13
286,Yes,Redacted,Redacted,China,Yes,Organization,No,,No,,Company,,"Consumer goods (25, 30)",,1,25,17,10.2,5,757,13
287,No,Ruan Deying,Luxshare-ICT (Viet Nam),Vietnam,Yes,Organization,Yes,,No,,Company,,Other (please specify below),FATP,0,30,19,11.4,9,6248,13
288,No,Qianqain Yu,"Merry Electronics（Suzhou）Co.,Ltd.",China,Yes,Organization,Yes,,"Yes (Including completing this survey on behalf of my organization, drawing on inputs from relevant teams)",,Company,,Manufacturing,,0,29,19,11.4,7,801,13
289,No,Naoto Hirakata,Copenhagen Infrastructure Partners,Japan,Yes,Individual,Other or N/A (please specify below),No direct answers available.,Not applicable,,Other (please specify below),Investment fund manager,Other (please specify below),Investment fund manager,0,25,12,7.2,10,2577,8
290,No,Ruiping He,"Kunming Zhitong Electronics Co., Ltd.",China,Yes,Organization,Yes,,"Yes (Including completing this survey on behalf of my organization, drawing on inputs from relevant teams)",,Company,,Manufacturing,,0,29,19,11.4,7,805,13
291,No,Sammy Wang,"Dongguan Leader Precision Industry Co., Ltd.",China,No,Organization,Yes,,"Yes (Including completing this survey on behalf of my organization, drawing on inputs from relevant teams)",,Company,,Manufacturing,,0,30,20,12.0,7,811,13
292,Yes,Redacted,Redacted,China,Yes,Individual,Yes,,"Yes (Including completing this survey on behalf of my organization, drawing on inputs from relevant teams)",,Company,,Manufacturing,,1,21,13,7.8,5,291,3
293,Yes,Redacted,Redacted,China,Yes,Organization,Yes,/,"Yes (Including completing this survey on behalf of my organization, drawing on inputs from relevant teams)",/,Company,/,Manufacturing,/,1,32,20,12.0,10,2943,13
294,Yes,Redacted,Redacted,China,Yes,Organization,Yes,,"Yes (Including completing this survey on behalf of my organization, drawing on inputs from relevant teams)",,Company,,Manufacturing,,1,27,19,11.4,5,757,13
295,Yes,Redacted,Redacted,China,No,Organization,Yes,,"Yes (Including completing this survey on behalf of my organization, drawing on inputs from relevant teams)",,Company,,Manufacturing,,1,28,20,12.0,6,1066,13
296,No,张志芬,美律电子（惠州）有限公司,China,No,Organization,Other or N/A (please specify below),,No,,Company,,Manufacturing,,0,29,19,11.4,7,772,12
297,Yes,Redacted,Redacted,China,Yes,Organization,Yes,,"Yes (Including completing this survey on behalf of my organization, drawing on inputs from relevant teams)",,Company,,Information and communication technology (45),,1,34,26,15.7,16,501,1
298,Yes,Redacted,Redacted,China,Yes,Individual,Yes,,"Yes (Including completing this survey on behalf of my organization, drawing on inputs from relevant teams)",,Company,,"Consumer goods (25, 30)",,1,22,14,8.4,5,135,2
299,Yes,Redacted,Redacted,China,No,Individual,No,/,No,/,Company,/,Manufacturing,/,1,31,19,11.4,9,676,12
300,Yes,Redacted,Redacted,China,Yes,Organization,Yes,-,"Yes (Including completing this survey on behalf of my organization, drawing on inputs from relevant teams)",-,Company,-,Manufacturing,-,1,177,165,99.4,89,89,36
301,Yes,Redacted,Redacted,China,Yes,Individual,Yes,,No,,Company,,Information and communication technology (45),,1,16,8,4.8,6,6,11
302,Yes,Redacted,Redacted,China,Yes,Individual,Yes,,"Yes (Including completing this survey on behalf of my organization, drawing on inputs from relevant teams)",,Company,,"Consumer goods (25, 30)",,1,16,8,4.8,5,5,1
303,No,柯成成,宣城立讯精密工业有限公司,China,Yes,Organization,Yes,,"Yes (Including completing this survey on behalf of my organization, drawing on inputs from relevant teams)",,Company,,Manufacturing,,0,29,19,11.4,7,772,13
304,No,Mengxiao Yang,"Luxshare Precision Industry (Jiangsu) Co., LTD",China,Yes,Organization,Yes,,"Yes (Including completing this survey on behalf of my organization, drawing on inputs from relevant teams)",,Company,,Manufacturing,,0,30,20,12.0,8,1809,13
305,No,Cibin.He,"Luxshare Precision Industry (Kunshan) Co., Ltd.",China,Yes,Organization,Yes,,"Yes (Including completing this survey on behalf of my organization, drawing on inputs from relevant teams)",,Company,,Manufacturing,,0,29,19,11.4,8,3267,13
306,Yes,Redacted,Redacted,China,Yes,Individual,Yes,,"Yes (Including completing this survey on behalf of my organization, drawing on inputs from relevant teams)",,International agency,,"Biotech, health care and pharmaceutical (35201010, 3510, 35202010)",,1,10,2,1.2,0,0,1
307,Yes,Redacted,Redacted,China,Yes,Organization,Yes,,"Yes (Including completing this survey on behalf of my organization, drawing on inputs from relevant teams)",,Company,,Manufacturing,,1,28,20,12.0,6,7756,13
308,No,李敏,江苏立讯机器人有限公司,China,Yes,Organization,Yes,,"Yes (Including completing this survey on behalf of my organization, drawing on inputs from relevant teams)",,Company,,Manufacturing,,0,23,13,7.8,6,21,10
309,Yes,Redacted,Redacted,China,Yes,Organization,Yes,,"Yes (Including completing this survey on behalf of my organization, drawing on inputs from relevant teams)",,Company,,Information and communication technology (45),,1,9,1,0.6,0,0,0
310,Yes,Redacted,Redacted,China,Yes,Individual,Yes,,"Yes (Including completing this survey on behalf of my organization, drawing on inputs from relevant teams)",,Company,,Manufacturing,,1,35,27,16.3,0,0,32
312,No,Duan Lian,"Luxshare Precision Industry(Handan) Co., Ltd.",China,Yes,Organization,Yes,,"Yes (Including completing this survey on behalf of my organization, drawing on inputs from relevant teams)",,Company,,Manufacturing,,0,29,19,11.4,7,811,12
313,No,邢静怡,立讯智造（浙江）有限公司,China,Yes,Organization,Yes,,"Yes (Including completing this survey on behalf of my organization, drawing on inputs from relevant teams)",,Company,,Other (please specify below),,0,29,19,11.4,7,771,13
314,Yes,Redacted,Redacted,Korea - Republic of/South,Yes,Organization,No,,No,,Industry group,,Services,,1,134,126,75.9,65,46661,99
315,Yes,Redacted,Redacted,China,No,Organization,Yes,,"Yes (Including completing this survey on behalf of my organization, drawing on inputs from relevant teams)",,Company,,Manufacturing,,1,30,22,13.3,5,165,13
316,Yes,Redacted,Redacted,Vietnam,Yes,Organization,Yes,,"Yes (Including completing this survey on behalf of my organization, drawing on inputs from relevant teams)",,Other (please specify below),FATP & SMT,Manufacturing,,1,25,16,9.6,3,4844,13
317,Yes,Redacted,Redacted,China,Yes,Individual,Yes,,"Yes (Including completing this survey on behalf of my organization, drawing on inputs from relevant teams)",,Company,,Manufacturing,,1,21,13,7.8,5,290,3
318,No,TingTing Lee,LITE-ON Technology Corporation,Taiwan,Yes,Individual,Yes,,"Yes (Including completing this survey on behalf of my organization, drawing on inputs from relevant teams)",,Company,,Manufacturing,,0,80,70,42.2,12,6577,92
319,No,WANG HAISHAN,LUXSHARE,China,No,Individual,Yes,,Not applicable,,Company,,Manufacturing,,0,24,14,8.4,7,778,11
320,No,Olav Berg,Hafslund,Norway,No,Organization,Yes,,No,,Energy supplier/retailer or utility,,Power generation (551050),,0,36,26,15.7,12,9282,19
321,No,Ineke Vlot,SMK (Stichting Milieukeur),Netherlands,Yes,Organization,No,,No,,Non-profit organization/NGO/civil society,,Services,,0,59,49,29.5,27,35902,28
323,Yes,Redacted,Redacted,Germany,Yes,Organization,Yes,,"Yes (Including completing this survey on behalf of my organization, drawing on inputs from relevant teams)",,Company,,Chemicals (151010),,1,84,76,45.8,32,21011,48
324,Yes,Redacted,Redacted,Nigeria,Yes,Organization,No,,"Yes (Including completing this survey on behalf of my organization, drawing on inputs from relevant teams)",,Non-profit organization/NGO/civil society,,Energy (10),,1,50,42,25.3,22,32251,46
325,No,Just Share,Just Share is not affiliated with any organisations,South Africa,Yes,Organization,Other or N/A (please specify below),We are a small non- profit focused on corporate accountability. Our own emissions are small and not currently logged in an inventory.,Not applicable,,Non-profit organization/NGO/civil society,,Finance (40),,0,65,54,32.5,27,28197,62
326,Yes,Redacted,Redacted,United States,Yes,Organization,Yes,,"Yes (Including completing this survey on behalf of my organization, drawing on inputs from relevant teams)",,Company,,"Retail (2550, 3010)",,1,22,14,8.4,7,6659,11
327,No,"Fred Ugast, on behalf of TimberRock Consulting LLC",TimberRock Consulting LLC (preparer and practitioner supporting enterprise electricity emissions management and reporting),United States,No,Organization,No,,Not applicable,,Data/analytics or software provider related to GHG inventories,,"Professional, scientific, and technical services (2020)",,0,137,127,76.5,60,43679,131
328,No,Allison Yake,Corning Incorporated,United States,Yes,Organization,Yes,,"Yes (Including completing this survey on behalf of my organization, drawing on inputs from relevant teams)",,Company,,Manufacturing,,0,83,73,44.0,34,26504,51
330,Yes,Redacted,Redacted,Japan,Yes,Organization,Yes,,"Yes (Including completing this survey on behalf of my organization, drawing on inputs from relevant teams)",,Company,,Chemicals (151010),,1,46,38,22.9,16,4396,40
331,No,Fashion Industry Charter for Climate Action,"The submission is on behalf of a group of Fashion Industry Charter for Climate Action (Fashion Charter) signatories comprising adidas, Epic Group, Fast Retailing Co., Ltd, Fenix Outdoor International AG, Gant, Gap Inc., Guess, H&M, INDITEX S.A., Levi Strauss & Co, Primark, Ralph Lauren, and TAL Apparel Ltd. In preparation for this submission, the Fashion Charter issued a call for expressions of interest among signatories to engage in the GHG Protocol Scope 2 public consultation. Thirteen companies responded, and four meetings were convened to discuss the proposed changes.",Germany,No,Organization,Other or N/A (please specify below),"Signatories to the Fashion Charter are required quantify, track and publicly report GHG emissions on annual basis via CDP, consistent with standards and best practices of measurement and transparency.",Not applicable,,Other (please specify below),"The Fashion Charter is an initiative convened by UN Climate Change that brings together brands, manufacturers and supporting organizations committed to driving industry wide transformation. The Charter sets out a shared vision of achieving net zero emissions by 2050, in line with the global goal of limiting warming to 1.5 degrees Celsius. The opinions expressed and arguments employed herein do not necessarily reflect the official views of UN Climate Change, as convener of the Fashion Industry Charter for Climate Action.",Apparel (25203010),,0,24,12,7.2,8,10550,17
332,Yes,Redacted,Redacted,China,Yes,Organization,Yes,,"Yes (Including completing this survey on behalf of my organization, drawing on inputs from relevant teams)",,Academia/research,,Energy (10),,1,56,48,28.9,8,11794,71
333,No,Dr. William Hogan,"John F. Kennedy School of Government, Harvard University",United States,No,Individual,Other or N/A (please specify below),,Not applicable,,Academia/research,,Education,,0,23,13,7.8,9,10142,6
334,Yes,Redacted,Redacted,China,Yes,Organization,Yes,,"Yes (Including completing this survey on behalf of my organization, drawing on inputs from relevant teams)",,Company,,Manufacturing,,1,129,121,72.9,52,19919,63
335,Yes,Redacted,Redacted,China,Yes,Individual,Yes,,"Yes (Including completing this survey on behalf of my organization, drawing on inputs from relevant teams)",,Company,,Materials (15),,1,168,160,96.4,84,210,48
336,No,Dr. Thiwanka De Fonseka,"Komar (Charles Komar & Sons, Inc.)",United States,Yes,Organization,Yes,,"Yes (Including completing this survey on behalf of my organization, drawing on inputs from relevant teams)",,Company,,Apparel (25203010),,0,44,34,20.5,12,18929,29
337,Yes,Redacted,Redacted,United Kingdom,Yes,Organization,Yes,,"Yes (Including completing this survey on behalf of my organization, drawing on inputs from relevant teams)",,Consultant supporting organizations with GHG inventories/strategies,,"Professional, scientific, and technical services (2020)",,1,62,54,32.5,24,29967,62
338,No,zhang zongyuan,MFLEX,United States,Yes,Organization,Yes,,"Yes (Including completing this survey on behalf of my organization, drawing on inputs from relevant teams)",,Company,,Manufacturing,,0,27,17,10.2,8,7391,13
340,Yes,Redacted,Redacted,Singapore,Yes,Organization,Yes,,"Yes (Including completing this survey on behalf of my organization, drawing on inputs from relevant teams)",,Company,,Real estate (60),,1,39,31,18.7,12,11513,29
342,No,Sara Marcucci,AI + Planetary Justice Alliance,Italy,Yes,Organization,No,,No,,Non-profit organization/NGO/civil society,,Information and communication technology (45),,0,63,53,31.9,25,30119,62
343,Yes,Redacted,Redacted,Germany,No,Organization,Yes,,"Yes (Including completing this survey on behalf of my organization, drawing on inputs from relevant teams)",,Company,,Chemicals (151010),,1,153,145,87.3,79,3216,73
344,No,Sebastián Franco Peña,"Corporación Nacional del Cobre, CODELCO",Chile,No,Organization,Yes,,"Yes (Including completing this survey on behalf of my organization, drawing on inputs from relevant teams)",,Company,,Mining (151040),,0,176,166,100.0,87,10990,67
345,Yes,Redacted,Redacted,United Kingdom,Yes,Individual,Yes,,"Yes (Including completing this survey on behalf of my organization, drawing on inputs from relevant teams)",,Company,,Agriculture (30202010),,1,148,140,84.3,67,44439,132
346,No,Frederick Wewers,Eastman Chemical Company,United States,Yes,Organization,Yes,,"Yes (Including completing this survey on behalf of my organization, drawing on inputs from relevant teams)",,Company,,Chemicals (151010),,0,80,70,42.2,26,15333,73
347,No,Chris Adams,Green Software Foundation,Germany,No,Organization,No,,No,,Industry group,,Information and communication technology (45),,0,29,19,11.4,13,7244,26
348,No,Simon Hinterholzer,-,Germany,Yes,Individual,Other or N/A (please specify below),I'm replying as individual,Not applicable,,Other (please specify below),I'm replying as individual,Other (please specify below),I'm replying as individual,0,64,51,30.7,27,26166,54
349,No,"Duane Desiderio, Senior Vice Present and Counsel","Members of The Real Estate Roundtable (RER) (www.rer.org) are the Chairs, Presidents, and CEOs of top public and privately-owned real estate entities and trade associations, across every segment of the commercial real estate industry – as well as the Managing Directors of major national and international financial, pension, and lending entities. RER members also include significant local and regional real estate leaders and advisors, along with the elected leaders of 18 national real estate associations. RER members are listed in our 2025 Annual Report.

RER collaborated with our partner organization, Nareit (www.reit.com) in preparing these comments.

RER members work closely with Washington lawmakers and regulators to produce meaningful results on key national issues that affect the real estate industry. RER is committed to fact-based analysis of issues and sound, asset-related policies that have a positive impact on economic growth, job-creation, and local communities. Collectively, RER members’ companies own, manage and finance 12 billion square feet of office, retail, and industrial space; over 4 million apartment units; and over 5 million hotel rooms.

Commercial real estate is a key driver of the US economy. The total value of investable commercial real estate in the US is $28.6 trillion. Commercial real estate’s overall contribution to US GDP is $2.5 trillion. The industry supports 14.1 million US jobs; contributes $600 billion per year to state and local tax bases; and contributes $900 billion to Americans’ retirement and pension funds, educational endowments, and charitable foundations. See RER, Commercial Real Estate By The Numbers 2025.

We have refrained from responding to certain questions in the GHGP’s survey because their phrasing presumes a result to mandate strict hourly and geographic connections for clean energy purchases. We believe that such “24/7” matching is neither workable nor practicable as a broadly applicable accounting standard in the US. As explained throughout these responses, we urge GHGP to retain optional 24/7 matching in the next iteration of Scope 2 Guidance. Otherwise, we believe that the proposed requirements will:

• Increase compliance costs significantly for companies that use Scope 2 Guidelines for both regulatory and voluntary emissions disclosures;
• Diminish private sector interest to pursue bulk renewable energy procurements;
• Cause GHGP’s Guidance to lose resonance as a global standard for companies with real estate assets in the US;
• Confront resistance due to US market conditions driving sharp demand growth for electricity, amid federal government policies that eliminate subsidies and support for wind and solar development. ; and
• Further complicate already time-consuming and difficult processes for reporting emissions data – resulting in less consistent, comparable, and decision-useful information available for investment analysis.

The World Resources Institute (WRI) states that “the US clean energy sector faces a critical moment” and “headwinds” are “getting stronger” regarding renewable energy development:

“Several challenges persist that are slowing deployment, including lack of sufficient grid capacity and large interconnection queues, permitting and siting challenges, high interest rates, and lingering supply chain issues. These factors have been holding clean power development back at a time when it needs to be surging ahead.”

WRI, US Clean Power Development Sees Record Progress, As Well As Stronger Headwinds (Feb. 21, 2025). Moreover, WRI explains “it may become even harder to make progress” given recent policies out of Washington, DC and revisions to prior laws supporting renewable energy. (Id.) We advise that GHGP’s proposed requirement for strict hourly and geographic could inadvertently create further impediments for clean energy investments in the US.",United States,Yes,Organization,Other or N/A (please specify below),Industry group,Not applicable,,Industry group,,Real estate (60),,0,46,35,21.1,24,53461,23
351,No,Jessica Long,"Nareit®, serves as the worldwide representative voice for REITs and real estate companies with an interest in U.S. real estate. Nareit’s members include REITs and other real estate companies worldwide that own, operate, and finance income-producing real estate, as well as firms and individuals who advise, study, and service these businesses.

REITs of all types collectively own more than $4.5 trillion in gross assets across the U.S., with public REITs owning $2.5 trillion in assets. U.S. listed REITs have an equity market capitalization of more than $1.4 trillion. REITs provide everyday Americans the opportunity to invest in real estate, and 170 million Americans live in households that benefit from ownership of REITs through stocks, 401(k) plans, pension plans, and other investment funds.

The 100 largest U.S. equity REITs (by market capitalization) publicly report on sustainability, and most disclose their approach to managing climate-related risks, providing decision-useful data tied to their real estate portfolio and business operations. In 2024, 98% of the 100 largest publicly traded U.S. REITs by market cap reported on carbon emissions, and 80% reported voluntary procurement of clean energy.

Nareit collaborated with our partner organization, the Real Estate Roundtable (www.rer.org), in preparing these comments.

We have refrained from responding to certain questions in the GHGP’s survey because their phrasing presumes a result to mandate strict hourly and geographic connections for clean energy purchases. We believe that such “24/7” matching is neither workable nor practicable as a broadly applicable accounting standard in the US. As explained throughout these responses, we urge GHGP to retain optional 24/7 matching in the next iteration of Scope 2 Guidance. Otherwise, we believe that the proposed requirements will:

• Increase compliance costs significantly for companies that use Scope 2 Guidelines for both regulatory and voluntary emissions disclosures;
• Diminish private sector interest to pursue bulk renewable energy procurements;
• Cause GHGP’s Guidance to lose resonance as a global standard for companies with real estate assets in the US;
• Confront resistance due to US market conditions driving sharp demand growth for electricity, amid federal government policies that eliminate subsidies and support for wind and solar development. ; and
• Further complicate already time-consuming and difficult processes for reporting emissions data – resulting in less consistent, comparable, and decision-useful information available for investment analysis.

The World Resources Institute (WRI) states that “the US clean energy sector faces a critical moment” and “headwinds” are “getting stronger” regarding renewable energy development:

“Several challenges persist that are slowing deployment, including lack of sufficient grid capacity and large interconnection queues, permitting and siting challenges, high interest rates, and lingering supply chain issues. These factors have been holding clean power development back at a time whn it needs to be surging ahead.”

WRI, US Clean Power Development Sees Record Progress, As Well As Stronger Headwinds (Feb. 21, 2025). Moreover, WRI explains “it may become even harder to make progress” given recent policies out of Washington, DC and revisions to prior laws supporting renewable energy. (Id.) We advise that GHGP’s proposed requirement for strict hourly and geographic could inadvertently create further impediments for clean energy investments in the US.",United States,Yes,Organization,No,,Not applicable,,Industry group,,Real estate (60),,0,45,35,21.1,23,53076,22
352,Yes,Redacted,Redacted,United States,Yes,Organization,Yes,,"Yes (Including completing this survey on behalf of my organization, drawing on inputs from relevant teams)",,Company,,"Biotech, health care and pharmaceutical (35201010, 3510, 35202010)",,1,124,116,69.9,44,10960,144
353,No,Sofia Gutierrez Boker,Fervo Energy,United States,No,Organization,Yes,,"Yes (Including completing this survey on behalf of my organization, drawing on inputs from relevant teams)",,Energy supplier/retailer or utility,,Energy (10),,0,53,43,25.9,10,1174,67
354,Yes,Redacted,Redacted,United States,No,Organization,Yes,,"Yes (Including completing this survey on behalf of my organization, drawing on inputs from relevant teams)",,Company,,Real estate (60),,1,17,9,5.4,1,126,2
355,No,Hugh Cherne,Best Buy,United States,No,Organization,Yes,,"Yes (Including completing this survey on behalf of my organization, drawing on inputs from relevant teams)",,Company,,"Retail (2550, 3010)",,0,47,37,22.3,18,9628,18
356,No,Kaixin Huang,Lenovo,United States,Yes,Organization,Yes,,"Yes (Including completing this survey on behalf of my organization, drawing on inputs from relevant teams)",,Company,,Manufacturing,,0,88,78,47.0,18,3869,90
357,Yes,Redacted,Redacted,United States,No,Organization,Yes,,"Yes (Including completing this survey on behalf of my organization, drawing on inputs from relevant teams)",,Company,,Manufacturing,,1,157,149,89.8,75,123884,141
358,Yes,Redacted,Redacted,United States,No,Individual,Yes,,"Yes (Including completing this survey on behalf of my organization, drawing on inputs from relevant teams)",,Energy supplier/retailer or utility,,Energy (10),,1,72,64,38.6,20,4474,80
359,Yes,Redacted,Redacted,Netherlands,Yes,Organization,Yes,,"Yes (Including completing this survey on behalf of my organization, drawing on inputs from relevant teams)",,Company,,Manufacturing,,1,162,154,92.8,84,44836,118
360,Yes,Redacted,Redacted,United States,Yes,Organization,Yes,,"Yes (Including completing this survey on behalf of my organization, drawing on inputs from relevant teams)",,Company,,Real estate (60),,1,50,42,25.3,21,49744,31
362,No,Carol,TKG Teakwang,Korea - Republic of/South,Yes,Organization,Yes,,"Yes (Including completing this survey on behalf of my organization, drawing on inputs from relevant teams)",,Company,,Manufacturing,,0,28,18,10.8,7,818,13
363,No,Anushiya Marimuthu,Luxshare India Private Limited,India,No,Organization,No,,"Yes (Including completing this survey on behalf of my organization, drawing on inputs from relevant teams)",,Company,,Manufacturing,,0,33,23,13.9,10,6579,14
364,Yes,Redacted,Redacted,United States,Yes,Organization,Yes,,"Yes (Including completing this survey on behalf of my organization, drawing on inputs from relevant teams)",,Academia/research,,Education,,1,35,27,16.3,8,7874,25
365,No,Akira Saito,SLSV CES INSTITUTE,Japan,Yes,Individual,No,,No,,Academia/research,,Other (please specify below),Research Institute,0,14,3,1.8,5,5096,1
366,No,Roy,BH - Grids,Israel,Yes,Organization,No,,Not applicable,,Company,,Other (please specify below),Software company for monitoring emissions,0,59,48,28.9,19,4308,33
367,Yes,Redacted,Redacted,Korea - Republic of/South,Yes,Organization,No,,Not applicable,,Industry group,,Other (please specify below),INDUSTRY GROUP,1,24,15,9.0,5,1686,19
369,No,Erika Endo,Japan Foreign Trade Council,Japan,Yes,Organization,No,,No,,Industry group,,Other (please specify below),"JFTC represents Japanese trading and investment companies, known as Shosha. Shosha are unique corporations engaged in global trade and investment, operating across the entire value chain—from raw materials to sales and services. Their businesses span a wide range of products and services, making them highly diversified and difficult to categorize into a single industry.",0,53,42,25.3,24,23050,22
370,Yes,Redacted,Redacted,Taiwan,Yes,Individual,Yes,,"Yes (Including completing this survey on behalf of my organization, drawing on inputs from relevant teams)",,Industry group,,Manufacturing,,1,28,20,12.0,6,2928,13
371,No,Minji Kim,Carbon Free Alliance(CFA),Korea - Republic of/South,Yes,Organization,No,,Not applicable,,Other (please specify below),"CF Alliance is a public-private consultative body dedicated to globalizing the CFE initiative. The purpose of this Alliance is to secure carbon-free energy and promote its international dissemination, thereby responding to the climate change crisis and effectively realizing substantial carbon neutrality; foster a positive environment for the acceptance of greenhouse gas reduction performance by utilizing carbon-free energy in the industrial sector; lead relevant initiatives domestically and internationally by improving institutional arrangements, closing the climate gap between countries, and promoting international cooperation; and contribute to strengthening industrial competitiveness in an era that requires greenhouse gas reduction.",Energy (10),,0,30,19,11.4,11,8087,14
372,Yes,Redacted,Redacted,Taiwan,Yes,Organization,Yes,,"Yes (Including completing this survey on behalf of my organization, drawing on inputs from relevant teams)",,Company,,Manufacturing,,1,88,80,48.2,15,17891,64
374,Yes,Redacted,Redacted,Malaysia,No,Organization,Yes,,"Yes (Including completing this survey on behalf of my organization, drawing on inputs from relevant teams)",,Government institution,,"Professional, scientific, and technical services (2020)",,1,70,62,37.3,11,1237,66
375,No,Danny Tso/ Vic Sung,"Avary Holding (Shenzhen) Co., Ltd.",China,No,Organization,Yes,N/A,"Yes (Including completing this survey on behalf of my organization, drawing on inputs from relevant teams)",N/A,Company,N/A,Manufacturing,N/A,0,174,160,96.4,86,21359,74
376,No,Karin Holmkvist,Tetra Pak,Sweden,Yes,Organization,Yes,,"Yes (Including completing this survey on behalf of my organization, drawing on inputs from relevant teams)",,Company,,Manufacturing,,0,95,85,51.2,33,30491,80
377,No,Sphera,Sphera,Germany,Yes,Organization,Yes,,"Yes (Including completing this survey on behalf of my organization, drawing on inputs from relevant teams)",,Consultant supporting organizations with GHG inventories/strategies,,"Professional, scientific, and technical services (2020)",,0,117,107,64.5,47,32218,92
378,No,Jonathan Huang,"HongHengSheng Electronical Technology (Huaian) Co., Ltd.",China,No,Organization,Yes,N/A,"Yes (Including completing this survey on behalf of my organization, drawing on inputs from relevant teams)",N/A,Company,N/A,Manufacturing,N/A,0,177,163,98.2,88,20431,75
379,Yes,Redacted,Redacted,Germany,Yes,Organization,Yes,,"Yes (Including completing this survey on behalf of my organization, drawing on inputs from relevant teams)",,Industry group,,Other (please specify below),Semiconductor Manufacturing,1,63,54,32.5,6,359,42
380,Yes,Redacted,Redacted,Denmark,Yes,Organization,Other or N/A (please specify below),,Not applicable,,Energy supplier/retailer or utility,,Energy (10),,1,27,19,11.4,5,3799,13
381,No,Tijmen de Groot,Foundation for Climate Friendly Procurement and Business (SKAO),Netherlands,Yes,Organization,Other or N/A (please specify below),We are a scheme owner and developer (CO2 Performance Ladder) that include requirements on GHG inventories,Other (please specify below),I am involved with developing the requirements on GHG inventories,GHG account/reporting program or initiative,,Other (please specify below),NGO,0,88,75,45.2,39,5902,53
384,No,Claudia Michelle Paramesvari,Fujitsu Limited,Japan,Yes,Organization,Yes,,"Yes (Including completing this survey on behalf of my organization, drawing on inputs from relevant teams)",,Company,,Information and communication technology (45),,0,53,43,25.9,14,6631,60
385,No,Fortum,"Fortum is a major Nordic energy company. Our purpose is to power a world where people, businesses and nature thrive together. Our power generation has one of the lowest specific CO₂-emissions in Europe and our actions are guided by our ambitious environmental targets. We generate and deliver energy reliably and help industries to decarbonise their processes and grow. Our core operations in the Nordics comprise of efficient, low-carbon power generation from renewable energy sources and nuclear sources, as well as reliable supply of electricity and district heat to private and business customers.. Further information can be found https://www.fortum.com/about-us",Finland,Yes,Organization,Yes,,"Yes (Including completing this survey on behalf of my organization, drawing on inputs from relevant teams)",,Energy supplier/retailer or utility,,Energy (10),,0,133,123,74.1,58,66425,97
386,No,Nikolaos Batistatos,Employee,Greece,No,Organization,Yes,,"Yes (Including completing this survey on behalf of my organization, drawing on inputs from relevant teams)",,Industry group,,Manufacturing,,0,108,98,59.0,38,35737,109
387,Yes,Redacted,Redacted,Belgium,Yes,Organization,Yes,,"Yes (Including completing this survey on behalf of my organization, drawing on inputs from relevant teams)",,Company,,Manufacturing,,1,112,104,62.7,35,34517,110
388,No,Hollie Mitchell,"Steel Dynamics, Inc.",United States,No,Organization,Yes,,"Yes (Including completing this survey on behalf of my organization, drawing on inputs from relevant teams)",,Company,,Manufacturing,,0,21,11,6.6,8,2624,2
389,Yes,Redacted,Redacted,United States,Yes,Individual,No,,No,,Consultant supporting organizations with GHG inventories/strategies,,"Professional, scientific, and technical services (2020)",,1,79,71,42.8,16,4121,52
390,Yes,Redacted,Redacted,United States,Yes,Individual,No,,Not applicable,,Non-profit organization/NGO/civil society,,Other (please specify below),Individual,1,16,7,4.2,8,4778,0
391,Yes,Redacted,Redacted,Germany,Yes,Individual,Yes,,"Yes (Including completing this survey on behalf of my organization, drawing on inputs from relevant teams)",,Company,,Manufacturing,,1,52,44,26.5,4,917,53
392,Yes,Redacted,Redacted,Germany,Yes,Organization,No,,"Yes (Including completing this survey on behalf of my organization, drawing on inputs from relevant teams)",,Certificate registry/tracking system operator,,Energy (10),,1,29,21,12.7,17,15634,5
393,No,Ian Byrne,IBECCS Ltd,United Kingdom,No,Organization,No,,Other (please specify below),"IBECCS is a consultancy that works with small, mainly non-profit organizations to assist them in the production of their GHG inventories.",Consultant supporting organizations with GHG inventories/strategies,,"Professional, scientific, and technical services (2020)",,0,80,69,41.6,30,8052,56
395,Yes,Redacted,Redacted,Germany,Yes,Organization,Yes,,"Yes (Including completing this survey on behalf of my organization, drawing on inputs from relevant teams)",,Company,,"Retail (2550, 3010)",,1,23,15,9.0,6,1585,9
396,Yes,Redacted,Redacted,Germany,Yes,Organization,Yes,,"Yes (Including completing this survey on behalf of my organization, drawing on inputs from relevant teams)",,Company,,Chemicals (151010),,1,115,107,64.5,34,10444,129
397,No,Neil Fisher,The NorthBridge Group,United States,Yes,Individual,No,,Not applicable,,Consultant supporting organizations with GHG inventories/strategies,,"Professional, scientific, and technical services (2020)",,0,133,123,74.1,65,177454,113
398,No,Nele S'heeren,Umicore,Belgium,Yes,Organization,Yes,,"Yes (Including completing this survey on behalf of my organization, drawing on inputs from relevant teams)",,Company,,Materials (15),,0,34,24,14.5,9,3831,33
399,Yes,Redacted,Redacted,United States,No,Individual,Yes,,No,,Consultant supporting organizations with GHG inventories/strategies,,Energy (10),,1,44,36,21.7,11,11091,33
400,No,SILA DURAN,Clean Energy Consumers Association-TETDER,Turkey,Yes,Organization,Other or N/A (please specify below),Members of the association have GHG Inventory,"Yes (Including completing this survey on behalf of my organization, drawing on inputs from relevant teams)",,Non-profit organization/NGO/civil society,,Other (please specify below),Members are from various sectors,0,40,28,16.9,15,6162,19
401,No,Katherine Burley Farr,Data-Driven EnviroLab,United States,Yes,Organization,No,,Not applicable,,Academia/research,,Education,,0,95,85,51.2,38,15948,79
402,No,Surabhi Karambelkar,Low Impact Hydropower Institute,United States,Yes,Organization,No,,Not applicable,,Non-profit organization/NGO/civil society,,Energy (10),,0,25,15,9.0,8,10185,13
403,Yes,Redacted,Redacted,United States,Yes,Organization,Yes,,"Yes (Including completing this survey on behalf of my organization, drawing on inputs from relevant teams)",,Company,,"Biotech, health care and pharmaceutical (35201010, 3510, 35202010)",,1,98,90,54.2,31,16888,82
404,No,"Randi Val Morrison, General Counsel & Chief Knowledge Officer, Society for Corporate Governance","Society for Corporate Governance

Founded in 1946, the Society is a professional membership association of nearly 3,700 corporate and assistant secretaries, in-house counsel, outside counsel, and other governance professionals who serve approximately 1,600 entities, including 1,000 public companies of almost every size and industry. The Society seeks to be a positive force for responsible corporate governance through education, collaboration, and advocacy. Our organization has over 75 years of experience empowering professionals to shape and advance corporate governance within their organizations, in part through providing the knowledge and tools they need to advise their boards and executive management on corporate governance, regulatory and legal developments, investor engagement, and environmental, social, and broader sustainability issues.

Our members’ have significant practical experience with governance, risk management, and disclosure, both in general, and with respect to climate-related matters specifically. By way of example, we have engaged and continue to engage extensively with CARB on SB 253 and SB 261; with the IFRS Foundation and ISSB on the IFRS S1 and S2 standards and proposed amendments to the SASB standards; with the SEC on its climate disclosure rulemaking, providing a detailed comment letter with seasoned insights and robust quantitative data that was cited more than 100 times in the SEC’s final rule; with the EU Parliament and Council on the EU CSRD and CS3D; and with EFRAG on the ESRS to support disclosure under the CSRD. Therefore, we believe that the Society is well-positioned to provide constructive feedback in response to the current consultation.",United States,Yes,Organization,No,,Not applicable,,Non-profit organization/NGO/civil society,,Other (please specify below),NAICS Classification: 813920 (Professional Organizations),0,143,132,79.5,66,80241,111
405,No,Caroline Kelleher,"ClimeCo, responding on behalf of Ormat Technologies, Inc.",United States,No,Organization,Yes,,"Yes (Including completing this survey on behalf of my organization, drawing on inputs from relevant teams)",,Consultant supporting organizations with GHG inventories/strategies,,"Professional, scientific, and technical services (2020)",,0,162,152,91.6,86,13241,119
406,Yes,Redacted,Redacted,Australia,Yes,Organization,Yes,,"Yes (Including completing this survey on behalf of my organization, drawing on inputs from relevant teams)",,Company,,"Retail (2550, 3010)",,1,106,98,59.0,43,41227,74
407,Yes,Redacted,Redacted,Japan,Yes,Organization,Yes,,"Yes (Including completing this survey on behalf of my organization, drawing on inputs from relevant teams)",,Company,,Real estate (60),,1,56,48,28.9,14,1832,42
408,No,Ivy Xie,"Hong Qi Sheng Precision Electronics(Qinhuangdao) Co., Ltd.",China,No,Organization,Yes,N/A,"Yes (Including completing this survey on behalf of my organization, drawing on inputs from relevant teams)",N/A,Company,N/A,Manufacturing,N/A,0,176,162,97.6,87,20484,75
409,No,Lewis Lu,Avary Technology (India) Private Limited,India,No,Organization,Yes,N/A,"Yes (Including completing this survey on behalf of my organization, drawing on inputs from relevant teams)",NA,Company,,Manufacturing,NA,0,175,162,97.6,86,20466,75
410,Yes,Redacted,Redacted,Japan,Yes,Organization,Yes,,"Yes (Including completing this survey on behalf of my organization, drawing on inputs from relevant teams)",,Company,,Manufacturing,,1,45,37,22.3,9,4139,31
411,No,Naoki Nagahamaya,"RENOVA, Inc.",Japan,Yes,Organization,Yes,,No,,Energy supplier/retailer or utility,,Energy (10),,0,98,88,53.0,39,26637,73
412,No,Jonathan Huang,"Qing Ding Precision Electronics (Huai'an) Co., Ltd.",China,No,Organization,Yes,NA,"Yes (Including completing this survey on behalf of my organization, drawing on inputs from relevant teams)",NA,Company,NA,Manufacturing,NA,0,180,166,100.0,91,20508,75
413,Yes,Redacted,Redacted,Singapore,Yes,Organization,Yes,,"Yes (Including completing this survey on behalf of my organization, drawing on inputs from relevant teams)",,Company,,Agriculture (30202010),,1,34,26,15.7,2,1551,17
414,No,Jane Yeoh,Sustainability Team,Malaysia,Yes,Organization,Yes,,"Yes (Including completing this survey on behalf of my organization, drawing on inputs from relevant teams)",,Industry group,,Manufacturing,,0,154,144,86.7,77,45559,117
415,No,"Takashi Fukushima, Kazuki Hirano, Aki Uchida, Yuka Arita, Momo Fukuda","Sustainability Accounting Co., Ltd.",Japan,No,Organization,No,,Not applicable,,Verification/assurance provider,,Services,,0,11,1,0.6,3,230,0
416,Yes,Redacted,Redacted,Hong Kong,Yes,Organization,Yes,,"Yes (Including completing this survey on behalf of my organization, drawing on inputs from relevant teams)",,Company,,Other (please specify below),Diversified Conglomerate,1,97,88,53.0,35,25235,76
417,Yes,Redacted,Redacted,Austria,No,Organization,Yes,,"Yes (Including completing this survey on behalf of my organization, drawing on inputs from relevant teams)",,Company,,"Food and beverage (302010, 302020)",,1,28,20,12.0,6,5631,13
418,Yes,Redacted,Redacted,Netherlands,Yes,Organization,Yes,,"Yes (Including completing this survey on behalf of my organization, drawing on inputs from relevant teams)",,Energy supplier/retailer or utility,,Energy (10),,1,138,130,78.3,53,12738,90
419,Yes,Redacted,Redacted,Germany,Yes,Organization,Yes,,"Yes (Including completing this survey on behalf of my organization, drawing on inputs from relevant teams)",,Company,,Other (please specify below),"Tech, Software, etc...",1,99,90,54.2,27,6458,76
420,Yes,Redacted,Redacted,Switzerland,No,Organization,Yes,,"Yes (Including completing this survey on behalf of my organization, drawing on inputs from relevant teams)",,Company,,Mining (151040),,1,164,156,94.0,78,31859,143
421,No,Dr. Thomas Papageorgiou,SIDENOR GROUP,Greece,Yes,Organization,Yes,,"Yes (Including completing this survey on behalf of my organization, drawing on inputs from relevant teams)",,Industry group,,Materials (15),,0,107,97,58.4,37,34397,109
422,No,Lu Kamenye,Triumphant College,Namibia,No,Individual,No,,Not applicable,,Other (please specify below),Higher Education Service Provider,Education,,0,82,71,42.8,38,55712,41
423,Yes,Redacted,Redacted,United States,Yes,Organization,Yes,,"Yes (Including completing this survey on behalf of my organization, drawing on inputs from relevant teams)",,Company,,"Biotech, health care and pharmaceutical (35201010, 3510, 35202010)",,1,30,22,13.3,6,6088,13
424,Yes,Redacted,Redacted,Poland,Yes,Organization,Yes,,"Yes (Including completing this survey on behalf of my organization, drawing on inputs from relevant teams)",,Consultant supporting organizations with GHG inventories/strategies,,Other (please specify below),consulting,1,130,121,72.9,61,16586,113
425,Yes,Redacted,Redacted,Switzerland,No,Organization,Yes,,"Yes (Including completing this survey on behalf of my organization, drawing on inputs from relevant teams)",,Other (please specify below),"Government institution, responsible for Generation, Distribution, Retail of Electricity and district heating","Utilities (water, gas, electricity) (551010, 551020, 551030, 551040)",,1,83,74,44.6,36,54514,47
426,Yes,Redacted,Redacted,Romania,No,Individual,Yes,,No,,Consultant supporting organizations with GHG inventories/strategies,,Other (please specify below),consultancy,1,34,25,15.1,4,323,30
427,No,Anna Kemppainen,"OpenCO2net Oy is a Finnish company founded in 2016. It provides advanced tools and expert services for calculating, monitoring, and reporting greenhouse gas emissions. OpenCO2net Oy has developed the OpenCO2net carbon footprint platform, which is based on the OpenCO2 emission database compiled and maintained by the company’s experts and emission calculators based on the world’s most widely used emission calculation standards. The goal in developing the OpenCO2net platform has been to combine reliability and accessibility.",Finland,Yes,Organization,Other or N/A (please specify below),"We provide companies with tools, emission factors, and consulting services to help them compile and develop their greenhouse gas emissions inventories.",Other (please specify below),We help our customers to compile and develop their greenhouse gas emissions inventories.,Data/analytics or software provider related to GHG inventories,,"Professional, scientific, and technical services (2020)",,0,54,42,25.3,17,3915,33
429,Yes,Redacted,Redacted,United Kingdom,Yes,Organization,Yes,,"Yes (Including completing this survey on behalf of my organization, drawing on inputs from relevant teams)",,Other (please specify below),Integrated Energy Company,Fossil fuels (101020),,1,119,110,66.3,50,38548,95
430,No,Manon Hurpin,Deepki,France,Yes,Organization,Other or N/A (please specify below),Deepki produces and support its clients towards carbon accounting,Not applicable,,Data/analytics or software provider related to GHG inventories,,Real estate (60),,0,92,81,48.8,29,9867,89
431,No,Simon Bittner,veer.io,Germany,Yes,Organization,No,,Not applicable,,Company,,Information and communication technology (45),,0,31,21,12.7,6,732,33
432,No,Alexandros Theodoropoulos,Koninklijke Philips NV,Netherlands,Yes,Organization,Yes,,"Yes (Including completing this survey on behalf of my organization, drawing on inputs from relevant teams)",,Company,,Manufacturing,,0,135,125,75.3,61,32891,103
433,Yes,Redacted,Redacted,Singapore,Yes,Individual,Yes,,"Yes (Including completing this survey on behalf of my organization, drawing on inputs from relevant teams)",,Energy supplier/retailer or utility,,Energy (10),,1,107,99,59.6,51,3168,43
434,No,Duncan Oswald,Sage Group plc,United Kingdom,Yes,Organization,Yes,,Other (please specify below),"I am involved in developing my organisation's inventory, but this response has been compiled on the basis of both our corporate footprint, and the automated carbon accounting solution we provide to small and medium businesses.",Data/analytics or software provider related to GHG inventories,,Information and communication technology (45),,0,101,90,54.2,34,6827,77
435,Yes,Redacted,Redacted,Italy,No,Organization,Other or N/A (please specify below),"As Flexidao we calculate our very simple GHG inventory, but our main contribution to this public consultation is our work as service provider of leading reporting companies.","Yes (Including completing this survey on behalf of my organization, drawing on inputs from relevant teams)",,Data/analytics or software provider related to GHG inventories,,"Professional, scientific, and technical services (2020)",,1,94,85,51.2,31,25558,99
436,Yes,Redacted,Redacted,Canada,Yes,Organization,Yes,,"Yes (Including completing this survey on behalf of my organization, drawing on inputs from relevant teams)",,Government institution,,Other (please specify below),Municipality,1,101,92,55.4,40,10498,55
437,No,Tobias Rauschning,QIAGEN GmbH,Germany,Yes,Organization,Yes,,"Yes (Including completing this survey on behalf of my organization, drawing on inputs from relevant teams)",,Company,,"Biotech, health care and pharmaceutical (35201010, 3510, 35202010)",,0,33,23,13.9,9,1767,11
439,No,Ricky Buch,Co-founder,Canada,Yes,Organization,Other or N/A (please specify below),We are a climate fintech startup and help companies reduce their GHG inventories.,Not applicable,,Other (please specify below),We are an REC market intermediary that helps corporations address their Scope 2 and 3 footprint in emerging markets by supporting distributed solar via long-term REC contracts,Energy (10),,0,49,37,22.3,20,9144,25
440,No,Steven P. Holty,Hemlock Semiconductor Operations LLC (HSC),United States,Yes,Organization,Yes,,"Yes (Including completing this survey on behalf of my organization, drawing on inputs from relevant teams)",,Company,,Manufacturing,,0,82,72,43.4,34,27829,51
441,Yes,Redacted,Redacted,United States,No,Organization,Yes,,"Yes (Including completing this survey on behalf of my organization, drawing on inputs from relevant teams)",,Company,,"Biotech, health care and pharmaceutical (35201010, 3510, 35202010)",,1,124,116,69.9,52,30725,94
442,Yes,Redacted,Redacted,United States,Yes,Organization,Yes,,"Yes (Including completing this survey on behalf of my organization, drawing on inputs from relevant teams)",,Company,,"Biotech, health care and pharmaceutical (35201010, 3510, 35202010)",,1,92,84,50.6,32,12024,57
443,Yes,Redacted,Redacted,Australia,Yes,Organization,Yes,,"Yes (Including completing this survey on behalf of my organization, drawing on inputs from relevant teams)",,Government institution,,Other (please specify below),Local Government,1,93,84,50.6,85,2385,0
444,Yes,Redacted,Redacted,United States,Yes,Organization,Yes,,"Yes (Including completing this survey on behalf of my organization, drawing on inputs from relevant teams)",,Company,,"Biotech, health care and pharmaceutical (35201010, 3510, 35202010)",,1,101,93,56.0,28,16153,95
445,Yes,Redacted,Redacted,United States,Yes,Organization,Yes,,"Yes (Including completing this survey on behalf of my organization, drawing on inputs from relevant teams)",,Company,,"Retail (2550, 3010)",,1,57,49,29.5,22,20864,41
446,Yes,Redacted,Redacted,Singapore,No,Organization,Yes,,"Yes (Including completing this survey on behalf of my organization, drawing on inputs from relevant teams)",,Company,,Other (please specify below),Asset Management,1,50,41,24.7,5,854,44
447,Yes,Redacted,Redacted,China,Yes,Organization,Yes,,"Yes (Including completing this survey on behalf of my organization, drawing on inputs from relevant teams)",,Company,,Manufacturing,,1,27,19,11.4,5,2473,13
448,No,Submission as an organization instead of individuals,Mt. Stonegate Green Asset Management Ltd.,Taiwan,Yes,Organization,No,,Not applicable,,Consultant supporting organizations with GHG inventories/strategies,,"Professional, scientific, and technical services (2020)",,0,111,101,60.8,44,15485,104
449,No,Steve Hoy,Enosi Australia Ltd.,Australia,Yes,Organization,Other or N/A (please specify below),Enosi manages greenhouse gas energy on behalf of it's clients,Other (please specify below),I am competing this survey on behalf of my organisation which provides services to other companies in the development of their greenhouse gas inventory,Data/analytics or software provider related to GHG inventories,,Information and communication technology (45),,0,87,75,45.2,35,29603,71
450,Yes,Redacted,Redacted,Australia,Yes,Organization,Yes,,No,,Company,,"Utilities (water, gas, electricity) (551010, 551020, 551030, 551040)",,1,29,21,12.7,5,5984,19
451,Yes,Redacted,Redacted,Korea - Republic of/South,Yes,Individual,Other or N/A (please specify below),"We do maintain a greenhouse gas inventory; however, our core service is to help corporates achieve their sustainability goals through renewable energy and carbon credit procurement. Given the nature of our services and expertise, I am submitting this survey from that perspective.",Other (please specify below),"CnerG's core service is to help corporates achieve their sustainability goals through renewable energy and carbon credit procurement. Given the nature of our services and expertise, I am submitting this survey from that perspective.",Consultant supporting organizations with GHG inventories/strategies,,Information and communication technology (45),,1,22,12,7.2,3,1598,21
452,Yes,Redacted,Redacted,Japan,No,Organization,Yes,,"Yes (Including completing this survey on behalf of my organization, drawing on inputs from relevant teams)",,Company,,Services,,1,61,53,31.9,18,4994,42
453,Yes,Redacted,Redacted,Japan,Yes,Organization,Yes,,"Yes (Including completing this survey on behalf of my organization, drawing on inputs from relevant teams)",,Company,,Manufacturing,,1,121,113,68.1,47,17780,89
454,No,Delphine David,"New Zealand Body for Certificate Issuance Ltd, trading as BraveTrace",New Zealand,Yes,Organization,Other or N/A (please specify below),"BraveTrace is a for-purpose private company committed to accelerating the transition to renewable energy. We aim to generate positive social and environmental outcomes by promoting the growth of renewable and zero-carbon energy generation. Our team of eight is distributed across Aotearoa New Zealand. We operate a flexible, remote-first business model, working from home and using shared office spaces as needed. In FY25, we began tracking our travel-related emissions. This data helps us better understand and manage our travel impact. Next steps in our sustainability journey include: - Measuring energy consumption associated with remote work, including home heating/cooling, personal devices, and shared office energy use. - Evaluating the environmental and social footprint of our cloud-based data storage.","Yes (Including completing this survey on behalf of my organization, drawing on inputs from relevant teams)",,Certificate registry/tracking system operator,,Energy (10),,0,72,61,36.7,32,37399,41
457,Yes,Redacted,Redacted,Japan,Yes,Organization,Yes,,No,,Energy supplier/retailer or utility,,Power generation (551050),,1,86,78,47.0,34,19565,26
458,Yes,Redacted,Redacted,China,Yes,Organization,Yes,,"Yes (Including completing this survey on behalf of my organization, drawing on inputs from relevant teams)",,Company,,Apparel (25203010),,1,27,19,11.4,6,6155,11
459,No,Atsuhito Fujiwara,"Booost, Inc",Japan,Yes,Organization,Yes,,"Yes (Including completing this survey on behalf of my organization, drawing on inputs from relevant teams)",,Data/analytics or software provider related to GHG inventories,,Information and communication technology (45),,0,98,88,53.0,24,7341,108
460,Yes,Redacted,Redacted,Singapore,No,Organization,Yes,,"Yes (Including completing this survey on behalf of my organization, drawing on inputs from relevant teams)",,Energy supplier/retailer or utility,,Power generation (551050),,1,17,9,5.4,3,2961,4
461,Yes,Redacted,Redacted,United States,Yes,Organization,Yes,,"Yes (Including completing this survey on behalf of my organization, drawing on inputs from relevant teams)",,Company,,Other (please specify below),Communication Services,1,122,113,68.1,50,32059,89
462,Yes,Redacted,Redacted,Singapore,No,Organization,Yes,,"Yes (Including completing this survey on behalf of my organization, drawing on inputs from relevant teams)",,Energy supplier/retailer or utility,,Energy (10),,1,122,114,68.7,60,26814,88
463,Yes,Redacted,Redacted,Japan,Yes,Organization,Yes,,"Yes (Including completing this survey on behalf of my organization, drawing on inputs from relevant teams)",,Energy supplier/retailer or utility,,"Utilities (water, gas, electricity) (551010, 551020, 551030, 551040)",,1,59,51,30.7,14,5383,64
464,No,Takayuki Nakai,"Corporate Strategy Dept., Osaka Gas Co., LTD.",Japan,Yes,Organization,Yes,,"Yes (Including completing this survey on behalf of my organization, drawing on inputs from relevant teams)",,Company,,Energy (10),,0,127,117,70.5,53,22148,96
465,No,Yue Chen,BYD Electronics,China,Yes,Organization,Yes,,"Yes (Including completing this survey on behalf of my organization, drawing on inputs from relevant teams)",,Company,,Manufacturing,,0,29,19,11.4,7,1062,13
466,No,Makoto Kawagoe,General Insurance Association of Japan,Japan,No,Organization,No,,No,,Industry group,,Insurance (4030),,0,21,11,6.6,5,1196,7
467,No,Erik Postma,ACEA - European Automobile Manufacturers' Association,Belgium,No,Organization,Other or N/A (please specify below),,Not applicable,,Industry group,,Manufacturing,,0,39,29,17.5,18,10780,27
468,Yes,Redacted,Redacted,Japan,Yes,Organization,Yes,,"Yes (Including completing this survey on behalf of my organization, drawing on inputs from relevant teams)",,Company,,Manufacturing,,1,19,11,6.6,5,2599,7
469,No,Thorsten Arndt,PEFC International,Switzerland,Yes,Organization,No,,No,,Non-profit organization/NGO/civil society,,Forestry,,0,71,61,36.7,34,7549,57
470,No,Simon Nørgaard Sørensen,Our New Energy,Denmark,Yes,Organization,No,,No,,Other (please specify below),Our New Energy is an independent PPA advisory firm specialized in advising both Renewable Energy Developers and Corporates within the PPA space.,Services,,0,29,18,10.8,8,4195,17
471,Yes,Redacted,Redacted,France,Yes,Organization,Yes,,"Yes (Including completing this survey on behalf of my organization, drawing on inputs from relevant teams)",,Company,,Chemicals (151010),,1,98,90,54.2,39,22446,96
472,Yes,Redacted,Redacted,Denmark,Yes,Organization,Yes,,"Yes (Including completing this survey on behalf of my organization, drawing on inputs from relevant teams)",,Company,,"Biotech, health care and pharmaceutical (35201010, 3510, 35202010)",,1,27,19,11.4,5,4431,11
473,No,Roble Poe Velasco-Rosenheim,SuSca Group,Netherlands,Yes,Organization,No,,Not applicable,,Certificate registry/tracking system operator,,Energy (10),,0,17,7,4.2,6,12633,7
474,No,Masaru Akiyoshi (President),Japan Wind Power Association（JWPA）,Japan,Yes,Organization,Other or N/A (please specify below),"We are an industry group related to wind power generation. While the association itself does not maintain a greenhouse gas inventory, some of our member companies do have their own inventories.","Yes (Including completing this survey on behalf of my organization, drawing on inputs from relevant teams)",,Industry group,,Power generation (551050),,0,45,34,20.5,17,21000,11
475,Yes,Redacted,Redacted,Singapore,Yes,Organization,Yes,,"Yes (Including completing this survey on behalf of my organization, drawing on inputs from relevant teams)",,Company,,Transportation (2030),,1,94,86,51.8,37,7533,67
476,Yes,Redacted,Redacted,Japan,Yes,Organization,Yes,,"Yes (Including completing this survey on behalf of my organization, drawing on inputs from relevant teams)",,Energy supplier/retailer or utility,,Power generation (551050),,1,42,34,20.5,14,20745,11
477,Yes,Redacted,Redacted,Egypt,Yes,Individual,No,,"Yes (Including completing this survey on behalf of my organization, drawing on inputs from relevant teams)",,Company,,Chemicals (151010),,1,90,82,49.4,40,48370,109
478,No,Madeleine Mowinckel,Ecohz,Norway,No,Organization,Yes,,"Yes (Including completing this survey on behalf of my organization, drawing on inputs from relevant teams)",,Energy supplier/retailer or utility,,"Professional, scientific, and technical services (2020)",,0,64,54,32.5,27,26870,40
479,No,Sofie R Cederberg,AB SKF,Sweden,Yes,Organization,Yes,,"Yes (Including completing this survey on behalf of my organization, drawing on inputs from relevant teams)",,Company,,Manufacturing,,0,154,144,86.7,77,14475,117
480,No,Sally Duckworth,UK Sustainability Disclosure Technical Advisory Committee (TAC),United Kingdom,Yes,Organization,Other or N/A (please specify below),Responding on behalf of a government advisory committee not a company,Not applicable,,Government institution,,Other (please specify below),Advisory committee to government,0,54,42,25.3,37,28060,1
481,No,Gregor Frey,BKW Energie AG,Switzerland,Yes,Organization,Yes,,No,,Energy supplier/retailer or utility,,Energy (10),,0,83,73,44.0,33,46467,50
482,No,Yvonne Soh,Singapore Green Building Council,Singapore,Yes,Organization,No,,No,,Non-profit organization/NGO/civil society,,Real estate (60),,0,25,15,9.0,4,278,20
484,Yes,Redacted,Redacted,Germany,No,Organization,Yes,,"Yes (Including completing this survey on behalf of my organization, drawing on inputs from relevant teams)",,Company,,"Biotech, health care and pharmaceutical (35201010, 3510, 35202010)",,1,82,74,44.6,13,18613,95
485,Yes,Redacted,Redacted,United States,Yes,Organization,Yes,,"Yes (Including completing this survey on behalf of my organization, drawing on inputs from relevant teams)",,Company,,Information and communication technology (45),,1,137,129,77.7,55,72636,120
486,No,Siddika Pasi,RExChain,United States,Yes,Organization,Other or N/A (please specify below),"We report, create and trade Solar RECs",Not applicable,,Other (please specify below),REC Management Company,"Professional, scientific, and technical services (2020)",,0,43,31,18.7,8,5530,49
488,No,Sato Runa,UNADEN LLC,Japan,No,Organization,Other or N/A (please specify below),newly established company,"Yes (Including completing this survey on behalf of my organization, drawing on inputs from relevant teams)",,Energy supplier/retailer or utility,,Energy (10),,0,101,90,54.2,27,4850,58
489,No,Prof. Amro M. Farid,"Department of Systems Engineering, Department of Electrical and Computer Engineering, Stevens Institute of Technology",United States,Yes,Individual,Other or N/A (please specify below),I am responding as a subject matter expert/ university faculty member rather then greenhouse gas accounting personnel at the University.,Other (please specify below),I am responding as a subject matter expert/ university faculty member rather then greenhouse gas accounting personnel at the University.,Academia/research,University,Education,,0,40,27,16.3,16,9977,15
490,No,Ryan Kelley,"WL Gore & Associates, Inc",United States,Yes,Organization,Yes,,"Yes (Including completing this survey on behalf of my organization, drawing on inputs from relevant teams)",,Company,,Materials (15),,0,30,20,12.0,2,36,24
491,Yes,Redacted,Redacted,Colombia,Yes,Organization,Yes,,"Yes (Including completing this survey on behalf of my organization, drawing on inputs from relevant teams)",,Energy supplier/retailer or utility,,"Utilities (water, gas, electricity) (551010, 551020, 551030, 551040)",,1,11,3,1.8,1,1360,3
492,No,Viviana Huerta,ICMM,United Kingdom,Yes,Organization,No,"ICMM is an international organization that brings together 26 mining companies operating in over 50 countries, collectively representing approximately one-third of the global market. This response reflects a consolidated view of our member companies, all of which maintain greenhouse gas inventories.",Not applicable,,International agency,,Mining (151040),,0,160,149,89.8,76,67645,172
493,Yes,Redacted,Redacted,Italy,No,Organization,Yes,,"Yes (Including completing this survey on behalf of my organization, drawing on inputs from relevant teams)",,Company,,Transportation (2030),,1,85,77,46.4,25,5266,60
494,Yes,Redacted,Redacted,Brazil,Yes,Organization,Yes,,"Yes (Including completing this survey on behalf of my organization, drawing on inputs from relevant teams)",,Energy supplier/retailer or utility,,Energy (10),,1,37,29,17.5,14,6747,7
495,No,Marc Priestley,BDO,United Kingdom,Yes,Organization,Yes,,No,,Verification/assurance provider,,"Professional, scientific, and technical services (2020)",,0,51,41,24.7,18,5184,47
496,Yes,Redacted,Redacted,United States,Yes,Organization,Yes,,"Yes (Including completing this survey on behalf of my organization, drawing on inputs from relevant teams)",,Company,,Other (please specify below),Information Technology,1,75,66,39.8,28,24371,48
497,Yes,Redacted,Redacted,United States,Yes,Organization,Other or N/A (please specify below),Members have inventory,Not applicable,,Industry group,,Energy (10),,1,30,21,12.7,7,6765,12
498,No,Lauren Teixeira,The Breakthrough Institute,United States,No,Organization,No,,Not applicable,,Academia/research,,Other (please specify below),NGO,0,65,54,32.5,27,29991,63
499,No,Ieuan Spencer,Energy sector professional – personal capacity,Portugal,Yes,Individual,Other or N/A (please specify below),,Not applicable,,Company,,Infrastructure (2010),,0,91,81,48.8,31,6795,35
500,Yes,Redacted,Redacted,United States,Yes,Organization,No,,Not applicable,,Company,,Materials (15),,1,31,23,13.9,9,8905,23
501,Yes,Redacted,Redacted,United States,Yes,Organization,Yes,,"Yes (Including completing this survey on behalf of my organization, drawing on inputs from relevant teams)",,Company,,Information and communication technology (45),,1,91,83,50.0,30,13308,86
502,Yes,Redacted,Redacted,Canada,Yes,Organization,Yes,,"Yes (Including completing this survey on behalf of my organization, drawing on inputs from relevant teams)",,Energy supplier/retailer or utility,,Energy (10),,1,17,9,5.4,4,2108,4
503,No,Michael Gillenwater,GHG Management Institute,United States,Yes,Organization,Yes,,"Yes (Including completing this survey on behalf of my organization, drawing on inputs from relevant teams)",,Other (please specify below),NGO that is involved in research,Education,,0,29,18,10.8,13,10394,13
504,Yes,Redacted,Redacted,United States,No,Organization,No,,No,,Company,,Energy (10),,1,30,22,13.3,4,990,17
505,No,Debbie Fitzgerald,"Cable Television Laboratories, Inc. (“CableLabs”)",United States,Yes,Organization,Other or N/A (please specify below),N/A - CableLabs is a non-profit innovation and R&D lab funded by its cable broadband members from around the world. We are submitting our responses with our members’ GHG inventories and challenges in mind.,Not applicable,,Other (please specify below),CableLabs is a non-profit innovation and R&D lab funded by its cable broadband members from around the world. We are submitting our responses with our members’ GHG inventories and challenges in mind.,Information and communication technology (45),,0,90,78,47.0,36,28565,67
506,Yes,Redacted,Redacted,Netherlands,Yes,Organization,Yes,-,"Yes (Including completing this survey on behalf of my organization, drawing on inputs from relevant teams)",-,Company,-,Manufacturing,-,1,65,53,31.9,14,2477,41
507,No,Christian Turpin,"Hydro-Québec
Hydro-Québec is a vertically integrated company whose sole shareholder is the Government of Québec. It is one of the world's largest producers of renewable energy. In addition to distributing electricity that is approximately 99% renewable within its territory, it is also very active in marketing environmental attributes (EAs) in neighboring regulated and voluntary markets.",Canada,Yes,Organization,Yes,,Other (please specify below),"Even though we publish a carbon inventory, our responses are produced as a supplier of electricity, market instruments, and GHG emission factors for electricity distributed in Quebec.",Energy supplier/retailer or utility,,"Utilities (water, gas, electricity) (551010, 551020, 551030, 551040)",,0,139,128,77.1,68,36235,69
508,Yes,Redacted,Redacted,United States,No,Organization,Yes,,"Yes (Including completing this survey on behalf of my organization, drawing on inputs from relevant teams)",,Financial Institution,,Finance (40),,1,53,45,27.1,14,9265,41
509,No,Audrey Beattie,Beverage Industry Environmental Roundtable (BIER),United States,Yes,Organization,Other or N/A (please specify below),Our organization is an industry consortium of global beverage brands. The broad majority of our membership complete greenhouse gas inventories annually.,Not applicable,,Industry group,,"Food and beverage (302010, 302020)",,0,42,31,18.7,13,6311,32
510,No,Katya de Vere Walker,SmartestEnergy Ltd.,United Kingdom,Yes,Organization,Yes,,Other (please specify below),"I am SmartestEnergy's policy lead on GHG emissions accounting and climate-related reporting frameworks. I guide 1) SmartestEnergy's Sustainability team (on GHG inventory development, accounting, reporting) 2) I am responssible for updating SmartestEnergy's Global Environmental Markets' [GEM] teams in the areas of presence [UK, USA, Australia, Europe] on changes to GEM policy/regulation impacting S1-2-3 reporting and environmental products' attribution (EACs, carbon offsets, sustainable fuels [biomethane]) 3) I update SmartestEnergy's large scale corporates and industry on changes to environmental markets' regulation and pathways to reducing /offsetting emissions in their S 1-2-3",Energy supplier/retailer or utility,,Energy (10),,0,120,109,65.7,47,44845,78
511,Yes,Redacted,Redacted,United States,Yes,Organization,Yes,,No,,Other (please specify below),Independent Power Producer,Energy (10),,1,17,8,4.8,4,1075,5
512,Yes,Redacted,Redacted,United States,No,Individual,Yes,,"Yes (Including completing this survey on behalf of my organization, drawing on inputs from relevant teams)",,Company,,Agriculture (30202010),,1,34,26,15.7,8,4446,23
513,No,Kristin Bruce-Welsch,Cameco Corporation,Canada,Yes,Organization,Yes,,"Yes (Including completing this survey on behalf of my organization, drawing on inputs from relevant teams)",,Company,,Mining (151040),,0,61,51,30.7,21,8891,58
514,No,Jonathan Stout,PowerOptions,United States,Yes,Organization,Other or N/A (please specify below),"PowerOptions is a membership-based consortium representing over 850 Members across New England comprised of public entities and nonprofit institutions. Many of our Members have greenhouse gas inventory either due to local building performance standards or voluntary reporting. We are providing feedback on behalf of the Membership-at-large, but our views do not represent those of any specific organization or institution.",Other (please specify below),"PowerOptions performs technical advisory support to our Members that includes support on calculating greenhouse gas inventory for Scope 1 and Scope 2 emissions, often necessitated by local building performance standards.",Non-profit organization/NGO/civil society,N/A,Other (please specify below),(i) 541690: Other Scientific And Technical Consulting Services; (ii) 221122: Electric Power Distribution; (iii) 221210: Natural Gas Distribution; (iv) 541618: Other Management Consulting Services,0,17,3,1.8,9,7579,0
515,No,Hyuntae Byun,LG Display,Korea - Republic of/South,Yes,Organization,Yes,,"Yes (Including completing this survey on behalf of my organization, drawing on inputs from relevant teams)",,Company,,Manufacturing,,0,28,18,10.8,8,6084,11
516,No,Chris Pennington,Iron Mountain Data Centers,United States,Yes,Organization,Yes,,"Yes (Including completing this survey on behalf of my organization, drawing on inputs from relevant teams)",,Company,,Real estate (60),,0,84,74,44.6,20,6167,74
517,No,Michael Leggett,Evergreen Renewables Inc (Ever.green),United States,Yes,Organization,No,,Not applicable,,Consultant supporting organizations with GHG inventories/strategies,,"Professional, scientific, and technical services (2020)",,0,110,100,60.2,45,69986,100
518,Yes,Redacted,Redacted,Korea - Republic of/South,No,Individual,Yes,,No,,Company,,Services,,1,19,11,6.6,0,0,18
521,No,Rachael Hamilton,City of Onkaparinga,Australia,Yes,Organization,Yes,,"Yes (Including completing this survey on behalf of my organization, drawing on inputs from relevant teams)",,Government institution,,Other (please specify below),Local government,0,75,64,38.6,30,19584,52
522,No,United States Chamber of Commerce,United States Chamber of Commerce,United States,Yes,Organization,No,,Not applicable,,Industry group,,Other (please specify below),Business Advocacy Group,0,74,63,38.0,27,32972,29
523,No,Jeremy Fisher,Sierra Club,United States,No,Organization,No,,Not applicable,,Non-profit organization/NGO/civil society,,Energy (10),,0,56,46,27.7,21,7057,52
524,No,Eliza Pan,Amazon Employees for Climate Justice,United States,Yes,Organization,No,,Not applicable,,Non-profit organization/NGO/civil society,,Other (please specify below),nonprofit/advocacy,0,67,56,33.7,29,31009,59
525,Yes,Redacted,Redacted,Japan,Yes,Organization,No,,No,,Energy supplier/retailer or utility,,Power generation (551050),,1,23,15,9.0,6,2778,5
526,No,Andrew Rudyy,BHP,Australia,Yes,Organization,Yes,,"Yes (Including completing this survey on behalf of my organization, drawing on inputs from relevant teams)",,Company,,Mining (151040),,0,56,46,27.7,20,20233,42
527,No,Sameera Raval,Baker Hughes,United States,No,Organization,Yes,,"Yes (Including completing this survey on behalf of my organization, drawing on inputs from relevant teams)",,Industry group,,Energy (10),,0,147,137,82.5,66,20926,94
528,No,Yuki Tsuji,The Japan Gas Association,Japan,Yes,Organization,No,,No,,Industry group,,"Utilities (water, gas, electricity) (551010, 551020, 551030, 551040)",,0,99,89,53.6,42,23107,74
529,Yes,Redacted,Redacted,Korea - Republic of/South,No,Organization,Yes,,"Yes (Including completing this survey on behalf of my organization, drawing on inputs from relevant teams)",,Company,,Manufacturing,,1,121,113,68.1,52,33603,91
530,Yes,Redacted,Redacted,Japan,Yes,Organization,Yes,,"Yes (Including completing this survey on behalf of my organization, drawing on inputs from relevant teams)",,Company,,Chemicals (151010),,1,60,52,31.3,12,3483,44
531,No,David Clift,South32,Australia,Yes,Organization,Yes,,"Yes (Including completing this survey on behalf of my organization, drawing on inputs from relevant teams)",,Company,,Mining (151040),,0,85,75,45.2,31,10055,60
532,No,Tomohiro Nishitani,"SCSK Corporation, an Accredited Platform Operator for I-REC",Japan,Yes,Individual,Yes,,No,,Certificate registry/tracking system operator,,Services,,0,48,38,22.9,16,8394,27
533,No,Andrea Ranger,"Trillium Asset Management, LLC",United States,No,Organization,Other or N/A (please specify below),We track the temperature alignment of our portfolio with the aim of aligning with 1.5 deg Celsius scenarios.,No,,Financial Institution,,Finance (40),,0,51,40,24.1,14,3611,56
534,Yes,Redacted,Redacted,Korea - Republic of/South,Yes,Organization,Yes,,No,,Government institution,,Other (please specify below),,1,11,3,1.8,1,1234,2
535,No,Kouji Nonaka,Takenaka Corporation,Japan,Yes,Organization,Yes,,"Yes (Including completing this survey on behalf of my organization, drawing on inputs from relevant teams)",,Company,,Construction (201030),,0,68,58,34.9,16,4947,61
536,Yes,Redacted,Redacted,Korea - Republic of/South,Yes,Individual,Yes,,No,,Company,,Materials (15),,1,23,15,9.0,3,1708,20
537,Yes,Redacted,Redacted,China,Yes,Organization,Yes,,No,,Company,,Manufacturing,,1,27,19,11.4,5,5796,13
538,Yes,Redacted,Redacted,Japan,No,Organization,Yes,,"Yes (Including completing this survey on behalf of my organization, drawing on inputs from relevant teams)",,Company,,Information and communication technology (45),,1,59,51,30.7,12,15001,69
539,Yes,Redacted,Redacted,Korea - Republic of/South,Yes,Organization,Yes,,"Yes (Including completing this survey on behalf of my organization, drawing on inputs from relevant teams)",,GHG account/reporting program or initiative,,Information and communication technology (45),,1,121,113,68.1,52,47582,98
540,No,Hideaki Matsui,DIGITAL GRID Corporation,Japan,Yes,Organization,Yes,,"Yes (Including completing this survey on behalf of my organization, drawing on inputs from relevant teams)",,Energy supplier/retailer or utility,,Energy (10),,0,155,145,87.3,73,93471,132
541,No,"Akitoshi Hattori,Hiroshi Setoguchi,Masaki Yokota,Mayumi Kubota","NTT, Inc.",Japan,No,Organization,Yes,,"Yes (Including completing this survey on behalf of my organization, drawing on inputs from relevant teams)",,Company,,Information and communication technology (45),,0,30,20,12.0,9,4480,11
542,No,Kenichiro Yamaguchi,Mitsubishi Research Institute,Japan,Yes,Organization,Yes,,No,,Consultant supporting organizations with GHG inventories/strategies,,Information and communication technology (45),,0,26,16,9.6,12,18926,12
543,No,Chikako Yabe,Obayashi Corporation,Japan,Yes,Organization,Yes,,"Yes (Including completing this survey on behalf of my organization, drawing on inputs from relevant teams)",,Company,,Construction (201030),,0,25,15,9.0,7,13050,13
544,No,Fumihiko Naito,The Federation of Electric Power Companies,Japan,Yes,Organization,Other or N/A (please specify below),,Not applicable,,Industry group,,"Utilities (water, gas, electricity) (551010, 551020, 551030, 551040)",,0,125,115,69.3,58,68311,93
545,Yes,Redacted,Redacted,Germany,No,Organization,Yes,,No,,Company,,Energy (10),,1,29,21,12.7,6,7010,14
546,Yes,Redacted,Redacted,Japan,Yes,Organization,Yes,,"Yes (Including completing this survey on behalf of my organization, drawing on inputs from relevant teams)",,Company,,Real estate (60),,1,22,14,8.4,4,2890,3
547,No,Jared Braslawsky,I-TRACK Foundation - International Tracking Standard Foundation (General Response),Netherlands,Yes,Organization,No,,Not applicable,,Certificate registry/tracking system operator,,Energy (10),,0,108,98,59.0,45,46033,72
548,Yes,Redacted,Redacted,United States,Yes,Organization,Yes,,"Yes (Including completing this survey on behalf of my organization, drawing on inputs from relevant teams)",,Company,,"Consumer goods (25, 30)",,1,18,10,6.0,0,0,11
549,Yes,Redacted,Redacted,United States,Yes,Organization,Yes,,"Yes (Including completing this survey on behalf of my organization, drawing on inputs from relevant teams)",,Company,,Information and communication technology (45),,1,90,82,49.4,31,13143,56
550,No,Thomas Schroeder,Grundfos Holding A/S,Denmark,No,Organization,Yes,,"Yes (Including completing this survey on behalf of my organization, drawing on inputs from relevant teams)",,Company,,Manufacturing,,0,62,52,31.3,20,10484,46
551,No,Yoshinori Minemura,The Japanese Institute of Certified Public Accountants,Japan,Yes,Organization,Yes,,No,,Verification/assurance provider,,"Professional, scientific, and technical services (2020)",,0,23,13,7.8,7,12502,12
552,Yes,Redacted,Redacted,Netherlands,Yes,Organization,Other or N/A (please specify below),The VFIG is a dutch sector association for industrial gas producers . As aassociation we don't have a green gas inventory but the individual members do have a greenhouse gas inventory,Not applicable,The VFIG is a dutch sector association for industrial gas producers . As aassociation we don't have a green gas inventory but the individual members do have a greenhouse gas inventory,Other (please specify below),The VFIG is a dutch sector association for industrial gas producers,Other (please specify below),Production of industrial gasses,1,108,96,57.8,47,21465,92
553,No,Finian Power,First Sentier Group,Australia,No,Organization,Yes,,No,,Financial Institution,,Finance (40),,0,58,48,28.9,18,12158,36
554,Yes,Redacted,Redacted,China,Yes,Organization,Yes,,"Yes (Including completing this survey on behalf of my organization, drawing on inputs from relevant teams)",,Company,,Manufacturing,,1,26,18,10.8,5,2402,13
555,Yes,Redacted,Redacted,Spain,Yes,Organization,Yes,,"Yes (Including completing this survey on behalf of my organization, drawing on inputs from relevant teams)",,Energy supplier/retailer or utility,,Energy (10),,1,54,46,27.7,17,20336,39
556,Yes,Redacted,Redacted,Germany,Yes,Organization,Yes,,No,,Company,,Energy (10),,1,61,53,31.9,9,1855,53
557,No,TENG KY-GAN,ECO SUSTAINABILITY,Singapore,Yes,Organization,Other or N/A (please specify below),We're a consultancy providing this service,Not applicable,,Consultant supporting organizations with GHG inventories/strategies,,Services,,0,153,142,85.5,81,19644,134
559,No,Hanna Scholta,Technische Universität München,Germany,Yes,Individual,Other or N/A (please specify below),Not applicable (Research Institution),Not applicable,,Academia/research,,Education,,0,65,54,32.5,28,35036,44
560,No,Helena Watson,KPMG IFRG Ltd,United Kingdom,Yes,Organization,Yes,,Not applicable,,Other (please specify below),KPMG is a global organisation of member firms affiliated with KPMG International.,"Professional, scientific, and technical services (2020)",,0,101,90,54.2,49,49296,56
561,Yes,Redacted,Redacted,China,No,Individual,Yes,,"Yes (Including completing this survey on behalf of my organization, drawing on inputs from relevant teams)",,Academia/research,,Energy (10),,1,70,62,37.3,6,582,32
562,No,Sarah Carroll,Grant Thornton International Ltd (GTIL),United Kingdom,No,Organization,Other or N/A (please specify below),"GTIL is responding on behalf of its network of member firms, some of which have GHG inventories and some which do not",No,,Other (please specify below),Professional Services firm providing both assurance and advisory services relating to GHG emissions reporting,"Professional, scientific, and technical services (2020)",,0,159,147,88.6,76,34439,137
563,No,Jorrit Bakker,KPN B.V.,Netherlands,Yes,Organization,Yes,,"Yes (Including completing this survey on behalf of my organization, drawing on inputs from relevant teams)",,Company,,Information and communication technology (45),,0,41,31,18.7,14,15994,40
564,Yes,Redacted,Redacted,Japan,Yes,Organization,Yes,,"Yes (Including completing this survey on behalf of my organization, drawing on inputs from relevant teams)",,Company,,Construction (201030),,1,129,121,72.9,51,12835,96
565,Yes,Redacted,Redacted,Germany,Yes,Organization,Yes,,"Yes (Including completing this survey on behalf of my organization, drawing on inputs from relevant teams)",,Company,,Power generation (551050),,1,56,48,28.9,20,27107,43
566,No,Felix Hoornaert,Carbon+Alt+Delete,Belgium,Yes,Organization,Yes,,"Yes (Including completing this survey on behalf of my organization, drawing on inputs from relevant teams)",,GHG account/reporting program or initiative,,"Professional, scientific, and technical services (2020)",,0,97,87,52.4,28,4693,76
567,No,Mara Neef,Volkswagen AG,Germany,Yes,Organization,Yes,,"Yes (Including completing this survey on behalf of my organization, drawing on inputs from relevant teams)",,Company,,Transportation (2030),,0,38,28,16.9,17,10480,27
568,No,Ian Middleton,Carbon Trust,United Kingdom,Yes,Organization,Yes,,No,,Consultant supporting organizations with GHG inventories/strategies,,"Professional, scientific, and technical services (2020)",,0,89,79,47.6,41,15981,44
569,Yes,Redacted,Redacted,China,Yes,Organization,Yes,,"Yes (Including completing this survey on behalf of my organization, drawing on inputs from relevant teams)",,Company,,Information and communication technology (45),,1,159,151,91.0,73,17874,83
570,No,Konstantin Kersten,VW Kraftwerk GmbH,Germany,Yes,Organization,Other or N/A (please specify below),Included in Volkswagen AG GHG inventory,Not applicable,,Energy supplier/retailer or utility,,Energy (10),,0,34,23,13.9,13,10481,27
571,Yes,Redacted,Redacted,Netherlands,Yes,Organization,Yes,,"Yes (Including completing this survey on behalf of my organization, drawing on inputs from relevant teams)",,Company,,"Utilities (water, gas, electricity) (551010, 551020, 551030, 551040)",,1,124,116,69.9,53,4041,63
572,Yes,Redacted,Redacted,Germany,No,Organization,No,,Not applicable,,Verification/assurance provider,,"Professional, scientific, and technical services (2020)",,1,62,54,32.5,19,2624,33
573,No,"Ministry of Economy, Trade and Industry",GX Group,Japan,No,Organization,Yes,,"Yes (Including completing this survey on behalf of my organization, drawing on inputs from relevant teams)",,Government institution,,Other (please specify below),Government,0,15,4,2.4,7,8363,0
574,No,Yoshiyuki Narabe,Mitsubishi Electric Corp.,Japan,No,Organization,Yes,,"Yes (Including completing this survey on behalf of my organization, drawing on inputs from relevant teams)",,Company,,Manufacturing,,0,13,3,1.8,3,768,6
575,No,Valentin Pigeon,Carbometrix,France,No,Organization,Yes,,"Yes (Including completing this survey on behalf of my organization, drawing on inputs from relevant teams)",,Consultant supporting organizations with GHG inventories/strategies,,Services,,0,117,107,64.5,46,11742,87
576,No,Brendan Herron,Independent Advisor to various climate related organizations. Created the first publicly traded sustainable infrastructure finance platform.,United States,No,Individual,Yes,,"Yes (Including completing this survey on behalf of my organization, drawing on inputs from relevant teams)",,Company,,Finance (40),,0,171,161,97.0,84,83593,154
577,No,Tetsuya Mizuno,"Tokyo Gas Co., Ltd.",Japan,Yes,Organization,Yes,,No,,Energy supplier/retailer or utility,,Energy (10),,0,108,98,59.0,41,24609,79
578,Yes,Redacted,Redacted,Germany,No,Organization,Yes,,No,,Energy supplier/retailer or utility,,Energy (10),,1,30,22,13.3,10,11639,25
579,Yes,Redacted,Redacted,France,Yes,Organization,Yes,,"Yes (Including completing this survey on behalf of my organization, drawing on inputs from relevant teams)",,Financial Institution,,Finance (40),,1,33,25,15.1,6,270,44
580,No,Å Energi,parent company,Norway,No,Organization,Yes,,No,,Energy supplier/retailer or utility,,"Utilities (water, gas, electricity) (551010, 551020, 551030, 551040)",,0,46,36,21.7,17,17644,33
581,No,Lee Hui Mien,Singapore Telecommunications Pte Ltd,Singapore,Yes,Organization,Yes,,"Yes (Including completing this survey on behalf of my organization, drawing on inputs from relevant teams)",,Company,,Information and communication technology (45),,0,38,28,16.9,10,6182,40
583,No,Morten Storgaard,Novo Nordisk,Denmark,No,Organization,Yes,,"Yes (Including completing this survey on behalf of my organization, drawing on inputs from relevant teams)",,Company,,Manufacturing,,0,73,63,38.0,16,3947,82
584,No,"Ho, Patrick",Swire Properties Limited,Hong Kong,No,Organization,Yes,,"Yes (Including completing this survey on behalf of my organization, drawing on inputs from relevant teams)",,Company,,Real estate (60),,0,86,76,45.8,30,21388,72
585,Yes,Redacted,Redacted,Italy,Yes,Organization,Yes,,"Yes (Including completing this survey on behalf of my organization, drawing on inputs from relevant teams)",,Energy supplier/retailer or utility,,Energy (10),,1,46,38,22.9,4,633,71
586,No,Riccardo Paiatto,Edelweiss Energia S.p.A.,Italy,No,Organization,No,,Not applicable,,Energy supplier/retailer or utility,,Energy (10),,0,65,55,33.1,20,13802,39
587,Yes,Redacted,Redacted,United States,Yes,Organization,Yes,,"Yes (Including completing this survey on behalf of my organization, drawing on inputs from relevant teams)",,Company,,"Consumer goods (25, 30)",,1,157,149,89.8,83,10778,80
588,Yes,Redacted,Redacted,Finland,Yes,Organization,Yes,,"Yes (Including completing this survey on behalf of my organization, drawing on inputs from relevant teams)",,Company,Also energy supplier,Forest products (15105010),Biochemicals and forestry,1,84,74,44.6,26,17095,61
589,Yes,Redacted,Redacted,Germany,No,Organization,Yes,,"Yes (Including completing this survey on behalf of my organization, drawing on inputs from relevant teams)",,Company,,Chemicals (151010),,1,128,120,72.3,50,9708,53
590,No,Thomas Sicking,econsense - Forum for Sustainable Development of German Business e. V.,Germany,Yes,Organization,Other or N/A (please specify below),"We respond on behalf of our 51 member companies, all of which maintain GHG inventories.",Not applicable,,Other (please specify below),Company network,Other (please specify below),We are representing companies from various industries,0,162,149,89.8,77,111908,141
591,Yes,Redacted,Redacted,Canada,Yes,Organization,Yes,,"Yes (Including completing this survey on behalf of my organization, drawing on inputs from relevant teams)",,Company,,Information and communication technology (45),,1,116,108,65.1,40,13186,97
592,Yes,Redacted,Redacted,United States,No,Organization,Yes,,"Yes (Including completing this survey on behalf of my organization, drawing on inputs from relevant teams)",,Company,,Information and communication technology (45),,1,10,2,1.2,0,0,2
593,Yes,Redacted,Redacted,United States,Yes,Organization,Yes,,"Yes (Including completing this survey on behalf of my organization, drawing on inputs from relevant teams)",,Company,,Information and communication technology (45),,1,116,108,65.1,51,63434,91
594,Yes,Redacted,Redacted,Greece,No,Organization,Yes,,"Yes (Including completing this survey on behalf of my organization, drawing on inputs from relevant teams)",,Company,,Infrastructure (2010),,1,105,97,58.4,35,35403,108
595,No,Chelsea Murtha,American Apparel & Footwear Association (AAFA),United States,Yes,Organization,Other or N/A (please specify below),AAFA is a trade association,Not applicable,,Industry group,,Apparel (25203010),,0,31,20,12.0,9,6079,13
596,No,Quentin Guignard,ABC,France,No,Organization,Yes,,"Yes (Including completing this survey on behalf of my organization, drawing on inputs from relevant teams)",,Non-profit organization/NGO/civil society,,Other (please specify below),"ABC is the NGO maintaining and developping the Bilan Carbone® methodology in France and abroad, which should be quite similar to what the GHG Protocol does.",0,91,80,48.2,34,8775,74
597,Yes,Redacted,Redacted,Germany,No,Organization,Yes,,"Yes (Including completing this survey on behalf of my organization, drawing on inputs from relevant teams)",,Company,,"Consumer goods (25, 30)",,1,119,111,66.9,44,27638,91
598,No,.,PGIM,United Kingdom,Yes,Organization,Other or N/A (please specify below),Responding primarily as a user of GHG data,Not applicable,,Financial Institution,,Finance (40),,0,148,137,82.5,79,39800,91
599,Yes,Redacted,Redacted,Germany,Yes,Organization,Yes,,"Yes (Including completing this survey on behalf of my organization, drawing on inputs from relevant teams)",,Company,,"Retail (2550, 3010)",,1,53,45,27.1,6,2284,49
600,No,"Kim Blomster, Product Manager Good Environmental Choice Electricity","Good Environmental Choice (Bra Miljöval), ecolabel of Swedish Society of Nature Conservation",Sweden,Yes,Organization,No,,No,,Non-profit organization/NGO/civil society,,Other (please specify below),Good Environmental Choice is the SSNC’s own environmental certification system,0,12,1,0.6,4,2001,0
601,Yes,Redacted,Redacted,Netherlands,Yes,Organization,Yes,,"Yes (Including completing this survey on behalf of my organization, drawing on inputs from relevant teams)",,Company,,Energy (10),Energy - Renewable Energy (Sustainable Aviation Fuel),1,14,5,3.0,3,2137,7
602,No,"Lukas Jany,
Burkhard Huckestein
Robert Mieritz",Umweltbundesamt (German Environment Agency),Germany,No,Individual,Yes,,"Yes (Including completing this survey on behalf of my organization, drawing on inputs from relevant teams)",,Government institution,,Other (please specify below),Science and administration on the environment,0,75,64,38.6,33,14740,48
603,No,So Young Jang,SEMI,Singapore,Yes,Organization,Other or N/A (please specify below),SEMI is an industry organization and does not operate manufacturing facilities.,Not applicable,,Industry group,,Other (please specify below),Global Semiconductor Industry Association,0,159,147,88.6,81,45743,120
604,Yes,Redacted,Redacted,United States,Yes,Organization,Yes,,"Yes (Including completing this survey on behalf of my organization, drawing on inputs from relevant teams)",,Company,,Energy (10),,1,90,82,49.4,24,12876,68
605,No,Anna Riis Hedegaard,The 0-Mission - www.the0mission.dk,Denmark,Yes,Organization,Yes,,"Yes (Including completing this survey on behalf of my organization, drawing on inputs from relevant teams)",,Other (please specify below),A B2B marketplace for Gurantees of Origins with additionality,Energy (10),,0,96,85,51.2,32,19221,70
606,No,Paul Cicio,Industrial Energy Consumers of America,United States,Yes,Organization,No,,No,,Industry group,,Manufacturing,,0,27,17,10.2,13,11954,4
607,Yes,Redacted,Redacted,United Kingdom,Yes,Organization,Yes,,"Yes (Including completing this survey on behalf of my organization, drawing on inputs from relevant teams)",,Industry group,,"Food and beverage (302010, 302020)",,1,12,4,2.4,2,1876,1
608,Yes,Redacted,Redacted,Spain,Yes,Organization,Other or N/A (please specify below),We are a trade association representing the interests of industrial and medical gas manufacturing companies in Spain.,Not applicable,,Other (please specify below),trade association representing the interests of industrial and medical gas manufacturing companies in Spain.,Chemicals (151010),,1,105,95,57.2,44,20152,91
609,Yes,Redacted,Redacted,United States,Yes,Individual,Yes,,Other (please specify below),"I am consulted before publication, but others at my organization develop our annual inventory directly.",Company,,Services,,1,45,36,21.7,16,7035,34
610,No,Ashley DuPuis,Dow,United States,No,Organization,Yes,,"Yes (Including completing this survey on behalf of my organization, drawing on inputs from relevant teams)",,Company,,Chemicals (151010),,0,85,75,45.2,31,14981,65
611,No,David G Victor,UC San Diego,United States,Yes,Individual,Yes,,No,,Academia/research,,"Professional, scientific, and technical services (2020)",,0,54,44,26.5,19,3410,35
612,Yes,Redacted,Redacted,United States,Yes,Organization,Yes,,"Yes (Including completing this survey on behalf of my organization, drawing on inputs from relevant teams)",,Company,,Information and communication technology (45),,1,154,146,88.0,78,27316,89
613,Yes,Redacted,Redacted,Italy,Yes,Organization,Yes,,"Yes (Including completing this survey on behalf of my organization, drawing on inputs from relevant teams)",,Company,,Energy (10),,1,38,30,18.1,14,11745,18
614,No,Julia Barrett,Willmott Dixon,United Kingdom,Yes,Organization,Yes,,"Yes (Including completing this survey on behalf of my organization, drawing on inputs from relevant teams)",,Company,,Construction (201030),,0,63,53,31.9,19,7971,58
615,No,Caroline Fraser,Icebreaker One,United Kingdom,Yes,Organization,No,,No,,Non-profit organization/NGO/civil society,,Other (please specify below),"we work cross sector - agriculture, energy, transportation, water, built environment",0,13,2,1.2,5,2975,0
616,No,Christophe Richon,Europacable,Belgium,No,Organization,Other or N/A (please specify below),Many of our members do.,Not applicable,,Other (please specify below),Trade association,Manufacturing,,0,71,59,35.5,21,6799,70
617,Yes,Redacted,Redacted,United States,Yes,Organization,Yes,,"Yes (Including completing this survey on behalf of my organization, drawing on inputs from relevant teams)",,Company,,Manufacturing,,1,84,76,45.8,15,3463,96
618,Yes,Redacted,Redacted,Poland,Yes,Organization,Other or N/A (please specify below),"We provide strategic advisory and support to companies in calculating their carbon footprint, developing decarbonization strategies, and building business resilience to climate-related risks.",Other (please specify below),"The Foundation provides strategic advisory and support to companies in calculating their carbon footprint, developing decarbonization strategies, and building business resilience to climate-related risks.",Non-profit organization/NGO/civil society,,Other (please specify below),NGO,1,67,56,33.7,15,3099,60
619,No,Erik Landry,"Freelance, currently contracted with GRESB",Italy,No,Individual,Yes,,Not applicable,,Data/analytics or software provider related to GHG inventories,,Finance (40),,0,61,51,30.7,13,2210,61
620,Yes,Redacted,Redacted,United Kingdom,Yes,Organization,Yes,,"Yes (Including completing this survey on behalf of my organization, drawing on inputs from relevant teams)",,Company,,Manufacturing,,1,104,96,57.8,45,28317,74
621,Yes,Redacted,Redacted,United States,No,Organization,Yes,,No,,Consultant supporting organizations with GHG inventories/strategies,,Services,,1,107,99,59.6,37,21833,103
622,Yes,Redacted,Redacted,United States,Yes,Organization,Yes,,"Yes (Including completing this survey on behalf of my organization, drawing on inputs from relevant teams)",,Company,,Chemicals (151010),,1,93,85,51.2,34,14810,67
623,Yes,Redacted,Redacted,United States,Yes,Organization,Yes,,"Yes (Including completing this survey on behalf of my organization, drawing on inputs from relevant teams)",,Company,,Information and communication technology (45),,1,19,11,6.6,3,280,6
624,No,Joseph Maiale,Nucor,United States,No,Organization,Yes,,"Yes (Including completing this survey on behalf of my organization, drawing on inputs from relevant teams)",,Company,,Materials (15),,0,61,51,30.7,18,7781,53
625,Yes,Redacted,Redacted,United States,Yes,Organization,Yes,,"Yes (Including completing this survey on behalf of my organization, drawing on inputs from relevant teams)",,Company,,"Retail (2550, 3010)",,1,36,28,16.9,16,19104,19
626,No,Jessica Yau,Greenview,United States,Yes,Organization,Other or N/A (please specify below),"Greenview advises companies from across the hospitality sector on how to set up programs, maximize performance, set goals and targets, improve sustainability rankings and ratings and effectively communicate to internal and external stakeholders. Developing greenhouse gas inventory is part of scope of service.",Not applicable,,Consultant supporting organizations with GHG inventories/strategies,,"Professional, scientific, and technical services (2020)",,0,62,51,30.7,17,13849,44
627,Yes,Redacted,Redacted,Iceland,Yes,Organization,Yes,,"Yes (Including completing this survey on behalf of my organization, drawing on inputs from relevant teams)",,Energy supplier/retailer or utility,,Energy (10),,1,78,70,42.2,27,30585,42
628,No,Katrina Prutzman,WSP,United States,No,Organization,Yes,,"Yes (Including completing this survey on behalf of my organization, drawing on inputs from relevant teams)",,Consultant supporting organizations with GHG inventories/strategies,,"Professional, scientific, and technical services (2020)",,0,126,116,69.9,48,33047,91
629,Yes,Redacted,Redacted,United States,Yes,Organization,Yes,,"Yes (Including completing this survey on behalf of my organization, drawing on inputs from relevant teams)",,Financial Institution,,"Professional, scientific, and technical services (2020)",,1,72,64,38.6,29,47284,39
630,No,Toby Ferenczi,Granular Energy,United Kingdom,Yes,Organization,Yes,,"Yes (Including completing this survey on behalf of my organization, drawing on inputs from relevant teams)",,Data/analytics or software provider related to GHG inventories,,Information and communication technology (45),,0,95,85,51.2,34,20426,83
631,No,Deborah McNamara,"Executive Director, ClimateVoice",United States,No,Organization,No,,No,,Non-profit organization/NGO/civil society,,Other (please specify below),Corporate climate advocacy with a focus on mobilizing employees,0,28,17,10.2,4,477,35
632,No,DIEGO ARRIOLA,WATTLAB,Mexico,Yes,Organization,Other or N/A (please specify below),We provide services to clients that have a GHG inventory,Not applicable,,Consultant supporting organizations with GHG inventories/strategies,,Energy (10),,0,37,26,15.7,5,140,43
633,Yes,Redacted,Redacted,United States,Yes,Organization,Yes,,"Yes (Including completing this survey on behalf of my organization, drawing on inputs from relevant teams)",,Company,,Manufacturing,,1,87,79,47.6,32,34590,59
634,No,Devon Swezey,"Google, LLC",United States,Yes,Organization,Yes,,"Yes (Including completing this survey on behalf of my organization, drawing on inputs from relevant teams)",,Company,,Information and communication technology (45),,0,114,104,62.7,47,43407,98
635,No,Debbie Gray,International Hydropower Association (IHA),Canada,No,Organization,No,,Not applicable,,Industry group,,Power generation (551050),,0,43,33,19.9,11,4960,32
636,Yes,Redacted,Redacted,New Zealand,Yes,Individual,Other or N/A (please specify below),"BraveTrace is a for-purpose private company committed to accelerating the transition to renewable energy. We aim to generate positive social and environmental outcomes by promoting the growth of renewable and zero-carbon energy generation. Our team of eight is distributed across Aotearoa New Zealand. We operate a flexible, remote-first business model, working from home and using shared office spaces as needed. In FY25, we began tracking our travel-related emissions. This data helps us better understand and manage our travel impact. Next steps in our sustainability journey include: - Measuring energy consumption associated with remote work, including home heating/cooling, personal devices, and shared office energy use. - Evaluating the environmental and social footprint of our cloud-based data storage.",No,,Certificate registry/tracking system operator,,"Professional, scientific, and technical services (2020)",,1,68,59,35.5,27,31966,35
637,No,Katherine Dixon,Regulatory Assistance Project,United States,No,Organization,No,,Not applicable,,Non-profit organization/NGO/civil society,,Energy (10),,0,22,12,7.2,8,5906,22
638,No,Tim Street,BraveTrace,New Zealand,Yes,Organization,Other or N/A (please specify below),"BraveTrace is a for-purpose private company committed to accelerating the transition to renewable energy. We aim to generate positive social and environmental outcomes by promoting the growth of renewable and zero-carbon energy generation. Our team of eight is distributed across Aotearoa New Zealand. We operate a flexible, remote-first business model, working from home and using shared office spaces as needed. In FY25, we began tracking our travel-related emissions. This data helps us better understand and manage our travel impact. Next steps in our sustainability journey include: - Measuring energy consumption associated with remote work, including home heating/cooling, personal devices, and shared office energy use. - Evaluating the environmental and social footprint of our cloud-based data storage.",Not applicable,,Certificate registry/tracking system operator,,Energy (10),,0,72,61,36.7,33,36924,41
639,Yes,Redacted,Redacted,United States,Yes,Organization,Yes,,"Yes (Including completing this survey on behalf of my organization, drawing on inputs from relevant teams)",,Company,,"Retail (2550, 3010)",,1,32,24,14.5,9,13274,14
640,No,Julia Heidrich Sagaz,Association Forum for the Environment and Sustainability of the Electricity Sector (FMASE),Brazil,Yes,Organization,Other or N/A (please specify below),"We are a forum of associations representing the various segments of the Brazilian electricity sector — generation, transmission, distribution, trading, and consumption of electricity.",Not applicable,,Consultant supporting organizations with GHG inventories/strategies,,Energy (10),,0,63,52,31.3,19,4880,46
641,No,Yury Dvorkin,Johns Hopkins University,United States,No,Individual,Other or N/A (please specify below),In process of creating it.,No,,Academia/research,,Education,,0,25,14,8.4,9,7497,12
642,No,Eric O'Shaughnessy,"Clean Kilowatts, LLC",United States,Yes,Individual,No,,No,,Academia/research,,"Professional, scientific, and technical services (2020)",,0,18,8,4.8,10,10585,0
643,Yes,Redacted,Redacted,Singapore,No,Organization,Yes,,No,,Financial Institution,,Finance (40),,1,70,62,37.3,18,17142,72
644,No,Carolyn Addy,Renewabl Ltd,United Kingdom,Yes,Organization,No,,Not applicable,,Other (please specify below),"Renewabl is an expert led platform enabling monitoring and procurement of renewable energy, built on an hourly architecture. We did not fit neatly into one of the other buckets.",Information and communication technology (45),,0,50,39,23.5,19,15088,56
645,No,Mars,Mars,United States,Yes,Organization,Yes,,"Yes (Including completing this survey on behalf of my organization, drawing on inputs from relevant teams)",,Company,,"Consumer goods (25, 30)",,0,38,28,16.9,11,8090,27
646,No,Coley Girouard,Rivian Automotive,United States,Yes,Organization,Yes,,"Yes (Including completing this survey on behalf of my organization, drawing on inputs from relevant teams)",,Company,,Transportation (2030),,0,38,28,16.9,8,10653,34
647,No,Stephen Huntoon,None,United States,Yes,Individual,Other or N/A (please specify below),,Not applicable,,Other (please specify below),None,Other (please specify below),N/A,0,27,15,9.0,11,13572,16
648,No,Chris Adams,Green Web Foundation,Netherlands,No,Organization,Yes,,"Yes (Including completing this survey on behalf of my organization, drawing on inputs from relevant teams)",,Non-profit organization/NGO/civil society,,Information and communication technology (45),,0,65,55,33.1,20,14054,95
649,Yes,Redacted,Redacted,United States,Yes,Organization,Yes,,"Yes (Including completing this survey on behalf of my organization, drawing on inputs from relevant teams)",,Company,,Finance (40),,1,24,16,9.6,6,3089,12
650,Yes,Redacted,Redacted,United States,Yes,Organization,Yes,,"Yes (Including completing this survey on behalf of my organization, drawing on inputs from relevant teams)",,Company,,"Retail (2550, 3010)",,1,134,126,75.9,59,18116,68
651,No,Erik Hansen,Workday,United States,No,Organization,Yes,,"Yes (Including completing this survey on behalf of my organization, drawing on inputs from relevant teams)",,Company,,Information and communication technology (45),,0,47,37,22.3,15,26675,45
652,Yes,Redacted,Redacted,United States,Yes,Organization,Other or N/A (please specify below),"The National Retail Federation is the world's largest trade association for retailers. We do not have a greenhouse gas inventory, but many of our members do. We are responding on their behalf.",Other (please specify below),"The National Retail Federation is the world's largest trade association for retailers. We do not have a greenhouse gas inventory, but many of our members do. We are responding on their behalf.",Industry group,,"Retail (2550, 3010)",,1,44,34,20.5,18,6098,32
653,Yes,Redacted,Redacted,United States,Yes,Organization,Yes,,"Yes (Including completing this survey on behalf of my organization, drawing on inputs from relevant teams)",,Company,,Hospitality (253010),,1,82,74,44.6,22,19485,88
654,No,Rhys Thomas,Australian Energy Council,Australia,Yes,Organization,No,,Not applicable,,Industry group,,Energy (10),,0,21,11,6.6,8,9977,12
655,Yes,Redacted,Redacted,United States,Yes,Organization,Yes,,"Yes (Including completing this survey on behalf of my organization, drawing on inputs from relevant teams)",,Energy supplier/retailer or utility,,"Utilities (water, gas, electricity) (551010, 551020, 551030, 551040)",,1,79,71,42.8,25,18006,74
656,Yes,Redacted,Redacted,United States,Yes,Organization,Yes,,"Yes (Including completing this survey on behalf of my organization, drawing on inputs from relevant teams)",,Company,,Other (please specify below),Media,1,65,56,33.7,23,15001,40
657,Yes,Redacted,Redacted,New Zealand,No,Individual,Other or N/A (please specify below),"BraveTrace is a for-purpose private company committed to accelerating the transition to renewable energy. We aim to generate positive social and environmental outcomes by promoting the growth of renewable and zero-carbon energy generation. Our team of eight is distributed across Aotearoa New Zealand. We operate a flexible, remote-first business model, working from home and using shared office spaces as needed. In FY25, we began tracking our travel-related emissions. This data helps us better understand and manage our travel impact. Next steps in our sustainability journey include: - Measuring energy consumption associated with remote work, including home heating/cooling, personal devices, and shared office energy use. - Evaluating the environmental and social footprint of our cloud-based data storage.","Yes (Including completing this survey on behalf of my organization, drawing on inputs from relevant teams)",,Certificate registry/tracking system operator,,Energy (10),,1,71,62,37.3,31,37072,42
658,No,Merve Gungor,RECS Energy Certificate Association,Netherlands,Yes,Organization,No,,Not applicable,,Industry group,,Energy (10),,0,87,77,46.4,39,62943,51
659,Yes,Redacted,Redacted,United States,Yes,Organization,Yes,,"Yes (Including completing this survey on behalf of my organization, drawing on inputs from relevant teams)",,Company,,"Utilities (water, gas, electricity) (551010, 551020, 551030, 551040)",,1,42,34,20.5,12,10165,45
660,Yes,Redacted,Redacted,Japan,Yes,Organization,Yes,,"Yes (Including completing this survey on behalf of my organization, drawing on inputs from relevant teams)",,Company,,Real estate (60),,1,28,20,12.0,12,6181,12
661,No,Tim Kelly,Town of Gawler,Australia,Yes,Organization,Yes,,"Yes (Including completing this survey on behalf of my organization, drawing on inputs from relevant teams)",,Government institution,,"Utilities (water, gas, electricity) (551010, 551020, 551030, 551040)",,0,124,114,68.7,58,52174,62
662,Yes,Redacted,Redacted,Canada,Yes,Organization,Yes,,"Yes (Including completing this survey on behalf of my organization, drawing on inputs from relevant teams)",,Company,,Apparel (25203010),,1,61,53,31.9,18,17589,55
663,No,Lisa Pfeifer,Exelon,United States,Yes,Organization,Yes,,"Yes (Including completing this survey on behalf of my organization, drawing on inputs from relevant teams)",,Energy supplier/retailer or utility,,"Utilities (water, gas, electricity) (551010, 551020, 551030, 551040)",,0,152,142,85.5,72,39848,105
664,Yes,Redacted,Redacted,China,Yes,Organization,Yes,,"Yes (Including completing this survey on behalf of my organization, drawing on inputs from relevant teams)",,Company,,Manufacturing,,1,29,21,12.7,6,2377,13
665,No,Rhiannon Boyd,Australasian Campuses Towards Sustainability (ACTS),Oceania (Other),No,Organization,Other or N/A (please specify below),"ACTS represents member organisations from the Australian, New Zealand, Pacific and South-East Asian tertiary sectors. Each institution has responsibility for establishing their GHG inventory development.",Other (please specify below),"As per comment above, each member organisation conducts individual GHG assessments. The preparers of this submission are all involved in their respective organisation's GHG inventory calculations.",Other (please specify below),"ACTS is an independent, not-for-profit member-led organization that supports tertiary education institutions in the Australasian region to advance sustainability.",Other (please specify below),"ACTS is an independent, not-for-profit member-led organization that supports tertiary education institutions in the Australasian region to advance sustainability.",0,180,166,100.0,91,48768,112
666,No,Tom Newitt,Spark New Zealand,New Zealand,Yes,Organization,Yes,,"Yes (Including completing this survey on behalf of my organization, drawing on inputs from relevant teams)",,Company,,Information and communication technology (45),,0,100,90,54.2,34,10090,81
667,No,Satoshi Hyoda,KDDI CORPORATION,Japan,Yes,Organization,Yes,,"Yes (Including completing this survey on behalf of my organization, drawing on inputs from relevant teams)",,Company,,Information and communication technology (45),,0,56,46,27.7,18,19270,46
669,Yes,Redacted,Redacted,Japan,Yes,Organization,Yes,,"Yes (Including completing this survey on behalf of my organization, drawing on inputs from relevant teams)",,Company,,Energy (10),,1,114,106,63.9,46,20329,87
670,No,Masahiko Fujita,The Real Estate Companies Association of Japan,Japan,No,Organization,Yes,,"Yes (Including completing this survey on behalf of my organization, drawing on inputs from relevant teams)",,Industry group,,Real estate (60),,0,19,9,5.4,5,2531,11
671,Yes,Redacted,Redacted,Japan,Yes,Organization,Other or N/A (please specify below),"As indicated in the URL below, our holding company, Tokyo Electric Power Company Holdings, Inc., has a greenhouse gas inventory. https://www.tepco.co.jp/about/esg/environment/carbon-neutrality/ghg-data-j.html",Other (please specify below),"As indicated in the URL below, our holding company, Tokyo Electric Power Company Holdings, Inc., is involved in a greenhouse gas inventory. https://www.tepco.co.jp/about/esg/environment/carbon-neutrality/ghg-data-j.html",Energy supplier/retailer or utility,,"Utilities (water, gas, electricity) (551010, 551020, 551030, 551040)",,1,40,30,18.1,17,22050,19
672,Yes,Redacted,Redacted,Korea - Republic of/South,No,Organization,Yes,,No,,Government institution,,Energy (10),,1,34,26,15.7,13,4759,24
673,Yes,Redacted,Redacted,China,No,Organization,Yes,,"Yes (Including completing this survey on behalf of my organization, drawing on inputs from relevant teams)",,Company,,Manufacturing,,1,29,21,12.7,6,6440,12
674,No,Motofusa Inui,THE SCHEDULED AIRLINES ASSOCIATION OF JAPAN,Japan,Yes,Organization,No,,No,,Industry group,,Transportation (2030),,0,14,4,2.4,4,3321,6
675,No,Karen McWilliams,Chartered Accountants Australia and New Zealand,Australia,Yes,Organization,Yes,,Other (please specify below),"CA ANZ’s response has been formed based on feedback from our members who work in, advise, and provide assurance services to, entities within the natural resources and energy sectors. Further information on our membership is included under our response to question 15. The consultation seeks feedback on proposed amendments to mandate hourly matching of energy consumption and the procurement of clean energy. We have received strong feedback expressing concerns relating to the practicality of the proposal. We understand the intent of the proposed amendments, but consider it premature to require such an approach, given the current infrastructure constraints and the burden that this may place on reporters. The independent standards board could instead encourage the use of hourly matching or include this as voluntary supplementary information. We do not support hourly matching being made mandatory at this time.",Other (please specify below),"Chartered Accountants Australia and New Zealand (CA ANZ) represents more than 140,000 financial professionals, supporting them to build value and make a difference to the businesses, organisations and communities in which they work and live. Around the world, Chartered Accountants are known for their integrity, financial skills, adaptability and the rigour of their professional education and training. CA ANZ promotes the Chartered Accountant (CA) designation and high ethical standards, delivers world-class services and life-long education to members and advocates for the public good. We protect the reputation of the designation by ensuring members continue to comply with a code of ethics, backed by a robust discipline process. We also monitor Chartered Accountants who offer services directly to the public. Our flagship CA Program, the pathway to becoming a Chartered Accountant, combines rigorous education with practical experience. Ongoing professional development helps members shape business decisions and remain relevant in a changing world. We actively engage with governments, regulators and standard-setters on behalf of members and the profession to advocate in the public interest. Our thought leadership promotes prosperity in Australia and New Zealand.",Other (please specify below),Industry member body representing accountants in business and public practice.,0,55,42,25.3,22,12550,41
676,Yes,Redacted,Redacted,Japan,No,Organization,Yes,,No,,Company,,Other (please specify below),Green Energy Certificate Issuer,1,20,11,6.6,6,3251,7
677,No,Jesse Jenkins,"Princeton University, Zero-carbon Energy Research and Optimization Laboratory (ZERO Lab)",United States,Yes,Individual,No,,Not applicable,,Academia/research,,Education,,0,83,73,44.0,31,32410,84
678,Yes,Redacted,Redacted,Japan,Yes,Organization,No,,No,,Other (please specify below),Trade association,Manufacturing,,1,18,9,5.4,4,344,8
679,Yes,Redacted,Redacted,United States,No,Organization,Yes,,"Yes (Including completing this survey on behalf of my organization, drawing on inputs from relevant teams)",,Company,,Power generation (551050),,1,20,12,7.2,0,0,7
680,No,Hideya Kusano,"Tokyo Electric Power Company Holdings, Inc.",Japan,Yes,Organization,Yes,,"Yes (Including completing this survey on behalf of my organization, drawing on inputs from relevant teams)",,Energy supplier/retailer or utility,,"Utilities (water, gas, electricity) (551010, 551020, 551030, 551040)",,0,126,116,69.9,58,69084,93
682,Yes,Redacted,Redacted,Australia,No,Organization,Yes,,"Yes (Including completing this survey on behalf of my organization, drawing on inputs from relevant teams)",,Company,,Information and communication technology (45),,1,48,40,24.1,16,10182,40
684,Yes,Redacted,Redacted,United States,No,Organization,Yes,,"Yes (Including completing this survey on behalf of my organization, drawing on inputs from relevant teams)",,Company,,Apparel (25203010),,1,52,44,26.5,18,7230,40
685,No,中島 啓介 / Keisuke Nakajima,一般社団法人バイオマス発電事業者協会 / Biomass Power Association,Japan,Yes,Organization,No,,Not applicable,,Industry group,,Power generation (551050),,0,55,45,27.1,21,22757,49
686,No,CJ Wilson,SJ Group,Australia,Yes,Organization,Yes,,"Yes (Including completing this survey on behalf of my organization, drawing on inputs from relevant teams)",,Company,,Construction (201030),,0,89,79,47.6,34,20559,108
687,No,Yve Torrie,A Better City,United States,No,Organization,Other or N/A (please specify below),"A Better City represents a multi-sector group of nearly 130 business leaders united around a common vision: to create a more vibrant, competitive, sustainable, and equitable city and region for all. Our mission is to engage the Greater Boston business community and civic institutions in developing solutions and influencing policy through research and collaboration on climate, transportation, and land use issues. Our members have expressed some high-level concerns regarding the proposed Scope 2 standards changes, and we are submitting these comments on their behalf.",No,,Other (please specify below),Both a business organization and a non-profit.,Other (please specify below),business community,0,14,1,0.6,6,4656,0
688,No,Ross Hoder,Enocor,United States,No,Organization,No,,Not applicable,,Consultant supporting organizations with GHG inventories/strategies,,"Professional, scientific, and technical services (2020)",,0,77,67,40.4,28,24013,58
689,Yes,Redacted,Redacted,Australia,No,Organization,Other or N/A (please specify below),N/A,Not applicable,,Consultant supporting organizations with GHG inventories/strategies,,Services,,1,118,109,65.7,48,15117,87
690,No,SoftBank Corp.,CSR Division,Japan,Yes,Organization,Yes,,"Yes (Including completing this survey on behalf of my organization, drawing on inputs from relevant teams)",,Company,,Information and communication technology (45),,0,122,112,67.5,55,43241,95
691,No,Bruce Precious,Six Capitals Consulting,Australia,Yes,Individual,No,,No,,Consultant supporting organizations with GHG inventories/strategies,,Real estate (60),,0,36,26,15.7,13,4130,13
692,Yes,Redacted,Redacted,Japan,Yes,Organization,Yes,,"Yes (Including completing this survey on behalf of my organization, drawing on inputs from relevant teams)",,Company,,Other (please specify below),Semiconductor sector,1,147,138,83.1,70,42965,123
693,Yes,Redacted,Redacted,Japan,Yes,Organization,No,,No,,Industry group,,Manufacturing,,1,60,52,31.3,17,18378,59
694,Yes,Redacted,Redacted,Taiwan,Yes,Organization,Yes,,No,,Company,,Manufacturing,,1,26,18,10.8,5,1764,13
695,Yes,Redacted,Redacted,Japan,No,Organization,Yes,,"Yes (Including completing this survey on behalf of my organization, drawing on inputs from relevant teams)",,Consultant supporting organizations with GHG inventories/strategies,,Energy (10),,1,56,48,28.9,6,3877,50
696,Yes,Redacted,Redacted,Australia,Yes,Organization,Other or N/A (please specify below),We use guidance from GHG protocol to set rules for recognition of best practice purchase of renewable energy,Not applicable,,Non-profit organization/NGO/civil society,,Real estate (60),,1,48,39,23.5,10,8863,35
697,No,Yasuhiro Otsuka,"Macnica, Inc.",Japan,Yes,Organization,Yes,,"Yes (Including completing this survey on behalf of my organization, drawing on inputs from relevant teams)",,Company,,Other (please specify below),Wholesale trading company of semiconductor and network products,0,42,31,18.7,17,6081,10
698,Yes,Redacted,Redacted,Hong Kong,No,Organization,Yes,,"Yes (Including completing this survey on behalf of my organization, drawing on inputs from relevant teams)",,Energy supplier/retailer or utility,,"Utilities (water, gas, electricity) (551010, 551020, 551030, 551040)",,1,103,95,57.2,31,10743,108
700,Yes,Redacted,Redacted,Japan,Yes,Organization,Yes,,"Yes (Including completing this survey on behalf of my organization, drawing on inputs from relevant teams)",,Company,,"Food and beverage (302010, 302020)",,1,26,18,10.8,2,301,22
701,No,Craig Roussac,Buildings Alive Pty Limited,Australia,Yes,Organization,Yes,,Not applicable,,Data/analytics or software provider related to GHG inventories,,Information and communication technology (45),,0,84,74,44.6,22,3494,101
702,No,Yunseok Kim,Samsung Display,Korea - Republic of/South,Yes,Organization,Yes,,"Yes (Including completing this survey on behalf of my organization, drawing on inputs from relevant teams)",,Company,,Manufacturing,,0,30,20,12.0,8,5639,13
703,Yes,Redacted,Redacted,Japan,Yes,Organization,Other or N/A (please specify below),"The holding company maintains the group-level GHG inventory, and we support this process. In addition, we support our corporate clients in preparing GHG inventories and implementing emissions reduction strategies.","Yes (Including completing this survey on behalf of my organization, drawing on inputs from relevant teams)",,Energy supplier/retailer or utility,,"Utilities (water, gas, electricity) (551010, 551020, 551030, 551040)",,1,21,12,7.2,6,5550,13
704,Yes,Redacted,Redacted,Japan,Yes,Organization,No,,No,,Energy supplier/retailer or utility,,Energy (10),,1,41,33,19.9,14,20747,11
705,Yes,Redacted,Redacted,Korea - Republic of/South,No,Organization,No,,No,,Non-profit organization/NGO/civil society,,Other (please specify below),Standard-setter,1,39,30,18.1,13,21345,36
706,Yes,Redacted,Redacted,United States,Yes,Organization,Yes,,"Yes (Including completing this survey on behalf of my organization, drawing on inputs from relevant teams)",,Company,,Information and communication technology (45),,1,120,112,67.5,38,20722,97
707,No,Zhang Yang,"Building Energy Research Center, Tsinghua University",China,Yes,Organization,No,,"Yes (Including completing this survey on behalf of my organization, drawing on inputs from relevant teams)",,Academia/research,,Energy (10),,0,11,1,0.6,3,1068,0
708,No,Sumanth Sai Mikkilineni,"Ingka Group, IKEA",Sweden,Yes,Organization,Yes,,"Yes (Including completing this survey on behalf of my organization, drawing on inputs from relevant teams)",,Other (please specify below),Retailer,"Retail (2550, 3010)",,0,118,107,64.5,41,8289,130
709,No,Akane Nasukawa,au Energy Holdings Corporation,Japan,Yes,Organization,Yes,,"Yes (Including completing this survey on behalf of my organization, drawing on inputs from relevant teams)",,Energy supplier/retailer or utility,,Energy (10),,0,56,46,27.7,18,19280,46
710,No,Sim van der Linde,dsm-firmenich,Netherlands,Yes,Organization,Yes,,"Yes (Including completing this survey on behalf of my organization, drawing on inputs from relevant teams)",,Company,,Chemicals (151010),,0,82,72,43.4,35,15181,66
711,Yes,Redacted,Redacted,China,No,Organization,Yes,,"Yes (Including completing this survey on behalf of my organization, drawing on inputs from relevant teams)",,Electric Grid Operator,,Energy (10),,1,13,5,3.0,3,1248,4
712,Yes,Redacted,Redacted,Spain,Yes,Organization,Yes,,"Yes (Including completing this survey on behalf of my organization, drawing on inputs from relevant teams)",,Other (please specify below),retail,"Retail (2550, 3010)",,1,43,34,20.5,5,2316,43
713,Yes,Redacted,Redacted,Switzerland,No,Organization,Yes,,"Yes (Including completing this survey on behalf of my organization, drawing on inputs from relevant teams)",,Company,,Manufacturing,,1,114,106,63.9,39,29708,67
714,No,Environment and Energy Policy Bureau,Keidanren,Japan,Yes,Organization,No,,Not applicable,,Industry group,,Other (please specify below),,0,38,28,16.9,12,6134,20
715,No,The Danish Business Authority,The Danish Business Authority,Denmark,No,Organization,Other or N/A (please specify below),We are a government institution,Not applicable,,Government institution,,Other (please specify below),We are a government institution,0,34,22,13.3,13,3983,18
716,Yes,Redacted,Redacted,United States,Yes,Organization,Yes,NA,Other (please specify below),NA,Other (please specify below),Consumer staples,"Food and beverage (302010, 302020)",NA,1,129,117,70.5,55,19692,88
717,Yes,Redacted,Redacted,Hong Kong,Yes,Organization,Yes,,"Yes (Including completing this survey on behalf of my organization, drawing on inputs from relevant teams)",,Energy supplier/retailer or utility,,"Utilities (water, gas, electricity) (551010, 551020, 551030, 551040)",,1,88,80,48.2,15,6656,68
718,Yes,Redacted,Redacted,Spain,No,Organization,Other or N/A (please specify below),N/A,Not applicable,,Company,,Energy (10),,1,30,21,12.7,8,6951,9
719,Yes,Redacted,Redacted,New Zealand,No,Organization,Yes,,"Yes (Including completing this survey on behalf of my organization, drawing on inputs from relevant teams)",,Energy supplier/retailer or utility,,Power generation (551050),,1,13,5,3.0,5,1070,0
720,Yes,Redacted,Redacted,China,Yes,Organization,Yes,,"Yes (Including completing this survey on behalf of my organization, drawing on inputs from relevant teams)",,Company,,Manufacturing,,1,21,13,7.8,5,754,11
721,Yes,Redacted,Redacted,Spain,Yes,Organization,Yes,,"Yes (Including completing this survey on behalf of my organization, drawing on inputs from relevant teams)",,Energy supplier/retailer or utility,,Energy (10),,1,159,151,91.0,72,40817,123
722,Yes,Redacted,Redacted,Korea - Republic of/South,Yes,Organization,No,,No,,Other (please specify below),Association,Information and communication technology (45),Association,1,62,52,31.3,21,13925,46
723,No,Kasper Gadbert,Biogas Danmark/Danish Biogas Association,Denmark,Yes,Organization,No,,No,,Industry group,,Energy (10),,0,22,12,7.2,4,2351,13
724,Yes,Redacted,Redacted,Korea - Republic of/South,Yes,Organization,No,,"Yes (Including completing this survey on behalf of my organization, drawing on inputs from relevant teams)",,Industry group,,"Consumer goods (25, 30)",,1,40,32,19.3,14,10479,48
725,Yes,Redacted,Redacted,Netherlands,No,Organization,Yes,,"Yes (Including completing this survey on behalf of my organization, drawing on inputs from relevant teams)",,Company,,Manufacturing,,1,66,58,34.9,15,4392,63
726,No,Dr. Fieke Jansen,"critical infrastructure lab
University of Amsterdam",Netherlands,Yes,Individual,Yes,,No,,Academia/research,,Education,,0,63,53,31.9,26,29491,62
727,Yes,Redacted,Redacted,Netherlands,Yes,Organization,Yes,,"Yes (Including completing this survey on behalf of my organization, drawing on inputs from relevant teams)",,Company,,Other (please specify below),"I represent a semiconductor company that design and manufactures semiconductors. Sector: Information Technology, Industry Group: Technology Hardware & Equipment Industry: Semiconductors & Semiconductor Equipment GICS Code: 45300000",1,161,152,91.6,82,45814,118
728,Yes,Redacted,Redacted,Japan,Yes,Organization,Yes,,No,,Energy supplier/retailer or utility,,Energy (10),,1,18,10,6.0,6,5912,5
729,Yes,Redacted,Redacted,South Africa,Yes,Organization,Yes,,"Yes (Including completing this survey on behalf of my organization, drawing on inputs from relevant teams)",,Company,,Other (please specify below),Integrated Energy and Chemicals value chain,1,101,92,55.4,43,11210,84
730,No,Narong Vatcharasathien,Electricity Generating Authority of Thailand (EGAT),Thailand,Yes,Organization,Yes,,No,,Electric Grid Operator,,Energy (10),,0,59,49,29.5,18,15149,49
731,Yes,Redacted,Redacted,United Kingdom,Yes,Organization,No,,Not applicable,,Non-profit organization/NGO/civil society,,Other (please specify below),Corporate environmental target setting and standards body,1,76,67,40.4,22,6233,99
732,Yes,Redacted,Redacted,Greece,Yes,Organization,Yes,,"Yes (Including completing this survey on behalf of my organization, drawing on inputs from relevant teams)",,Company,,Manufacturing,,1,97,89,53.6,29,26091,102
733,No,Marija Dabrisiute,WindEurope,Belgium,Yes,Organization,Other or N/A (please specify below),industry association,Other (please specify below),,Industry group,,Energy (10),,0,32,21,12.7,15,14587,27
734,No,Oghosa Erhahon,Long Duration Energy Storage (LDES) Council,Belgium,Yes,Organization,No,,Not applicable,,Industry group,,Other (please specify below),Energy Storage,0,15,4,2.4,5,6158,9
735,No,Aileen Garnett,Genesis Energy Limited,New Zealand,Yes,Individual,Yes,,"Yes (Including completing this survey on behalf of my organization, drawing on inputs from relevant teams)",,Company,,Energy (10),,0,65,55,33.1,18,10672,75
736,Yes,Redacted,Redacted,Switzerland,Yes,Organization,Yes,,Other (please specify below),"Yes, including methodological decisions within the GHG-inventory working group of the federal administration",Government institution,,Other (please specify below),Government institution,1,64,54,32.5,14,1666,80
737,No,Moara Silva Morasche,Axia Energia,Brazil,Yes,Organization,Yes,,"Yes (Including completing this survey on behalf of my organization, drawing on inputs from relevant teams)",,Energy supplier/retailer or utility,,Energy (10),,0,69,59,35.5,27,9068,30
738,No,Anton Koninckx,Union of the Electricity Industry - Eurelectric aisbl,Belgium,Yes,Organization,No,,Not applicable,,Industry group,,Energy (10),,0,54,44,26.5,17,25222,40
739,Yes,Redacted,Redacted,Germany,Yes,Organization,Yes,,"Yes (Including completing this survey on behalf of my organization, drawing on inputs from relevant teams)",,Company,,"Retail (2550, 3010)",,1,90,82,49.4,16,3089,73
740,Yes,Redacted,Redacted,Japan,Yes,Organization,Other or N/A (please specify below),,Not applicable,,Company,,"Utilities (water, gas, electricity) (551010, 551020, 551030, 551040)",,1,11,3,1.8,2,1165,1
741,Yes,Redacted,Redacted,Singapore,Yes,Organization,Yes,,"Yes (Including completing this survey on behalf of my organization, drawing on inputs from relevant teams)",,Energy supplier/retailer or utility,,Energy (10),,1,19,11,6.6,3,5309,9
742,No,Amelia Taylor,Crowe UK LLP,United Kingdom,Yes,Organization,Yes,,"Yes (Including completing this survey on behalf of my organization, drawing on inputs from relevant teams)",,Company,,"Professional, scientific, and technical services (2020)",,0,113,103,62.0,47,17195,102
743,No,Anthony Lorin,European Biogas Association,Belgium,No,Organization,Other or N/A (please specify below),NA,Not applicable,,Industry group,,Energy (10),,0,14,3,1.8,4,3396,3
744,No,"Louis von Moos, Managing Director",Association ECS Switzerland (Verein ECS Schweiz),Switzerland,No,Organization,Other or N/A (please specify below),Multiple members of the Association ECS Switzerland have an inventory,Other (please specify below),Multiple members of the Association ECS Switzerland have an inventory,Industry group,,Energy (10),,0,92,80,48.2,42,58774,50
746,No,Energy Procurement Team,Ferrero International SA,Luxembourg,Yes,Organization,Yes,,"Yes (Including completing this survey on behalf of my organization, drawing on inputs from relevant teams)",,Company,,"Food and beverage (302010, 302020)",,0,75,65,39.2,30,25848,54
747,Yes,Redacted,Redacted,United States,Yes,Organization,Yes,,"Yes (Including completing this survey on behalf of my organization, drawing on inputs from relevant teams)",,Company,,Manufacturing,,1,133,125,75.3,52,36477,121
748,Yes,Redacted,Redacted,United Kingdom,Yes,Organization,Yes,,"Yes (Including completing this survey on behalf of my organization, drawing on inputs from relevant teams)",,Consultant supporting organizations with GHG inventories/strategies,,Other (please specify below),Carbon Neutral Britain Ltd is a carbon consultancy which supports organisations of all sectors,1,61,52,31.3,21,2032,53
749,Yes,Redacted,Redacted,India,Yes,Organization,Other or N/A (please specify below),,Not applicable,,Consultant supporting organizations with GHG inventories/strategies,,"Professional, scientific, and technical services (2020)",,1,112,104,62.7,36,27747,145
750,No,Stefan Dierks,Melitta Group Management & Co. KG,Germany,Yes,Organization,Yes,,"Yes (Including completing this survey on behalf of my organization, drawing on inputs from relevant teams)",,Company,,"Food and beverage (302010, 302020)",,0,91,81,48.8,12,754,90
751,Yes,Redacted,Redacted,Austria,Yes,Organization,Yes,,"Yes (Including completing this survey on behalf of my organization, drawing on inputs from relevant teams)",,Company,,Manufacturing,,1,27,19,11.4,5,2190,13
752,Yes,Redacted,Redacted,Netherlands,Yes,Organization,Yes,,"Yes (Including completing this survey on behalf of my organization, drawing on inputs from relevant teams)",,Company,,Transportation (2030),,1,75,67,40.4,17,1633,53
753,Yes,Redacted,Redacted,Netherlands,No,Organization,Yes,,"Yes (Including completing this survey on behalf of my organization, drawing on inputs from relevant teams)",,Company,,"Professional, scientific, and technical services (2020)",,1,50,42,25.3,5,1825,52
754,No,Richard Searle,Just Climate / Generation Investment Management,United Kingdom,No,Organization,Yes,,"Yes (Including completing this survey on behalf of my organization, drawing on inputs from relevant teams)",,Other (please specify below),Sustainability/ impact focused investor,Finance (40),,0,137,126,75.9,63,44539,106
755,Yes,Redacted,Redacted,United Kingdom,Yes,Organization,Yes,,"Yes (Including completing this survey on behalf of my organization, drawing on inputs from relevant teams)",,Company,,"Biotech, health care and pharmaceutical (35201010, 3510, 35202010)",,1,57,49,29.5,14,5349,59
756,Yes,Redacted,Redacted,Belgium,Yes,Organization,Yes,,"Yes (Including completing this survey on behalf of my organization, drawing on inputs from relevant teams)",,Company,,Manufacturing,,1,79,71,42.8,11,4716,83
757,No,Arianna Avallone,Bellona Europa,Belgium,Yes,Organization,No,,Not applicable,,Non-profit organization/NGO/civil society,,Other (please specify below),Climate and Environment,0,58,47,28.3,24,8912,57
758,Yes,Redacted,Redacted,Japan,No,Organization,No,,No,,Company,,Real estate (60),,1,18,10,6.0,4,2176,12
759,Yes,Redacted,Redacted,Canada,Yes,Organization,Yes,,"Yes (Including completing this survey on behalf of my organization, drawing on inputs from relevant teams)",,Energy supplier/retailer or utility,,Power generation (551050),,1,30,22,13.3,10,15583,10
760,Yes,Redacted,Redacted,France,No,Organization,No,,Not applicable,,Industry group,,Information and communication technology (45),,1,15,7,4.2,3,3694,10
761,Yes,Redacted,Redacted,Singapore,Yes,Organization,Yes,,No,,Government institution,,Other (please specify below),Government institution,1,96,87,52.4,43,27264,47
762,Yes,Redacted,Redacted,Singapore,Yes,Organization,Yes,,No,,Government institution,,Other (please specify below),Government Institution,1,103,94,56.6,50,27271,46
763,Yes,Redacted,Redacted,United Kingdom,Yes,Organization,Yes,,"Yes (Including completing this survey on behalf of my organization, drawing on inputs from relevant teams)",,Company,,"Retail (2550, 3010)",,1,128,120,72.3,50,23532,88
764,No,Asia Investor Group on Climate Change (AIGCC),Asia Investor Group on Climate Change (AIGCC),Australia,Yes,Organization,Other or N/A (please specify below),N/A,Not applicable,,Non-profit organization/NGO/civil society,,Finance (40),,0,36,25,15.1,21,12716,20
766,Yes,Redacted,Redacted,Germany,Yes,Organization,Yes,,"Yes (Including completing this survey on behalf of my organization, drawing on inputs from relevant teams)",,Energy supplier/retailer or utility,,Energy (10),,1,79,71,42.8,11,5683,83
767,Yes,Redacted,Redacted,United Kingdom,Yes,Organization,Yes,,No,,Energy supplier/retailer or utility,,Energy (10),,1,41,33,19.9,13,20277,29
768,No,Jane Thostrup Jagd,We Mean Business Coalition,Denmark,Yes,Organization,Yes,,"Yes (Including completing this survey on behalf of my organization, drawing on inputs from relevant teams)",,Non-profit organization/NGO/civil society,,Other (please specify below),NGO,0,37,26,15.7,16,5602,23
769,No,Yngvild Tormodsgard,Yara International ASA,Norway,Yes,Organization,Yes,,"Yes (Including completing this survey on behalf of my organization, drawing on inputs from relevant teams)",,Company,,Chemicals (151010),,0,95,85,51.2,32,13510,78
770,Yes,Redacted,Redacted,Denmark,Yes,Organization,Yes,,"Yes (Including completing this survey on behalf of my organization, drawing on inputs from relevant teams)",,Company,,Other (please specify below),15103010 Producers of metal packaging,1,150,141,84.9,68,5264,89
771,Yes,Redacted,Redacted,United Kingdom,Yes,Organization,Yes,,"Yes (Including completing this survey on behalf of my organization, drawing on inputs from relevant teams)",,Industry group,,Chemicals (151010),,1,77,69,41.6,10,2474,76
772,No,Dijana Vlaisavljevic,Sonnedix UK Services Ltd,United Kingdom,No,Organization,Yes,,"Yes (Including completing this survey on behalf of my organization, drawing on inputs from relevant teams)",,Energy supplier/retailer or utility,,Energy (10),,0,81,71,42.8,19,8061,42
773,Yes,Redacted,Redacted,Germany,Yes,Organization,Yes,,"Yes (Including completing this survey on behalf of my organization, drawing on inputs from relevant teams)",,Company,,Manufacturing,,1,86,78,47.0,29,23966,81
774,Yes,Redacted,Redacted,Germany,Yes,Organization,Yes,,"Yes (Including completing this survey on behalf of my organization, drawing on inputs from relevant teams)",,Company,,"Biotech, health care and pharmaceutical (35201010, 3510, 35202010)",,1,77,69,41.6,6,820,67
775,No,"The Supply Chain Sustainability School, acting on behalf of its Partner organisations: BAM UK&I, Wates, BarrattRedrow, Kier, Costain, Balfour Beatty, and Willmott Dixon.","The Supply Chain Sustainability School is a collaborative project run by Action Sustainability Ltd, that provides learning, training, engagement and development on sustainability issues across the UK's built environment and construction sector. Running since 2012, it has 230+ Partner organisations who collaborate on various ESG issues. Seven of the key Tier 1 contractors and housebuilders have come together to respond to the GHG-P's consultation on S2. These 7 Partner organisations, listed above, account for more than £27bn of annual turnover in the UK's construction and housebuilding sector.",United Kingdom,Yes,Organization,Other or N/A (please specify below),"Action Sustainability has an inventory, but we are responding here as the Supply Chain Sustainability School on behalf of the Partner organisations listed above",Other (please specify below),"Yes, I am, but as above, this is about our Partner organisations.",Consultant supporting organizations with GHG inventories/strategies,,Construction (201030),,0,111,99,59.6,54,44642,88
776,No,Rodrigo de Urtiaga,SAP SE,Germany,Yes,Organization,Yes,,"Yes (Including completing this survey on behalf of my organization, drawing on inputs from relevant teams)",,Company,,Information and communication technology (45),,0,56,46,27.7,15,9766,84
777,No,Fernanda Guedes,ABEEólica - Brazilian Association of Wind Energy and New Technologies,Brazil,No,Organization,Yes,,"Yes (Including completing this survey on behalf of my organization, drawing on inputs from relevant teams)",,Non-profit organization/NGO/civil society,,Energy (10),,0,143,133,80.1,63,29952,55
778,No,Nicola Cullen,Climate Group,United Kingdom,No,Organization,No,,Not applicable,,Non-profit organization/NGO/civil society,,Energy (10),,0,19,9,5.4,8,6687,1
779,Yes,Redacted,Redacted,United Kingdom,Yes,Organization,Yes,,No,,Energy supplier/retailer or utility,,Energy (10),,1,71,63,38.0,28,16298,48
780,Yes,Redacted,Redacted,United Kingdom,Yes,Organization,Yes,,"Yes (Including completing this survey on behalf of my organization, drawing on inputs from relevant teams)",,Energy supplier/retailer or utility,,Energy (10),,1,48,40,24.1,14,13182,44
781,Yes,Redacted,Redacted,United Kingdom,Yes,Organization,Yes,,No,,Company,,"Consumer goods (25, 30)",,1,92,84,50.6,19,5195,137
782,No,Jurre Honkoop,Ørsted A/S,Denmark,Yes,Organization,Yes,,No,,Company,,Energy (10),,0,48,38,22.9,12,9996,48
783,Yes,Redacted,Redacted,Finland,No,Organization,No,,Not applicable,,Other (please specify below),The Chemical Industry Federation of Finland is a trade association for the chemical industry and its closely related sectors.,Chemicals (151010),,1,28,19,11.4,10,3903,22
784,No,Esther Fructuoso,SGS SA,Switzerland,Yes,Organization,Yes,,"Yes (Including completing this survey on behalf of my organization, drawing on inputs from relevant teams)",,Company,,"Professional, scientific, and technical services (2020)",,0,83,73,44.0,16,1909,78
785,Yes,Redacted,Redacted,Brazil,No,Organization,Yes,,"Yes (Including completing this survey on behalf of my organization, drawing on inputs from relevant teams)",,Industry group,,Mining (151040),,1,58,50,30.1,14,3526,49
786,Yes,Redacted,Redacted,Japan,Yes,Individual,No,,No,,Company,,Information and communication technology (45),,1,11,3,1.8,1,1018,1
787,No,Shunsuke Hori,"Environment Management Dept.,
Strategy & Planning Office, Group Environment Division,
Hitachi, Ltd.",Japan,Yes,Organization,Yes,,"Yes (Including completing this survey on behalf of my organization, drawing on inputs from relevant teams)",,Company,,Manufacturing,,0,114,104,62.7,36,34946,95
788,Yes,Redacted,Redacted,United Kingdom,Yes,Organization,Yes,,No,,Financial Institution,,Insurance (4030),,1,87,79,47.6,29,11781,76
789,No,Dr Robert Moorcroft,Mineral Products Association (MPA),United Kingdom,No,Organization,Other or N/A (please specify below),We are a trade body representing the mineral products industry in the UK.,Not applicable,N/A,Industry group,,Materials (15),,0,33,21,12.7,10,3899,19
790,Yes,Redacted,Redacted,Belgium,Yes,Organization,No,,Not applicable,,Industry group,,Other (please specify below),Automotive,1,106,97,58.4,41,33048,105
791,No,Nicola Pope,EDF,United Kingdom,Yes,Organization,Yes,,No,,Energy supplier/retailer or utility,,Energy (10),,0,21,11,6.6,8,11404,3
792,Yes,Redacted,Redacted,Japan,Yes,Organization,Yes,,"Yes (Including completing this survey on behalf of my organization, drawing on inputs from relevant teams)",,Company,,Materials (15),,1,69,61,36.7,19,9973,47
793,Yes,Redacted,Redacted,Switzerland,Yes,Organization,Yes,,"Yes (Including completing this survey on behalf of my organization, drawing on inputs from relevant teams)",,Consultant supporting organizations with GHG inventories/strategies,,"Professional, scientific, and technical services (2020)",,1,56,48,28.9,20,35679,36
794,No,Kristoffer Mitens,Energinet Systemansvar A/S,Denmark,No,Organization,Other or N/A (please specify below),We are responding here as the appointed issuing body for guarantees of origin for Denmark,Not applicable,,Certificate registry/tracking system operator,,Energy (10),,0,87,76,45.8,30,13628,55
795,Yes,Redacted,Redacted,Spain,Yes,Organization,Other or N/A (please specify below),,No,,Energy supplier/retailer or utility,,Energy (10),,1,50,42,25.3,14,8354,30
797,Yes,Redacted,Redacted,Singapore,Yes,Individual,Other or N/A (please specify below),,Other (please specify below),,Energy supplier/retailer or utility,,Energy (10),,1,11,3,1.8,2,1638,2
798,Yes,Redacted,Redacted,Japan,Yes,Organization,Yes,,"Yes (Including completing this survey on behalf of my organization, drawing on inputs from relevant teams)",,Company,,Manufacturing,,1,74,66,39.8,24,12289,63
799,Yes,Redacted,Redacted,United Kingdom,Yes,Organization,Yes,,"Yes (Including completing this survey on behalf of my organization, drawing on inputs from relevant teams)",,Energy supplier/retailer or utility,,Energy (10),,1,144,136,81.9,75,26303,99
800,No,Samorka - Icelandic Energy and Utilities.,"Samorka is the association of energy and utility companies in Iceland,. Those include all producers of domestic energy which is 100% renewable in Iceland, from hydro, geothermal and wind. Also water services and district heating networks, plus the operator of the national GRID (Transmission System Operator TSO ) and Distribution System Operators (DSO's) across the country.",Iceland,Yes,Organization,No,,Not applicable,,Industry group,,Energy (10),,0,58,48,28.9,27,38864,23
801,Yes,Redacted,Redacted,Denmark,Yes,Organization,Yes,,"Yes (Including completing this survey on behalf of my organization, drawing on inputs from relevant teams)",,Company,,Energy (10),,1,96,88,53.0,35,14645,76
802,Yes,Redacted,Redacted,Netherlands,Yes,Individual,Yes,,"Yes (Including completing this survey on behalf of my organization, drawing on inputs from relevant teams)",,Company,,"Consumer goods (25, 30)",,1,52,44,26.5,5,1518,72
803,Yes,Redacted,Redacted,Brazil,No,Organization,Yes,,"Yes (Including completing this survey on behalf of my organization, drawing on inputs from relevant teams)",,Financial Institution,,Finance (40),,1,10,2,1.2,1,1065,0
805,Yes,Redacted,Redacted,Greece,No,Organization,No,We are the administrators of the Airport Carbon Accreditation framework.,Not applicable,,GHG account/reporting program or initiative,,Transportation (2030),,1,157,148,89.2,83,4512,68
806,No,Bob Meltzer,Ahold Delhaize,Netherlands,Yes,Organization,Yes,,"Yes (Including completing this survey on behalf of my organization, drawing on inputs from relevant teams)",,Company,,"Retail (2550, 3010)",,0,44,34,20.5,14,10676,20
807,No,Aaron Bergman,Resources for the Future -- note that these comments are my personal views. RFF does not take positions on specific policy proposals,United States,Yes,Individual,No,,No,,Academia/research,,"Professional, scientific, and technical services (2020)",,0,13,3,1.8,5,3539,0
808,No,Luke Jones,Forvis Mazars Group,United Kingdom,Yes,Organization,Yes,,"Yes (Including completing this survey on behalf of my organization, drawing on inputs from relevant teams)",,Company,,"Professional, scientific, and technical services (2020)",,0,160,150,90.4,83,30683,98
809,No,"Collective answer from Smart Freight Centre, contributed by: Patric Puetz, Quintin Barnes, Mehul Khandelwal, Bruna Rodrigues, Adjoka Nartey, Gabriel von Mueller
Survey submmitted by Lily Ouyang",Smart Freight Centre,Netherlands,Yes,Organization,No,,Not applicable,,Non-profit organization/NGO/civil society,,Transportation (2030),,0,110,100,60.2,47,11675,98
810,Yes,Redacted,Redacted,Austria,No,Organization,No,,No,,Industry group,,Energy (10),,1,36,28,16.9,15,11274,37
811,No,Bekir Andrews,"Wates Group - We are one of the UK’s leading family-owned development, building and property maintenance companies.",United Kingdom,Yes,Organization,Yes,,"Yes (Including completing this survey on behalf of my organization, drawing on inputs from relevant teams)",,Company,,Construction (201030),,0,102,92,55.4,45,40094,79
812,Yes,Redacted,Redacted,Belgium,No,Organization,No,,No,,Industry group,,Energy (10),,1,9,1,0.6,1,3396,0
813,Yes,Redacted,Redacted,United Kingdom,Yes,Organization,Yes,,"Yes (Including completing this survey on behalf of my organization, drawing on inputs from relevant teams)",,Company,,Manufacturing,,1,167,159,95.8,83,13045,133
814,No,Hannah Hampton-Matthews,Incendium Consulting,United Kingdom,Yes,Organization,Yes,,"Yes (Including completing this survey on behalf of my organization, drawing on inputs from relevant teams)",,Consultant supporting organizations with GHG inventories/strategies,,"Professional, scientific, and technical services (2020)",,0,129,119,71.7,51,20262,108
815,No,Nicholas Harbeck,"Johnson Controls, Inc.",United States,Yes,Organization,Yes,,"Yes (Including completing this survey on behalf of my organization, drawing on inputs from relevant teams)",,Company,,Manufacturing,,0,95,85,51.2,29,7685,83
816,No,Carlo Schmitt,Axpo Group,Switzerland,Yes,Organization,Yes,,No,,Energy supplier/retailer or utility,,Energy (10),,0,31,21,12.7,13,8442,15
817,Yes,Redacted,Redacted,Germany,No,Organization,Yes,,"Yes (Including completing this survey on behalf of my organization, drawing on inputs from relevant teams)",,Consultant supporting organizations with GHG inventories/strategies,,Services,,1,69,61,36.7,2,762,53
818,No,Nicolas Boquet,L'Afep (the Association of large French companies),France,Yes,Organization,No,,Not applicable,,Other (please specify below),Business association,Other (please specify below),Public Affairs,0,21,9,5.4,13,5901,0
819,Yes,Redacted,Redacted,Canada,Yes,Organization,Other or N/A (please specify below),Not applicable as we are an industry association,Not applicable,,Industry group,,Insurance (4030),,1,90,81,48.8,23,16240,108
820,Yes,Redacted,Redacted,Germany,No,Organization,Other or N/A (please specify below),Energy Market Association (some of our members have a greenhouse gas inventory),No,,Industry group,,Energy (10),,1,34,25,15.1,12,3338,15
821,No,Meredith Leigh,Second Nature,United States,Yes,Organization,Other or N/A (please specify below),Second Nature facilitates the Climate Leadership Network of over 400 colleges and universities in North America. These institutions report their GHG emissions to us and publicly report them via the SIMAP reporting platform.,Not applicable,"Our reporting platform, administered through the University of New Hampshire's SIMAP system, uses the GHG Protocol as the framework for its carbon and nitrogen footprinting calculator and public reporting, and Second Nature relies on the GHG Protocol guidance, to date, to shape our climate action guidance for higher education.",Non-profit organization/NGO/civil society,"We submit this response as a nonprofit in cooperation with institutions of higher education including the University of California System, as well as representatives from many other institutions. The feedback we have gathered comes from a diversity of players from large, public research universities to small private baccalaureate schools and public community colleges.",Other (please specify below),Network convener setting climate guidance and providing support for higher education climate action. We have prepared our comments with colleges and universities in our network. A list of our members can be found here: https://unhsimap.org/public/commitments?carbon_commitment=1&climate_commitment=1&resilience_commitment=1,0,78,64,38.6,31,14806,83
822,No,"Photinie Koutsavlis
Vice President, Economic Affairs and Climate Change",Mining Association of Canada,Canada,Yes,Organization,No,,No,,Non-profit organization/NGO/civil society,,Mining (151040),,0,33,23,13.9,10,13424,27
823,No,Juan Rodriguez,Winrock International,United States,No,Organization,Other or N/A (please specify below),We're an NGO/Consulting organization,No,,Consultant supporting organizations with GHG inventories/strategies,,"Professional, scientific, and technical services (2020)",,0,129,118,71.1,57,33678,88
824,Yes,Redacted,Redacted,Germany,Yes,Organization,Yes,,"Yes (Including completing this survey on behalf of my organization, drawing on inputs from relevant teams)",,Consultant supporting organizations with GHG inventories/strategies,,Other (please specify below),Sustainability consultancy,1,113,104,62.7,54,24984,81
825,Yes,Redacted,Redacted,France,Yes,Organization,Yes,,"Yes (Including completing this survey on behalf of my organization, drawing on inputs from relevant teams)",,Company,,Transportation (2030),,1,97,89,53.6,23,9463,114
826,No,Mara Kuttler,MAN Truck & Bus SE,Germany,Yes,Organization,Yes,,"Yes (Including completing this survey on behalf of my organization, drawing on inputs from relevant teams)",,Company,,Manufacturing,,0,33,23,13.9,12,10266,26
827,Yes,Redacted,Redacted,United States,Yes,Individual,Yes,,Not applicable,,Company,,Manufacturing,,1,75,67,40.4,13,16725,63
828,No,Pedro Faria,EFRAG,Belgium,Yes,Organization,Other or N/A (please specify below),,Not applicable,,GHG account/reporting program or initiative,,Other (please specify below),,0,23,13,7.8,15,20324,0
829,No,Zoë Stennett-Cox,Pandora A/S,Denmark,No,Organization,Yes,,"Yes (Including completing this survey on behalf of my organization, drawing on inputs from relevant teams)",,Company,,"Consumer goods (25, 30)",,0,34,24,14.5,3,475,26
830,No,Andres Casallas,WBCSD,Switzerland,No,Organization,Yes,,Not applicable,,Non-profit organization/NGO/civil society,,Other (please specify below),NGO,0,34,23,13.9,13,9056,22
831,No,Landsvirkjun,"Landsvirkjun welcomes the opportunity to comment on the proposed revisions to the GHG Protocol Scope 2 Guidance. Landsvirkjun is Iceland’s national power company and a leading producer of renewable electricity from hydropower and geothermal resources, with extensive experience in Guarantees of Origin, corporate power procurement, and climate reporting frameworks.
Iceland participates in the European Economic Area (EEA), which extends the EU internal market to the EEA EFTA States, Iceland, Norway, and Liechtenstein. Through the EEA Agreement, EU internal market rules, including energy and climate legislation, apply across the EEA on an equal footing. Electricity and energy attribute instruments such as Guarantees of Origin are therefore traded within a single EEA internal market, based on the four freedoms, in particular the free movement of goods and services.
These comments are also informed by the European Commission’s ongoing Omnibus agenda on regulatory simplification, including recent amendments under RED III, which seek to reduce administrative burden, avoid overlapping requirements, and preserve investment certainty in renewable energy markets objectives that should be reflected in the revision of Scope 2 accounting rules.",Iceland,Yes,Organization,Yes,,"Yes (Including completing this survey on behalf of my organization, drawing on inputs from relevant teams)",,Energy supplier/retailer or utility,,Power generation (551050),,0,45,35,21.1,20,24106,21
832,Yes,Redacted,Redacted,Sweden,Yes,Organization,Yes,,"Yes (Including completing this survey on behalf of my organization, drawing on inputs from relevant teams)",,Company,,"Consumer goods (25, 30)",,1,53,45,27.1,16,14283,53
833,Yes,Redacted,Redacted,United States,Yes,Organization,Yes,,"Yes (Including completing this survey on behalf of my organization, drawing on inputs from relevant teams)",,Company,,Information and communication technology (45),,1,33,25,15.1,5,778,25
834,No,Igor Arduin,Carbone 4,France,No,Organization,Yes,,"Yes (Including completing this survey on behalf of my organization, drawing on inputs from relevant teams)",,Consultant supporting organizations with GHG inventories/strategies,,Services,,0,30,20,12.0,13,12211,31
835,No,Christine Bakewell,Vattenfall AB,Sweden,No,Organization,Yes,,"Yes (Including completing this survey on behalf of my organization, drawing on inputs from relevant teams)",,Energy supplier/retailer or utility,,Energy (10),,0,147,137,82.5,68,30656,89
836,Yes,Redacted,Redacted,Canada,No,Organization,Yes,,"Yes (Including completing this survey on behalf of my organization, drawing on inputs from relevant teams)",,Company,,Forestry,,1,95,87,52.4,33,23842,64
837,No,Aindrias Lefévère-Laoide,EDF Group,France,No,Organization,Yes,,"Yes (Including completing this survey on behalf of my organization, drawing on inputs from relevant teams)",,Company,,"Utilities (water, gas, electricity) (551010, 551020, 551030, 551040)",,0,45,35,21.1,14,15408,29
838,Yes,Redacted,Redacted,United Kingdom,Yes,Organization,Yes,,"Yes (Including completing this survey on behalf of my organization, drawing on inputs from relevant teams)",,Consultant supporting organizations with GHG inventories/strategies,,"Professional, scientific, and technical services (2020)",,1,14,6,3.6,5,5161,0
839,No,Roshni Bham,ACT Group,Netherlands,Yes,Organization,Yes,,Not applicable,,Financial Institution,,Services,,0,85,75,45.2,25,21050,82
840,Yes,Redacted,Redacted,France,Yes,Organization,Yes,,"Yes (Including completing this survey on behalf of my organization, drawing on inputs from relevant teams)",,Company,,Manufacturing,,1,100,92,55.4,38,16569,100
841,Yes,Redacted,Redacted,United States,Yes,Organization,Yes,,No,,Data/analytics or software provider related to GHG inventories,,Finance (40),,1,28,20,12.0,10,4031,8
842,No,Daria G,consulting,United Arab Emirates,Yes,Organization,Other or N/A (please specify below),"no, but we do it for dozens of companies",Not applicable,,Consultant supporting organizations with GHG inventories/strategies,,Other (please specify below),,0,28,17,10.2,9,1803,17
843,Yes,Redacted,Redacted,United States,Yes,Organization,Yes,,"Yes (Including completing this survey on behalf of my organization, drawing on inputs from relevant teams)",,Company,,Transportation (2030),,1,75,67,40.4,17,16730,84
844,No,Valgerður B. Eggertsdóttir,ON Power,Iceland,Yes,Organization,Yes,,Not applicable,,Energy supplier/retailer or utility,,Energy (10),,0,41,31,18.7,18,13120,16
845,Yes,Redacted,Redacted,United Kingdom,Yes,Organization,Other or N/A (please specify below),"Transport for London (TfL does maintain a greenhouse gas (GHG) inventory), although they do not publish a standalone document titled “GHG Inventory.” Instead, TfL embeds its GHG accounting within several formal reporting structures.","Yes (Including completing this survey on behalf of my organization, drawing on inputs from relevant teams)",,Other (please specify below),Public Sector Transport Body,Transportation (2030),,1,27,17,10.2,9,8154,9
846,No,Clara Jansen van Rensburg,Caely Renewables,Netherlands,Yes,Organization,No,,Not applicable,,Other (please specify below),Environmental Commodity Trading,Energy (10),,0,70,59,35.5,27,10710,30
847,No,Amanda Gualderama,California Broadband & Video Association,United States,Yes,Organization,Other or N/A (please specify below),"CalBroadband represents the leading providers of broadband and high-speed internet applications that connect Californians to their communities and the world. We are submitting our responses with our members’ GHG inventories and challenges in mind. This response was prepared by Cable Television Laboratories, Inc. (“CableLabs”) with a number of our shared members. CalBroadband shares these concerns, especially given the passage of California Senate Bill 253 for GHG emissions reporting which mandates our members’ GHG inventories report related to GHG Protocol.",Not applicable,,Other (please specify below),"CalBroadband represents the leading providers of broadband and high-speed internet applications that connect Californians to their communities and the world. We are submitting our responses with our members’ GHG inventories and challenges in mind. This response was prepared by Cable Television Laboratories, Inc. (“CableLabs”) with a number of our shared members. CalBroadband shares these concerns, especially given the passage of California Senate Bill 253 for GHG emissions reporting which mandates our members’ GHG inventories report related to GHG Protocol.",Information and communication technology (45),,0,90,78,47.0,36,29269,68
848,Yes,Redacted,Redacted,United States,Yes,Organization,Other or N/A (please specify below),,Not applicable,,Industry group,,Finance (40),,1,11,3,1.8,3,7175,0
849,Yes,Redacted,Redacted,Italy,Yes,Organization,Yes,,"Yes (Including completing this survey on behalf of my organization, drawing on inputs from relevant teams)",,Company,,Transportation (2030),,1,101,93,56.0,29,4058,72
850,No,DEBOUT Olivia,Bouygues Telecom,France,Yes,Organization,Yes,,"Yes (Including completing this survey on behalf of my organization, drawing on inputs from relevant teams)",,Company,,Information and communication technology (45),,0,40,30,18.1,7,3047,25
851,No,Steve Hunter,CVC DIF,Netherlands,Yes,Organization,Yes,,No,,Company,,Finance (40),,0,53,43,25.9,18,4165,22
852,Yes,Redacted,Redacted,France,Yes,Organization,Other or N/A (please specify below),,Not applicable,,Non-profit organization/NGO/civil society,,Other (please specify below),Automotive industry,1,20,11,6.6,4,3151,20
853,Yes,Redacted,Redacted,Brazil,Yes,Organization,Other or N/A (please specify below),"Ibá is a national industry association representing Brazil’s tree-based sector and does not operate facilities or assets with direct greenhouse gas emissions. Therefore, it does not maintain an organizational greenhouse gas inventory. However, Ibá coordinates and supports sectoral GHG inventory initiatives and methodological discussions among its member companies, which collectively report their emissions in accordance with recognized standards such as the GHG Protocol.",Not applicable,,Other (please specify below),"National industry association representing companies in Brazil’s tree-based value chain, including pulp, paper, biomass, and forestry",Forestry,,1,35,25,15.1,17,17331,15
854,No,Otis Laundon,University of Edinburgh,United Kingdom,No,Individual,Yes,,No,,Academia/research,,Education,,0,32,22,13.3,4,1175,48
855,Yes,Redacted,Redacted,Belgium,Yes,Organization,Other or N/A (please specify below),Cepi is an industry association and not a company.,Not applicable,,Industry group,,Forest products (15105010),,1,64,55,33.1,20,12881,69
856,Yes,Redacted,Redacted,United Kingdom,Yes,Organization,Yes,,"Yes (Including completing this survey on behalf of my organization, drawing on inputs from relevant teams)",,Company,,"Consumer goods (25, 30)",,1,21,13,7.8,3,4068,17
857,Yes,Redacted,Redacted,Germany,Yes,Organization,Yes,,"Yes (Including completing this survey on behalf of my organization, drawing on inputs from relevant teams)",,Company,,Transportation (2030),,1,79,71,42.8,21,8859,70
858,Yes,Redacted,Redacted,India,Yes,Organization,Yes,,"Yes (Including completing this survey on behalf of my organization, drawing on inputs from relevant teams)",,Company,,"Professional, scientific, and technical services (2020)",,1,52,44,26.5,11,9134,56
859,Yes,Redacted,Redacted,Germany,Yes,Organization,Yes,,No,,Financial Institution,,Finance (40),,1,9,1,0.6,1,1906,0
861,Yes,Redacted,Redacted,United States,No,Organization,Yes,,"Yes (Including completing this survey on behalf of my organization, drawing on inputs from relevant teams)",,Company,,Other (please specify below),Energy & Transportation,1,90,81,48.8,29,7023,57
862,No,Francesco Marasco,nLighten,United Kingdom,Yes,Organization,Yes,,"Yes (Including completing this survey on behalf of my organization, drawing on inputs from relevant teams)",,Other (please specify below),Data center company,Information and communication technology (45),,0,75,64,38.6,20,10165,84
863,No,Aidan Murley & Hannah Cool,B4NZ (Bankers for Net Zero),United Kingdom,Yes,Organization,No,,Not applicable,,Non-profit organization/NGO/civil society,,Other (please specify below),Policy and Research,0,27,16,9.6,13,15752,9
864,No,Lea Wollensack,ecoinvent Association,Switzerland,Yes,Organization,No,,Not applicable,,Data/analytics or software provider related to GHG inventories,,"Professional, scientific, and technical services (2020)",,0,50,40,24.1,23,5093,26
865,Yes,Redacted,Redacted,Italy,Yes,Organization,Yes,,"Yes (Including completing this survey on behalf of my organization, drawing on inputs from relevant teams)",,Company,,Other (please specify below),Airport operator,1,14,5,3.0,5,5617,0
866,Yes,Redacted,Redacted,United States,No,Organization,Yes,,"Yes (Including completing this survey on behalf of my organization, drawing on inputs from relevant teams)",,Company,,"Retail (2550, 3010)",,1,85,77,46.4,22,4960,67
867,Yes,Redacted,Redacted,United States,Yes,Organization,Yes,,"Yes (Including completing this survey on behalf of my organization, drawing on inputs from relevant teams)",,Company,,"Biotech, health care and pharmaceutical (35201010, 3510, 35202010)",,1,22,14,8.4,5,1234,11
868,Yes,Redacted,Redacted,United Kingdom,Yes,Individual,Yes,,"Yes (Including completing this survey on behalf of my organization, drawing on inputs from relevant teams)",,Consultant supporting organizations with GHG inventories/strategies,,"Professional, scientific, and technical services (2020)",,1,36,28,16.9,11,6541,32
869,Yes,Redacted,Redacted,United Kingdom,Yes,Organization,Yes,,"Yes (Including completing this survey on behalf of my organization, drawing on inputs from relevant teams)",,Consultant supporting organizations with GHG inventories/strategies,,Services,,1,149,141,84.9,83,10503,70
870,No,Michael Kinzler,Waste Management Inc (WM),United States,Yes,Organization,Yes,,"Yes (Including completing this survey on behalf of my organization, drawing on inputs from relevant teams)",,Company,,Waste management,,0,133,123,74.1,52,42592,103
871,Yes,Redacted,Redacted,United States,Yes,Organization,Yes,,"Yes (Including completing this survey on behalf of my organization, drawing on inputs from relevant teams)",,Company,,Energy (10),,1,102,94,56.6,20,6886,87
872,No,Sophie CASENAVE,STX Group,France,Yes,Organization,Yes,,No,,Consultant supporting organizations with GHG inventories/strategies,,Finance (40),,0,76,66,39.8,33,31966,37
873,No,Rodrigo Álvarez,ASPAPEL,Spain,Yes,Organization,Other or N/A (please specify below),Sectorial association representing installations with GHG inventories,Other (please specify below),Sectorial association representing installations with GHG inventories,Non-profit organization/NGO/civil society,,Manufacturing,,0,15,3,1.8,6,3445,1
874,No,Dennis Carlberg,Boston University,United States,Yes,Organization,Yes,,"Yes (Including completing this survey on behalf of my organization, drawing on inputs from relevant teams)",,Academia/research,,Education,,0,35,25,15.1,11,12536,25
875,No,Isabel Fernandez de la Fuente,SE Advisory Services,France,Yes,Organization,Yes,,No,,Consultant supporting organizations with GHG inventories/strategies,,"Professional, scientific, and technical services (2020)",,0,141,131,78.9,62,60643,133
876,Yes,Redacted,Redacted,United States,Yes,Organization,Yes,,"Yes (Including completing this survey on behalf of my organization, drawing on inputs from relevant teams)",,Company,,Insurance (4030),,1,27,19,11.4,4,678,21
877,Yes,Redacted,Redacted,Belgium,No,Organization,No,,No,,Industry group,,Information and communication technology (45),"The European Data Centre Association (EUDCA) represents the interests of the European data centre industry. Established in 2011, the EUDCA's purpose is to aims to enable a dynamic, responsible European digital economy. Our membership includes data centre operators, vendors, and national trade associations, representing the entire data centre value chain at the European level. Website: Website: https://www.eudca.org",1,42,33,19.9,14,22957,34
879,Yes,Redacted,Redacted,United States,Yes,Organization,Yes,,"Yes (Including completing this survey on behalf of my organization, drawing on inputs from relevant teams)",,Company,,"Biotech, health care and pharmaceutical (35201010, 3510, 35202010)",,1,43,35,21.1,13,1689,36
880,No,Jeff Rodgers,AT&T,United States,Yes,Organization,Yes,,"Yes (Including completing this survey on behalf of my organization, drawing on inputs from relevant teams)",,Company,,Information and communication technology (45),,0,36,26,15.7,10,13187,20
881,No,Jorden Dye,Business Renewables Centre - Canada,Canada,Yes,Organization,No,,Not applicable,,Non-profit organization/NGO/civil society,,Other (please specify below),We are a charity and do not have a GCIS code.,0,78,67,40.4,30,13611,46
882,Yes,Redacted,Redacted,United States,Yes,Organization,Yes,,"Yes (Including completing this survey on behalf of my organization, drawing on inputs from relevant teams)",,Company,,Chemicals (151010),,1,99,91,54.8,35,12298,94
883,No,"Steven Rothstein, Chief Program Officer",Ceres,United States,Yes,Organization,Yes,,No,,Non-profit organization/NGO/civil society,,Other (please specify below),Ceres works with institutional investors and companies operating in multiple sectors.,0,50,39,23.5,14,14393,58
884,Yes,Redacted,Redacted,Poland,Yes,Organization,No,,No,,Energy supplier/retailer or utility,,Energy (10),,1,24,16,9.6,9,14602,16
885,No,Thibault Guenat,"Senior Carbon Consultant, ENGIE Impact - views are my own",United Kingdom,Yes,Individual,Yes,,No,,Consultant supporting organizations with GHG inventories/strategies,,Energy (10),,0,91,81,48.8,34,24703,63
886,No,Abhishek Shukla,Global Cement and Concrete Association,United Kingdom,Yes,Organization,Other or N/A (please specify below),We are a trade association body,Other (please specify below),We are a trade association body,Industry group,,Construction (201030),Cement and Concrete,0,39,26,15.7,12,6526,35
887,No,Kyler Jobe,"Brooks Sports, Inc.",United States,Yes,Organization,Yes,,"Yes (Including completing this survey on behalf of my organization, drawing on inputs from relevant teams)",,Company,,Apparel (25203010),,0,46,36,21.7,11,3017,30
888,No,Patrick Bapty,Good Business,United Kingdom,Yes,Organization,Yes,,No,,Consultant supporting organizations with GHG inventories/strategies,,"Professional, scientific, and technical services (2020)",,0,79,69,41.6,24,6675,87
889,No,Dr. Iegor Riepin,Technical University Berlin (TU Berlin),Germany,No,Individual,Yes,,No,,Academia/research,,Education,,0,28,18,10.8,10,10244,24
890,No,Colleen Olphert,Advisory Board on Professional Services Sustainability (ABPSS) at Boston College Center for Corporate Citizenship,United States,Yes,Organization,Other or N/A (please specify below),ABPSS does not have an inventory but some members of this board do.,No,,Other (please specify below),We are acedmic but representing the professional service industry group.,Education,,0,42,30,18.1,17,3509,7
891,Yes,Redacted,Redacted,United States,Yes,Organization,Yes,,"Yes (Including completing this survey on behalf of my organization, drawing on inputs from relevant teams)",,Company,,"Food and beverage (302010, 302020)",,1,60,52,31.3,10,3530,82
892,No,UrbanChain,UrbanChain,United Kingdom,Yes,Organization,No,,No,,Data/analytics or software provider related to GHG inventories,,Energy (10),,0,115,105,63.3,51,30347,84
893,Yes,Redacted,Redacted,Portugal,No,Organization,Yes,,"Yes (Including completing this survey on behalf of my organization, drawing on inputs from relevant teams)",,Company,,"Utilities (water, gas, electricity) (551010, 551020, 551030, 551040)",,1,74,66,39.8,25,11373,78
894,No,Eric Clarke,"PricewaterhouseCoopers International Limited

The PwC network consists of firms which are separate legal entities. The firms that make up the network are committed to working together to provide quality service offerings for clients throughout the world. Firms in the PwC network are members in, or have other connections to, PricewaterhouseCoopers International Limited (PwCIL), an English private company limited by guarantee. PwCIL does not practise accountancy or provide services to clients. Rather, its purpose is to facilitate coordination between member firms in the PwC network. A member firm cannot act as agent of PwCIL or any other member firm, cannot obligate PwCIL or any other member firm, and is liable only for its own acts or omissions and not those of PwCIL or any other member firm. Similarly, PwCIL cannot act as an agent of any member firm, cannot obligate any member firm, and is liable only for its own acts or omissions.",United Kingdom,Yes,Organization,Other or N/A (please specify below),"PwC’s global sustainability group prepares a greenhouse gas inventory in accordance with the IFRS Sustainability Disclosure Standards and issues a climate report on behalf of the global network. In addition, many of our member firms issue climate or broader sustainability reports in line with their jurisdictional requirements. Our responses to the survey, however, are primarily informed by our interactions with preparers and investors as well as our history of engagement and proactive thought leadership on sustainability matters.",Not applicable,,Verification/assurance provider,,"Professional, scientific, and technical services (2020)",,0,92,81,48.8,43,52737,66
895,No,"Sonae - SGPS, S.A",Company,Portugal,No,Organization,Yes,,No,,Company,,"Retail (2550, 3010)",,0,33,23,13.9,8,2759,23
896,Yes,Redacted,Redacted,United States,No,Organization,Yes,,"Yes (Including completing this survey on behalf of my organization, drawing on inputs from relevant teams)",,Company,,Information and communication technology (45),,1,46,38,22.9,15,14843,29
897,Yes,Redacted,Redacted,Brazil,Yes,Organization,Other or N/A (please specify below),"Through its Responsible Care Program, Abiquim maintains greenhouse gas indicators, to which its member companies report their emissions.","Yes (Including completing this survey on behalf of my organization, drawing on inputs from relevant teams)",,Non-profit organization/NGO/civil society,,Chemicals (151010),,1,152,143,86.1,81,14219,76
898,No,Cathal Pendred,daa,Ireland,Yes,Organization,Yes,,"Yes (Including completing this survey on behalf of my organization, drawing on inputs from relevant teams)",,Company,,Transportation (2030),,0,12,2,1.2,4,1713,0
899,No,Nell Triplett,Hewlett Packard Enterprise,United States,Yes,Organization,Yes,,"Yes (Including completing this survey on behalf of my organization, drawing on inputs from relevant teams)",,Company,,Information and communication technology (45),,0,54,44,26.5,12,8439,42
901,Yes,Redacted,Redacted,United States,Yes,Organization,Yes,,"Yes (Including completing this survey on behalf of my organization, drawing on inputs from relevant teams)",,Company,,Construction (201030),,1,89,81,48.8,21,6006,96
902,Yes,Redacted,Redacted,United States,Yes,Organization,Yes,,"Yes (Including completing this survey on behalf of my organization, drawing on inputs from relevant teams)",,Company,,Energy (10),,1,47,39,23.5,18,31229,28
903,Yes,Redacted,Redacted,Brazil,Yes,Organization,Yes,,"Yes (Including completing this survey on behalf of my organization, drawing on inputs from relevant teams)",,Energy supplier/retailer or utility,,Energy (10),,1,47,39,23.5,13,7259,61
904,No,Lisa Jacobson,Business Council for Sustainable Energy,United States,Yes,Organization,Other or N/A (please specify below),BCSE does an annual inventory report and manages its carbon and electricity use emissions.,"Yes (Including completing this survey on behalf of my organization, drawing on inputs from relevant teams)",,Industry group,,Energy (10),,0,32,21,12.7,14,10122,13
905,No,"Nicole Lee
Patricia Karr Seabrook","Miller/Howard Investments, Inc.",United States,Yes,Organization,No,,No,,Other (please specify below),Investment Manager,Finance (40),,0,45,34,20.5,11,3727,50
906,No,Lorena Perez-Bajo,"Ipieca. Ipieca is the global oil and gas association for advancing environmental and social performance across the energy transition. We have been championing good practice for over 50 years. Ipieca brings together members and stakeholders to lead in integrating sustainability by advancing climate action, environmental responsibility and social performance across oil, gas and renewables activities. Ipieca has developed a number of industry guidance with respect to sustainability reporting, including the 2025 'Sustainability reporting guidance for the oil and gas industry', the 2011 'Petroleum industry guidelines for reporting greenhouse gas emissions' and the 2016 'Estimating petroleum industry value chain (Scope 3) greenhouse gas emissions. Overview of methodologies'.

This response was developed by Ipieca’s GHG Emissions Accounting & Reporting Task force consisting of 32 Ipieca member companies. The response represents a consolidation of input and views from different members, rather than the specific views of any individual member. This means that where, for example, questions ask for a rating to be given on a scale of 1-5 the number provided in Ipieca’s response is intended as a representative ‘average’ of different members’ views.",United Kingdom,Yes,Organization,No,,No,,Industry group,,Fossil fuels (101020),,0,71,61,36.7,32,35043,60
907,No,Clean Energy Buyers Association,"The Clean Energy Buyers Association (CEBA) is a business trade association that activates energy buyers and partners to advance low-cost, reliable, carbon-emissions free global electricity systems. CEBA’s members comprise one-fifth of the Fortune 500, represent more than $38 trillion in market capitalization, and include buyers of every type and size. As of November 2025, corporate energy buyers have procured over 127 GW of large-scale, clean energy in the US since 2014. This represents ~40% of the clean energy capacity added to the grid in the US in that period.

CEBA’s responses to this survey represent its views as a business trade association on behalf of its membership. However, CEBA does not maintain that its view is endorsed by all CEBA members.",United States,Yes,Organization,Other or N/A (please specify below),"CEBA represents members that overwhelmingly use the GHG Protocol and have a greenhouse gas inventory. These members rely on the Scope 2 Guidance to build the internal business case to pursue carbon-emissions free energy. The Scope 2 Guidance has been critical for securing the internal approvals necessary to pursue long-term PPAs for clean energy. “[C]orporate renewable energy procurement has high adoption rates among companies with GHG inventories and goals.” (Lahd, 2025, https://www.frontiersin.org/journals/sustainable-energy-policy/articles/10.3389/fsuep.2025.1599477/full ). In the US alone, corporate energy buyers have procured over 127 GW of large-scale, clean energy since 2014 (as of 11/25). This represents ~40% of the clean energy capacity added to the grid in that period. These buyers also help scale firm carbon-emissions free energy technologies. Without voluntary corporate commitments for clean energy, fewer clean energy projects will be financed and built. Recent CEBA-commissioned research found that long-term corporate virtual PPAs are crucial to getting new clean energy projects built. (See https://cebuyers.org/blog/ceba-report-corporate-demand-drives-clean-energy/; see also Gillenwater and Leggett, Limitations of Hourly Matching Claims for Scope 2 Reporting, pgs. 3-4, https://ever.green/papers/hourly-matching “Over the past 15 years, companies have signed PPAs associated with the development of 200 gigawatts of added renewable energy generation.”) CEBA has consistently asserted that the “market-based method has served as a linchpin, along with market-based instruments (i.e., EACs, both bundled and unbundled), for enabling voluntary customer CFE procurement and the resulting market and investment impacts.” (2023 CEBA survey, https://ghgprotocol.org/survey-need-ghg-protocol-corporate-standards-and-guidance-updates). “Because CFE procurement counts for reducing a customer’s electricity-based emissions, this accounting method creates a powerful incentive for customers to procure CFE.” (Id.) The market-based method has had a direct influence on how much clean energy voluntary buyers–CEBA’s members–buy. That is why CEBA opposes the GHG Protocol’s proposal to mandate hourly matching and physical deliverability in the market-based method. The market-based method has been a success precisely because it has enabled various procurement strategies to drive impact. In choosing one way to apply the market-based method in the revisions, the Protocol is deviating from its own guidance of remaining “policy neutral.” The Governance Overview rightly establishes that “[w]here multiple programs or policy objectives exist, GHG Protocol should support multiple types of data relevant to multiple policies or programs and provide guidance on how to use or adapt GHG Protocol standards for specific policy purposes.” (see A.4, pg. 9). Also, the “standard is not designed to favor one policy mechanism over another. GHG Protocol standards provide guidance on target setting and limited requirements where needed to support the accounting and reporting approaches.” (Id.). Proposing to hardcode mandatory requirements of hourly matching and deliverability is a policy-directed action beyond the Protocol’s own identified remit. The Scope 2 Guidance should be maintained and enhanced to “advance systemic electric grid decarbonization globally.” (2023 CEBA survey, https://ghgprotocol.org/survey-need-ghg-protocol-corporate-standards-and-guidance-updates). CEBA has recommended, as it does now, that “it is essential to promote as much action by as many stakeholders as possible to accelerate the deployment of carbon-free electricity.” (Id.) CEBA calls on the Protocol to maintain and strategically enhance the market-based method and urges them to consider optional rather than mandatory language in its revision more in line with Alternative Proposal 5 https://ghgprotocol.org/sites/default/files/2025-06/S2-Meeting15-Presentation%20-20250604.pdf, pg.36).",Not applicable,,Other (please specify below),Industry group,Energy (10),,0,40,28,16.9,19,29963,16
908,Yes,Redacted,Redacted,Germany,Yes,Organization,Yes,,"Yes (Including completing this survey on behalf of my organization, drawing on inputs from relevant teams)",,Consultant supporting organizations with GHG inventories/strategies,,Other (please specify below),"A leading global provider of carbon management and green energy services for corporate and public sector clients. We advise corporate clients across Europe, Asia-Pacific and the Americas on their journey to Net Zero. Our range of services covers all critical steps on the corporate path to decarbonization – from calculating carbon footprints and developing climate targets and strategies to implementing measures for project-based climate change mitigation. We develop, finance, and source projects that generate verified emission removals and reductions around the globe, thus enabling clients to support local sustainable development and climate change mitigation activities on the ground. We are also a major player in renewable energy solutions offering procurement options to assist companies in reducing their energy-related carbon footprint.",1,48,39,23.5,21,21132,28
909,Yes,Redacted,Redacted,France,Yes,Organization,Yes,,"Yes (Including completing this survey on behalf of my organization, drawing on inputs from relevant teams)",,Company,,Chemicals (151010),,1,125,117,70.5,47,14254,117
910,Yes,Redacted,Redacted,United States,No,Organization,Other or N/A (please specify below),N/A,Not applicable,,Energy supplier/retailer or utility,,Energy (10),,1,27,18,10.8,9,10769,16
911,No,Shaden Masaud,American Honda Motor Co. Inc.,United States,Yes,Organization,Yes,,"Yes (Including completing this survey on behalf of my organization, drawing on inputs from relevant teams)",,Company,,Other (please specify below),Automotive,0,83,72,43.4,30,19580,63
912,No,Lucas Guimarães Gebrim,Normative AB,Sweden,Yes,Organization,Yes,,Not applicable,,Consultant supporting organizations with GHG inventories/strategies,,Information and communication technology (45),,0,35,25,15.1,8,1790,30
913,Yes,Redacted,Redacted,United States,Yes,Organization,No,,No,,Consultant supporting organizations with GHG inventories/strategies,,"Professional, scientific, and technical services (2020)",,1,77,69,41.6,20,14357,62
914,Yes,Redacted,Redacted,Canada,No,Organization,Yes,,Not applicable,,Energy supplier/retailer or utility,,Power generation (551050),,1,61,53,31.9,20,5772,64
915,Yes,Redacted,Redacted,United States,No,Organization,Yes,,"Yes (Including completing this survey on behalf of my organization, drawing on inputs from relevant teams)",,Company,,Real estate (60),,1,117,109,65.7,42,66206,105
916,No,Alycia Tolman,American Biogas Council,United States,Yes,Organization,No,,Not applicable,,Non-profit organization/NGO/civil society,,Other (please specify below),Biogas,0,61,50,30.1,25,26230,40
917,Yes,Redacted,Redacted,Canada,No,Organization,No,,No,,Industry group,,Insurance (4030),,1,10,2,1.2,2,5059,0
918,No,Brian Parkey,Freeport McMoRan Inc.,United States,Yes,Organization,Yes,,"Yes (Including completing this survey on behalf of my organization, drawing on inputs from relevant teams)",,Company,,Mining (151040),,0,79,69,41.6,12,3539,76
919,Yes,Redacted,Redacted,Brazil,Yes,Organization,Yes,,"Yes (Including completing this survey on behalf of my organization, drawing on inputs from relevant teams)",,Company,,Energy (10),,1,75,67,40.4,7,4386,86
920,Yes,Redacted,Redacted,United States,Yes,Organization,Yes,,"Yes (Including completing this survey on behalf of my organization, drawing on inputs from relevant teams)",,Company,,Information and communication technology (45),,1,36,28,16.9,9,10244,34
921,Yes,Redacted,Redacted,Germany,No,Organization,Yes,,"Yes (Including completing this survey on behalf of my organization, drawing on inputs from relevant teams)",,Company,,Manufacturing,,1,29,21,12.7,8,6781,21
922,Yes,Redacted,Redacted,Brazil,Yes,Organization,Yes,,"Yes (Including completing this survey on behalf of my organization, drawing on inputs from relevant teams)",,Company,,Energy (10),,1,32,24,14.5,12,4743,17
923,No,Brooke Majewski,City of Boston,United States,Yes,Organization,Yes,,"Yes (Including completing this survey on behalf of my organization, drawing on inputs from relevant teams)",,Government institution,,Other (please specify below),Municipality,0,28,17,10.2,16,17989,0
924,No,Natália Moura de Oliveira,ABRACE Energia,Brazil,Yes,Organization,Other or N/A (please specify below),"My organization is an association representing large industrial energy consumers. The association itself does not report emissions, only its member companies do",Not applicable,,Non-profit organization/NGO/civil society,,Other (please specify below),My organization is an association representing large industrial energy consumers.,0,61,49,29.5,19,4433,41
925,Yes,Redacted,Redacted,United States,Yes,Organization,Yes,,"Yes (Including completing this survey on behalf of my organization, drawing on inputs from relevant teams)",,Company,,Finance (40),,1,87,79,47.6,32,43572,77
926,No,Sam Lehr,Environmental Markets Association,United States,Yes,Organization,No,,Not applicable,,Industry group,,Energy (10),,0,48,38,22.9,20,23337,33
927,No,"Bruno Brunetti, Kevin Birn, James Salo, Thaney Betsabe Alamo, Roman Kramarchuk, Chris Perceval",S&P Global Energy Horizons,United States,No,Organization,Yes,,No,,Other (please specify below),https://www.spglobal.com/energy/en/products-solutions/energy-expansion-sustainability,Finance (40),,0,44,33,19.9,17,8164,28
928,No,Electric Power Research Institute (EPRI),N/A,United States,No,Organization,Yes,,"Yes (Including completing this survey on behalf of my organization, drawing on inputs from relevant teams)",,Other (please specify below),Non-profit for scientific research,Other (please specify below),"EPRI has been engaged in research on greenhouse gas emissions accounting for two decades and is widely recognized as a subject matter expert on GHG emissions accounting with specific expertise related to emissions accounting for electric companies and combined electric and natural gas utilities. Between 2003-2006, EPRI assisted several US-based electric companies to complete their first entity-wide GHG emissions inventories and EPRI has continued to provide technical support and guidance on emissions accounting to electric companies and combined utilities since that time. Between 2020-2025, EPRI completed several large research projects related to GHG emissions accounting, GHG emissions offsets and 24x7 carbon-free energy with the support and participation of a broad range of North America-based electric companies. Additionally, EPRI is broadly recognized as an expert in electric sector economic modeling and policy analysis. EPRI has published a wide range of materials that are available free to the public related to GHG emissions accounting and reporting. These materials are highlighted below and are the foundation upon which our Consultation comments are based. [Selected List of Relevant EPRI Deliverables:] 1. EPRI (2023). Quick Insights. Program on Technology Innovation: Key Challenges in Electric Company Greenhouse Gas Emissions Accounting, EPRI Report 3002028297. 2. EPRI (2022). 24/7 Carbon-free Energy: Matching Carbon-free Energy Procurement to Hourly Electric Load. EPRI Report 3002025290. 3. EPRI (2022). RECs and GHG Accounting. EPRI Document https://esca.epri.com/pdf/Back-Pocket-Insights/BPI_Scope-2-RECS_GHG-Accounting.pdf. 4. EPRI (2022). Scope 2 GHG Emissions Accounting for Electric Power Companies. EPRI Report https://restservice.epri.com/publicattachment/93022. 5. EPRI (2024). Scope 3 Greenhouse Gas Emissions Accounting for Electric Companies and Combined Utilities: A Compendium of Technical Briefing Papers and Frequently Asked Questions. EPRI Report 3002029198. 6. EPRI (2022). Understanding Source-based and Load-based Greenhouse Gas Emissions Accounting. EPRI Report 3002024037. 7. EPRI (2021). Greenhouse Gas Emissions Accounting for Electric Companies: A Compendium of Technical Briefing Papers and Frequently Asked Questions. EPRI Report 3002022366. 8. EPRI (2019) Methods to Account for Greenhouse Gas Emissions Embedded in Wholesale Power Purchases. EPRI Report 3002015044. 9. EPRI (2025). Deploying 24/7 Carbon-Free Energy: Power Generation Technologies, Tariff Design, and Data Tracking. EPRI Report 3002031693. 10. Bistline, et al (2025). System Effects of Carbon-Free Electricity Procurement: Regional Technology and Emissions Impacts of Voluntary Markets. Pre-Print https://arxiv.org/abs/2511.03049. 11. EPRI (2025). Landscape Assessment of Greenhouse Gas Emissions Accounting and Reporting. EPRI Report 3002033210. 12. EPRI (2025). Tracking Energy Through Electric Energy Storage Systems: Conceptual Challenges and Empirical Results for Emissions Tracking Applications. EPRI Report 3002033318. 13. EPRI (2023). Key Challenges in Electric Company Greenhouse Gas Emissions Accounting. EPRI Report 3002028297. 14. EPRI (2023). How Large Electricity Customers Reduce their Indirect Scope 2 Greenhouse Gas Emissions. EPRI Report 3002028490. 15. EPRI (2024). Carbon Pricing and Accounting for Greenhouse Gas Emissions in Wholesale Power Markets: An EPRI Technology Innovation Program Report. EPRI Report 3002030179. 16. EPRI (2025). Special Topics in Greenhouse Gas Emissions Accounting for Electric Companies and Combined Utilities: A Compendium of Technical Briefing Papers and Frequently Asked Questions. EPRI Report 3002031993.",0,35,23,13.9,27,40048,0
929,No,Andi Flores,Weyerhaeuser,United States,No,Organization,Yes,n/a,"Yes (Including completing this survey on behalf of my organization, drawing on inputs from relevant teams)",n/a,Company,,Forest products (15105010),,0,34,22,13.3,11,6380,12
930,No,Teresa Lang,Anew Climate,United States,No,Organization,Yes,,"Yes (Including completing this survey on behalf of my organization, drawing on inputs from relevant teams)",,Company,,Other (please specify below),Developer and retailer of environmental commodities,0,17,6,3.6,6,5577,4
931,Yes,Redacted,Redacted,United States,No,Organization,Yes,,"Yes (Including completing this survey on behalf of my organization, drawing on inputs from relevant teams)",,Company,,Manufacturing,,1,140,132,79.5,65,44882,106
932,No,Pete Budden,Natural Resources Defense Council,United States,Yes,Organization,No,,Not applicable,,Non-profit organization/NGO/civil society,,Other (please specify below),Civil Society Organization,0,78,67,40.4,30,30838,73
933,Yes,Redacted,Redacted,United States,No,Organization,No,,Not applicable,,Industry group,,Agriculture (30202010),,1,20,12,7.2,7,4470,11
934,No,Helen Kyritsis,Acciona Energy USA Global LLC,United States,Yes,Organization,No,,Not applicable,,Company,,Power generation (551050),,0,30,20,12.0,8,7713,11
935,No,Chris Watkins (Principal Advisor),Engie Impact,United States,Yes,Organization,Yes,,"Yes (Including completing this survey on behalf of my organization, drawing on inputs from relevant teams)",,Consultant supporting organizations with GHG inventories/strategies,,Services,,0,26,16,9.6,10,12345,10
936,No,Kelly Poole,As You Sow,United States,No,Organization,Other or N/A (please specify below),We are a small nonprofit that purchases offsets for air travel.,Not applicable,,Non-profit organization/NGO/civil society,,Other (please specify below),NGO,0,50,38,22.9,18,17068,52
937,Yes,Redacted,Redacted,United States,Yes,Organization,Yes,,No,,Consultant supporting organizations with GHG inventories/strategies,,"Professional, scientific, and technical services (2020)",,1,47,39,23.5,18,12947,33
938,Yes,Redacted,Redacted,United States,Yes,Organization,Yes,,"Yes (Including completing this survey on behalf of my organization, drawing on inputs from relevant teams)",,Academia/research,,Education,,1,61,53,31.9,12,1699,68
939,Yes,Redacted,Redacted,United States,Yes,Organization,Yes,,"Yes (Including completing this survey on behalf of my organization, drawing on inputs from relevant teams)",,Company,,"Biotech, health care and pharmaceutical (35201010, 3510, 35202010)",,1,56,48,28.9,20,29765,52
940,Yes,Redacted,Redacted,Germany,Yes,Organization,Yes,,"Yes (Including completing this survey on behalf of my organization, drawing on inputs from relevant teams)",,Company,,Chemicals (151010),,1,120,112,67.5,44,6239,88
941,Yes,Redacted,Redacted,France,Yes,Organization,Yes,,"Yes (Including completing this survey on behalf of my organization, drawing on inputs from relevant teams)",,Company,,"Consumer goods (25, 30)",,1,38,30,18.1,8,13180,44
942,No,Katie Ernst,Ford Motor Company,United States,Yes,Organization,Yes,,"Yes (Including completing this survey on behalf of my organization, drawing on inputs from relevant teams)",,Company,,Manufacturing,,0,78,68,41.0,33,12743,49
943,No,Chris Birdsall,ExxonMobil,United States,No,Organization,Yes,,"Yes (Including completing this survey on behalf of my organization, drawing on inputs from relevant teams)",,Company,,Fossil fuels (101020),,0,45,35,21.1,12,4561,31
944,Yes,Redacted,Redacted,United States,No,Organization,Yes,,"Yes (Including completing this survey on behalf of my organization, drawing on inputs from relevant teams)",,Company,,Information and communication technology (45),,1,81,73,44.0,6,2118,87
945,Yes,Redacted,Redacted,United States,Yes,Individual,Other or N/A (please specify below),I am responding as an individual,Not applicable,,Other (please specify below),I am responding as an individual,Other (please specify below),I am rsponding as an individual,1,29,18,10.8,7,6014,13
946,Yes,Redacted,Redacted,United States,Yes,Organization,Yes,,Other (please specify below),I provide legal advice to the team that prepares our inventory,Company,,"Biotech, health care and pharmaceutical (35201010, 3510, 35202010)",,1,124,115,69.3,49,13260,115
947,Yes,Redacted,Redacted,United States,Yes,Organization,Yes,,"Yes (Including completing this survey on behalf of my organization, drawing on inputs from relevant teams)",,Company,,Manufacturing,,1,45,37,22.3,5,7635,41
948,Yes,Redacted,Redacted,United States,No,Individual,No,,Not applicable,,Consultant supporting organizations with GHG inventories/strategies,,Manufacturing,,1,26,18,10.8,7,1802,13
949,Yes,Redacted,Redacted,Belgium,No,Organization,Other or N/A (please specify below),,Not applicable,,Industry group,,Other (please specify below),"Our consortium includes organizations from a diverse range of industries, including information & communication technology, utilities, packaging, consumer goods, and manufacturing. This diversity ensures that our feedback reflects broad market perspectives and practical considerations across different value chains.",1,12,3,1.8,4,3522,0
950,No,Nikhil Nadkarni,City of Cambridge (MA),United States,No,Organization,Yes,,"Yes (Including completing this survey on behalf of my organization, drawing on inputs from relevant teams)",,Government institution,,Other (please specify below),Municipal Government,0,14,3,1.8,6,4198,0
951,Yes,Redacted,Redacted,Spain,Yes,Organization,Yes,,Not applicable,,Non-profit organization/NGO/civil society,,Energy (10),,1,87,79,47.6,39,54583,57
952,Yes,Redacted,Redacted,United States,Yes,Organization,Yes,,"Yes (Including completing this survey on behalf of my organization, drawing on inputs from relevant teams)",,Company,,Hospitality (253010),,1,38,30,18.1,12,9472,17
953,No,John Cleveland,Boston Green Ribbon Commission,United States,Yes,Organization,No,,Not applicable,,Non-profit organization/NGO/civil society,,Other (please specify below),The Green Ribbon Commission is a CEO network supporting the implementation of the City of Boston's Climate Action Plan.,0,16,5,3.0,6,6820,3
954,Yes,Redacted,Redacted,United Kingdom,No,Organization,Yes,,"Yes (Including completing this survey on behalf of my organization, drawing on inputs from relevant teams)",,Energy supplier/retailer or utility,,"Utilities (water, gas, electricity) (551010, 551020, 551030, 551040)",,1,92,84,50.6,44,64985,100
955,No,Frederic Picard,Rio Tinto,United Kingdom,Yes,Organization,Yes,,"Yes (Including completing this survey on behalf of my organization, drawing on inputs from relevant teams)",,Company,,Mining (151040),,0,45,35,21.1,19,10247,17
956,No,Sarah Pollo Moo,California Retailers Association,United States,Yes,Organization,No,,No,,Industry group,,"Retail (2550, 3010)",,0,18,8,4.8,7,6717,2
957,Yes,Redacted,Redacted,Canada,No,Organization,Other or N/A (please specify below),We represent companies that have greenhouse gas inventories.,Not applicable,,Industry group,,Other (please specify below),"Food, Health and Consumer Product Sector",1,41,31,18.7,7,1280,24
958,Yes,Redacted,Redacted,United States,Yes,Organization,Yes,,"Yes (Including completing this survey on behalf of my organization, drawing on inputs from relevant teams)",,Company,,Information and communication technology (45),,1,56,48,28.9,23,19362,58
959,No,Jeffrey Gorham,ACORE,United States,Yes,Organization,No,,Not applicable,,Non-profit organization/NGO/civil society,,Energy (10),,0,41,31,18.7,17,24309,11
960,Yes,Redacted,Redacted,United States,No,Organization,Yes,,Other (please specify below),I represent the group within Toyota Motor North America that collects and reports the data for the greenhouse gas inventory for the company.,Company,,Manufacturing,,1,100,91,54.8,27,11163,81
961,No,Erica Lasdon,Interfaith Center on Corporate Responsibility,United States,No,Organization,No,,Not applicable,,Non-profit organization/NGO/civil society,,Other (please specify below),nonprofit investment association,0,16,5,3.0,6,979,0
962,Yes,Redacted,Redacted,United States,Yes,Organization,Yes,,"Yes (Including completing this survey on behalf of my organization, drawing on inputs from relevant teams)",,Company,,"Consumer goods (25, 30)",,1,45,37,22.3,12,13610,48
963,Yes,Redacted,Redacted,United States,Yes,Organization,No,,Not applicable,,Industry group,,Manufacturing,,1,32,24,14.5,7,2583,27
964,Yes,Redacted,Redacted,Hong Kong,Yes,Organization,Other or N/A (please specify below),,Not applicable,,Non-profit organization/NGO/civil society,,Services,"Building Sector, Professional Services",1,45,36,21.7,17,9266,29
965,No,Jay Dietrich,Uptime Institute,United States,No,Organization,Yes,,"Yes (Including completing this survey on behalf of my organization, drawing on inputs from relevant teams)",,Other (please specify below),"Consulting company support data center operators on reliability, resiliency, Maintenance and Operations, Sustainability, and Employee educationn","Professional, scientific, and technical services (2020)",,0,112,101,60.8,43,30261,83
966,Yes,Redacted,Redacted,United States,Yes,Organization,Yes,,"Yes (Including completing this survey on behalf of my organization, drawing on inputs from relevant teams)",,Financial Institution,,Finance (40),,1,48,40,24.1,15,19375,30
967,No,Minji Jeong,EFI Foundation,United States,Yes,Organization,Yes,,No,,Non-profit organization/NGO/civil society,,Energy (10),,0,67,57,34.3,26,6728,31
968,Yes,Redacted,Redacted,United States,Yes,Organization,Yes,,"Yes (Including completing this survey on behalf of my organization, drawing on inputs from relevant teams)",,Company,,Information and communication technology (45),,1,90,82,49.4,23,19397,96
969,Yes,Redacted,Redacted,United States,Yes,Organization,Yes,,"Yes (Including completing this survey on behalf of my organization, drawing on inputs from relevant teams)",,Company,,Energy (10),,1,39,31,18.7,16,10594,19
970,Yes,Redacted,Redacted,United States,Yes,Organization,Yes,,"Yes (Including completing this survey on behalf of my organization, drawing on inputs from relevant teams)",,Other (please specify below),Engineering & Construction Firm,"Professional, scientific, and technical services (2020)",,1,79,70,42.2,17,5475,77
971,No,Johannes Schön,German CEO Alliance on Climate and Economy (Stiftung KlimaWirtschaft),Germany,Yes,Organization,Other or N/A (please specify below),,Not applicable,,Non-profit organization/NGO/civil society,,Other (please specify below),"Steel, chemicals, building materials, financial institutions, fast-moving consumer goods, wholesale and retail, construction, telecommunications, rail transport, heating and cooling technologies, energy and renewable energy supply.",0,125,114,68.7,58,12731,104
972,No,Patrick Falwell,Green Strategies,United States,Yes,Organization,No,,Not applicable,,Consultant supporting organizations with GHG inventories/strategies,,Services,,0,81,71,42.8,32,27500,62
973,Yes,Redacted,Redacted,United States,No,Organization,Yes,,"Yes (Including completing this survey on behalf of my organization, drawing on inputs from relevant teams)",,Company,,Information and communication technology (45),,1,131,123,74.1,55,49093,115
974,Yes,Redacted,Redacted,Morocco,Yes,Individual,Yes,,Other (please specify below),"yes, i'm in charge of GHG emissions inventory",Industry group,,Chemicals (151010),,1,165,156,94.0,78,95042,144
975,Yes,Redacted,Redacted,Austria,Yes,Organization,Yes,,"Yes (Including completing this survey on behalf of my organization, drawing on inputs from relevant teams)",,Government institution,,Other (please specify below),Environment Agency,1,77,68,41.0,22,5955,66
976,Yes,Redacted,Redacted,Spain,Yes,Organization,Yes,,"Yes (Including completing this survey on behalf of my organization, drawing on inputs from relevant teams)",,Company,,Other (please specify below),Telecommunications services,1,156,147,88.6,73,15751,143
977,No,Karl Koesser,EnergyTag Ltd,United Kingdom,Yes,Organization,No,,Not applicable,,Non-profit organization/NGO/civil society,,Other (please specify below),Non-profit organization,0,112,101,60.8,51,66649,102
978,No,Shannon Weigel,Trio,United States,Yes,Organization,Yes,,"Yes (Including completing this survey on behalf of my organization, drawing on inputs from relevant teams)",,Consultant supporting organizations with GHG inventories/strategies,,"Professional, scientific, and technical services (2020)",,0,87,77,46.4,37,26615,47
979,Yes,Redacted,Redacted,Japan,Yes,Organization,Other or N/A (please specify below),Our organization deals with other organizations' greenhouse gas inventories.,Other (please specify below),Our organization is involved in developing other organizations' greenhouse gas inventories.,Consultant supporting organizations with GHG inventories/strategies,,"Professional, scientific, and technical services (2020)",,1,83,73,44.0,22,1578,109
980,Yes,Redacted,Redacted,United States,Yes,Organization,Yes,,"Yes (Including completing this survey on behalf of my organization, drawing on inputs from relevant teams)",,Company,,Other (please specify below),Software,1,82,73,44.0,17,4031,87
981,No,Randy Rutherford,"Kanin Energy, Inc.",United States,Yes,Organization,No,,Not applicable,,Company,,Energy (10),,0,61,51,30.7,19,6049,36
982,No,Katherine Ott,Constellation Energy,United States,No,Organization,Yes,,"Yes (Including completing this survey on behalf of my organization, drawing on inputs from relevant teams)",,Energy supplier/retailer or utility,,"Utilities (water, gas, electricity) (551010, 551020, 551030, 551040)",,0,118,108,65.1,50,47020,93
983,No,Emmanuel van Ruitenbeek,TenneT,Netherlands,No,Individual,Yes,,No,,Electric Grid Operator,,"Utilities (water, gas, electricity) (551010, 551020, 551030, 551040)",,0,86,76,45.8,33,29316,80
984,No,Patrick Davis,"Cleartrace Technologies, Inc.",United States,Yes,Organization,Yes,,"Yes (Including completing this survey on behalf of my organization, drawing on inputs from relevant teams)",,Data/analytics or software provider related to GHG inventories,,Information and communication technology (45),,0,77,67,40.4,25,11456,68
985,Yes,Redacted,Redacted,France,No,Organization,No,Industry Association,Not applicable,,Industry group,Industry association representing more than 75% of the fast charging stations in France.,Transportation (2030),,1,27,17,10.2,5,649,13
986,Yes,Redacted,Redacted,United States,Yes,Organization,Yes,,"Yes (Including completing this survey on behalf of my organization, drawing on inputs from relevant teams)",,Company,,Apparel (25203010),,1,28,20,12.0,6,6049,13
987,Yes,Redacted,Redacted,United States,Yes,Organization,Other or N/A (please specify below),We are a trade association.,Not applicable,,Industry group,,Energy (10),,1,33,24,14.5,13,13687,17
988,Yes,Redacted,Redacted,United States,Yes,Organization,Yes,,"Yes (Including completing this survey on behalf of my organization, drawing on inputs from relevant teams)",,Company,,"Retail (2550, 3010)",,1,26,18,10.8,5,1203,12
989,No,Chandni Sinha Das,WattTime,United States,Yes,Organization,No,,Not applicable,,Non-profit organization/NGO/civil society,,"Professional, scientific, and technical services (2020)",,0,56,46,27.7,27,53340,30
990,Yes,Redacted,Redacted,United States,Yes,Organization,Yes,,"Yes (Including completing this survey on behalf of my organization, drawing on inputs from relevant teams)",,Company,,Energy (10),,1,67,59,35.5,22,63571,62
991,Yes,Redacted,Redacted,United States,No,Organization,Yes,,No,,GHG account/reporting program or initiative,,Services,,1,15,7,4.2,5,972,3
992,No,Julie McNamara,Union of Concerned Scientists,United States,Yes,Organization,No,,Not applicable,,Non-profit organization/NGO/civil society,,Other (please specify below),Science advocacy,0,87,76,45.8,38,10601,82
993,Yes,Redacted,Redacted,United States,Yes,Organization,Yes,,No,,Non-profit organization/NGO/civil society,,"Professional, scientific, and technical services (2020)",,1,10,2,1.2,2,2132,0
994,Yes,Redacted,Redacted,United States,Yes,Organization,No,,No,,Industry group,,"Food and beverage (302010, 302020)",,1,152,144,86.7,65,45387,172
995,No,Eric Holdsworth,"Edison Electric Institute (EEI) represents all U.S. investor-owned electric companies in the United States, which serve more than 250 million customers in 50 states and the District of Columbia. EEI member companies work every day to provide reliable energy to their customers at the lowest cost possible. EEI members also form the backbone of our nation’s electric power industry, which is essential to advancing our economic and national security priorities, including achieving global dominance in AI and advanced computing technologies. Across our nation, investor-owned electric companies are building critically needed new generation, as well as the transmission and distribution infrastructure required to deliver the resulting energy to customers. EEI member companies invested over $200 billion in 2025, with plans for $1.1 trillion in grid investments during the next five years, to make the energy grid smarter, stronger, more efficient, and more secure for our customers.",United States,No,Organization,No,,Not applicable,,Industry group,,Energy (10),,0,98,88,53.0,37,40649,90
996,Yes,Redacted,Redacted,United States,Yes,Organization,Yes,,"Yes (Including completing this survey on behalf of my organization, drawing on inputs from relevant teams)",,Company,,Information and communication technology (45),,1,118,110,66.3,47,39238,93
997,Yes,Redacted,Redacted,Canada,Yes,Organization,Yes,,Not applicable,,Company,,Energy (10),,1,48,40,24.1,21,20510,24
998,No,Wilson Ricks,Clean Air Task Force,United States,No,Organization,No,,Not applicable,,Non-profit organization/NGO/civil society,,Energy (10),,0,95,85,51.2,37,31329,96
999,Yes,Redacted,Redacted,United States,Yes,Organization,Yes,,"Yes (Including completing this survey on behalf of my organization, drawing on inputs from relevant teams)",,Company,,Other (please specify below),Company has different business lines that include multiple sectors.,1,68,59,35.5,23,34140,59
1000,No,Michael Daley,Carbon Solutions Group,United States,Yes,Organization,Other or N/A (please specify below),,Not applicable,,Company,,Other (please specify below),,0,69,59,35.5,30,26266,41
1001,No,Taina Wilhelms,"Finnish Energy (Finnish Energy is a branch organisation for the industrial and labor market policy of the energy sector. It represents companies that produce, acquire, transmit and sell electricity, gas, district heat and district cooling and offer related services.)",Finland,Yes,Organization,Other or N/A (please specify below),"Finnish Energy is a branch organisation for the industrial and labor market policy of the energy sector. It represents companies that produce, acquire, transmit and sell electricity, gas, district heat and district cooling and offer related services.",Not applicable,,Other (please specify below),Business association,Energy (10),,0,51,39,23.5,17,22900,37
1002,Yes,Redacted,Redacted,United States,Yes,Organization,Yes,,"Yes (Including completing this survey on behalf of my organization, drawing on inputs from relevant teams)",,Company,,"Biotech, health care and pharmaceutical (35201010, 3510, 35202010)",,1,30,22,13.3,6,3705,13
1003,No,World Resources Institute (WRI) Indonesia,World Resources Institute (WRI) Indonesia,Indonesia,No,Organization,Yes,,"Yes (Including completing this survey on behalf of my organization, drawing on inputs from relevant teams)",,Non-profit organization/NGO/civil society,,Other (please specify below),Research and Think Tank,0,62,51,30.7,22,12852,55
1004,No,Katie Eisenbrown,Arcadis,United States,Yes,Organization,Yes,,"Yes (Including completing this survey on behalf of my organization, drawing on inputs from relevant teams)",,Consultant supporting organizations with GHG inventories/strategies,,"Professional, scientific, and technical services (2020)",,0,135,125,75.3,63,39626,83
1005,Yes,Redacted,Redacted,United States,Yes,Organization,Yes,,"Yes (Including completing this survey on behalf of my organization, drawing on inputs from relevant teams)",,Company,,Energy (10),,1,21,13,7.8,10,21686,0
1006,No,Veronica Poole,Deloitte LLP,United Kingdom,No,Organization,Yes,,Other (please specify below),"While we prepare our own inventory, we also provide advisory and assurance to many large companies as well.",Verification/assurance provider,,"Professional, scientific, and technical services (2020)",,0,53,42,25.3,25,47126,42
1007,No,Samantha Cote,Employee,United States,Yes,Organization,Other or N/A (please specify below),"Solstice does not have its own greenhouse gas inventory, but consults and partners with clean energy buyers with GHG inventories as well as solar developers.",Not applicable,,Consultant supporting organizations with GHG inventories/strategies,,Energy (10),,0,31,20,12.0,9,1914,13
1008,No,Colin Wain,Hydro Tasmania,Australia,Yes,Organization,Yes,,No,,Energy supplier/retailer or utility,,Power generation (551050),,0,69,59,35.5,21,15454,52
1009,No,Sarah McHardy,Lodestone Energy,New Zealand,Yes,Organization,No,,"Yes (Including completing this survey on behalf of my organization, drawing on inputs from relevant teams)",,Energy supplier/retailer or utility,,Energy (10),,0,71,61,36.7,29,34463,44
1010,Yes,Redacted,Redacted,United States,Yes,Organization,Yes,,"Yes (Including completing this survey on behalf of my organization, drawing on inputs from relevant teams)",,Company,,Real estate (60),,1,37,29,17.5,12,16925,23
1011,Yes,Redacted,Redacted,Japan,Yes,Individual,No,,No,,Academia/research,,Other (please specify below),Research Institute,1,91,82,49.4,34,15131,56
1012,No,Donaphan Boey,Institute of Singapore Chartered Accountants,Singapore,Yes,Organization,No,,No,,Industry group,,"Professional, scientific, and technical services (2020)",,0,120,110,66.3,56,33358,63
1013,Yes,Redacted,Redacted,United States,No,Individual,Other or N/A (please specify below),"We have an internal inventory, but do not publish it publicly.","Yes (Including completing this survey on behalf of my organization, drawing on inputs from relevant teams)",,Company,,Finance (40),,1,61,52,31.3,16,3037,65
1014,Yes,Redacted,Redacted,China,Yes,Organization,Yes,,No,,Consultant supporting organizations with GHG inventories/strategies,,"Professional, scientific, and technical services (2020)",,1,124,116,69.9,49,13792,105
1015,Yes,Redacted,Redacted,Mexico,No,Individual,No,,"Yes (Including completing this survey on behalf of my organization, drawing on inputs from relevant teams)",,Company,,"Food and beverage (302010, 302020)",,1,46,38,22.9,13,3040,39
1016,Yes,Redacted,Redacted,United States,Yes,Organization,Yes,,"Yes (Including completing this survey on behalf of my organization, drawing on inputs from relevant teams)",,Company,,Manufacturing,,1,74,66,39.8,14,4612,74
1017,Yes,Redacted,Redacted,United States,Yes,Organization,Yes,,"Yes (Including completing this survey on behalf of my organization, drawing on inputs from relevant teams)",,Company,,"Food and beverage (302010, 302020)",,1,28,20,12.0,5,3613,16
1018,No,James Richards,Nuclear Innovation Alliance,United States,Yes,Organization,No,,Not applicable,,Non-profit organization/NGO/civil society,,Energy (10),,0,29,19,11.4,7,1359,30
1019,No,Rebecca Berg,Center for Climate and Energy Solutions (C2ES),United States,Yes,Organization,No,,Not applicable,,Non-profit organization/NGO/civil society,,"Professional, scientific, and technical services (2020)",,0,67,57,34.3,28,17245,46
1020,Yes,Redacted,Redacted,China,Yes,Organization,Yes,,"Yes (Including completing this survey on behalf of my organization, drawing on inputs from relevant teams)",,Company,,Manufacturing,,1,25,17,10.2,3,292,12
1021,Yes,Redacted,Redacted,Japan,Yes,Organization,No,,No,,Industry group,,Chemicals (151010),,1,27,19,11.4,1,228,18
1022,No,"John Campbell, Sally Robinson",Our Energy Limited,New Zealand,Yes,Organization,No,,Not applicable,,Data/analytics or software provider related to GHG inventories,,Energy (10),,0,65,55,33.1,25,30276,51
1023,No,Roger Caldwell,Firm Clean Power Corporation,United States,Yes,Organization,No,,"Yes (Including completing this survey on behalf of my organization, drawing on inputs from relevant teams)",,Company,,Energy (10),,0,64,54,32.5,26,29986,62
1024,No,Grant Ligon,Pure Storage,United States,Yes,Organization,Yes,,"Yes (Including completing this survey on behalf of my organization, drawing on inputs from relevant teams)",,Company,,Information and communication technology (45),,0,41,31,18.7,8,7546,33
1025,No,"Risskov Teknik og Solar, Maria del Carmen Riccio-Kjærgaard","Maria del Carmen Riccio-Kjærgaard is the CEO and one of the owners of Risskov Teknik og Solar.
Risskov Teknik og Solar is a Danish company, operating in the solar business (from consultancy to service including AI-solutions for solar) for nearly 15 years.",Denmark,Yes,Organization,Other or N/A (please specify below),"We have calculated our emissions using our first voluntary ESG report, released in October 2025.","Yes (Including completing this survey on behalf of my organization, drawing on inputs from relevant teams)",,Company,,"Professional, scientific, and technical services (2020)",,0,143,132,79.5,62,34549,115
1026,No,Devon Lukas,REsurety,United States,Yes,Organization,No,,Not applicable,,Data/analytics or software provider related to GHG inventories,,"Professional, scientific, and technical services (2020)",,0,84,74,44.6,35,37631,47
1027,No,"Dr Rahul Tongia, Dr Rohit Vijay
(This is a joint submission prepared by two contributors; the email provided is the correspondence contact for this submission.)","Centre for Social and Economic Progress, New Delhi",India,Yes,Individual,No,,Not applicable,,Non-profit organization/NGO/civil society,,"Professional, scientific, and technical services (2020)",,0,55,45,27.1,27,15311,21
1028,No,Silke Mooldijk,NewClimate Institute,Germany,No,Organization,No,,Not applicable,,Other (please specify below),Not-for-profit research institute and think tank,Other (please specify below),NA,0,26,14,8.4,7,2201,31
1029,Yes,Redacted,Redacted,Japan,Yes,Organization,Yes,,"Yes (Including completing this survey on behalf of my organization, drawing on inputs from relevant teams)",,Energy supplier/retailer or utility,,Energy (10),,1,22,14,8.4,3,1362,13
1030,No,Gunther Glenk and Stefan Reichelstein,University of Mannheim and Stanford University,Germany,No,Individual,Yes,,Not applicable,,Academia/research,,Education,,0,13,3,1.8,5,8637,0
1031,No,Wendy McGuinness,"McGuinness Institute, Wellington, New Zealand",New Zealand,Yes,Organization,No,,No,,Non-profit organization/NGO/civil society,,Education,,0,61,51,30.7,31,21270,43
1032,Yes,Redacted,Redacted,Czech Republic,Yes,Individual,Yes,,"Yes (Including completing this survey on behalf of my organization, drawing on inputs from relevant teams)",,Energy supplier/retailer or utility,,Energy (10),,1,88,80,48.2,23,8063,76
1033,Yes,Redacted,Redacted,Germany,Yes,Individual,No,,No,,Academia/research,,Education,,1,36,28,16.9,15,5237,33
1034,No,Molly Webb,Energy Unlocked,United Kingdom,Yes,Organization,No,,Not applicable,,Non-profit organization/NGO/civil society,,Energy (10),,0,46,36,21.7,12,4295,43
1035,Yes,Redacted,Redacted,United Kingdom,Yes,Organization,No,,No,,Industry group,,Energy (10),,1,56,48,28.9,21,8788,34
1037,Yes,Redacted,Redacted,United States,Yes,Organization,Other or N/A (please specify below),I am the sole proprietor of my independent consulting and advisory business. I do manage my own and my family's greenhouse gas emissions.,Other (please specify below),I am the sole proprietor of my independent consulting and advisory business. I do manage my own and my family's greenhouse gas emissions.,Consultant supporting organizations with GHG inventories/strategies,,Energy (10),,1,116,106,63.9,46,17924,92
1038,No,Syed Ahmed,Green Gas Certification Scheme (GGCS),United Kingdom,Yes,Organization,No,,No,,Certificate registry/tracking system operator,,Energy (10),,0,17,7,4.2,9,11099,0
1039,No,Miranda Siu,"Self employed (freelance) consultant, my views here are my own.
I am affiliated with Chartered Accountants Australia and New Zealand, but these are not their views.
I work with Presync, ESG Strategy, FootprintLab amongst other organisations.",Australia,No,Individual,No,,Not applicable,,Consultant supporting organizations with GHG inventories/strategies,,"Professional, scientific, and technical services (2020)",,0,111,101,60.8,37,15716,109
1040,Yes,Redacted,Redacted,France,Yes,Organization,No,,No,,Company,,Energy (10),,1,59,51,30.7,26,35789,31
1041,No,Oliver Edberg,ABB,Switzerland,Yes,Organization,Yes,,"Yes (Including completing this survey on behalf of my organization, drawing on inputs from relevant teams)",,Company,,Manufacturing,,0,107,97,58.4,39,12067,71
1042,No,"Krasimira Petkova, Head of ESG",Enery Development GmbH,Austria,Yes,Organization,Yes,,"Yes (Including completing this survey on behalf of my organization, drawing on inputs from relevant teams)",,Company,,Energy (10),,0,29,19,11.4,8,16380,13
1043,No,Elaine Baker,None. Submitting as individual climate activist with interest and expertise in electricity sector.,Ireland,Yes,Individual,Other or N/A (please specify below),,Not applicable,,Other (please specify below),Submitting as individual climate activist with interest and expertise in electricity sector.,Other (please specify below),Submitting as individual climate activist with interest and expertise in electricity sector.,0,42,30,18.1,13,5887,22
1044,Yes,Redacted,Redacted,Singapore,No,Organization,No,,Not applicable,,Consultant supporting organizations with GHG inventories/strategies,,"Professional, scientific, and technical services (2020)",,1,75,67,40.4,31,9575,55
1045,Yes,Redacted,Redacted,France,No,Organization,Yes,,No,,Non-profit organization/NGO/civil society,,Other (please specify below),The Shift Project provides guidance about lowering our collective dependency towards energy and the associated climate and environmental impacts.,1,36,27,16.3,10,5100,43
1046,No,Shubhashish Maitra,Momentum,India,Yes,Individual,No,,Other (please specify below),We are consultants and develop our clients organization's greenhouse gas inventory,Consultant supporting organizations with GHG inventories/strategies,,Services,,0,44,33,19.9,17,13823,23
1047,Yes,Redacted,Redacted,Norway,Yes,Organization,Yes,,"Yes (Including completing this survey on behalf of my organization, drawing on inputs from relevant teams)",,Energy supplier/retailer or utility,,Energy (10),,1,96,88,53.0,35,37053,64
1048,Yes,Redacted,Redacted,United States,Yes,Organization,Yes,,"Yes (Including completing this survey on behalf of my organization, drawing on inputs from relevant teams)",,Company,,Manufacturing,,1,17,9,5.4,4,192,5
1049,No,Lynda Clemmons,NRG Energy,United States,Yes,Organization,Yes,,"Yes (Including completing this survey on behalf of my organization, drawing on inputs from relevant teams)",,Energy supplier/retailer or utility,,Energy (10),,0,34,24,14.5,10,9503,17
1050,No,Mathilde Crepy,Environmental Coalition on Standards (ECOS),Belgium,Yes,Organization,Other or N/A (please specify below),N/A,Not applicable,,Non-profit organization/NGO/civil society,,Services,,0,49,38,22.9,18,9420,69
1051,Yes,Redacted,Redacted,Hungary,No,Organization,No,,Not applicable,,Non-profit organization/NGO/civil society,,Energy (10),,1,58,50,30.1,14,2115,28
1052,Yes,Redacted,Redacted,Japan,Yes,Individual,Yes,,No,,Energy supplier/retailer or utility,,"Retail (2550, 3010)",,1,32,24,14.5,7,8556,24
1053,Yes,Redacted,Redacted,United Kingdom,Yes,Organization,Yes,,"Yes (Including completing this survey on behalf of my organization, drawing on inputs from relevant teams)",,Financial Institution,,Finance (40),,1,26,18,10.8,5,6766,26
1054,No,"Gene Grace, General Counsel, American Clean Power Association (ACP)","The American Clean Power Association (ACP) is the national trade association that represents the companies building, owning, financing, and operating America’s clean power infrastructure. It serves as the primary policy and advocacy voice for utility-scale wind, solar, offshore wind, energy storage, and transmission, engaging with Congress, federal agencies, and state governments on issues ranging from tax policy and permitting to grid reliability and market design. ACP also produces industry data and analysis, convenes stakeholders across the clean energy supply chain, and works to advance best practices that support affordable, reliable, and clean electricity for U.S. consumers.",United States,Yes,Organization,No,,Not applicable,,Industry group,,Energy (10),,0,45,35,21.1,21,8594,4
1055,No,Anders Bjørn,Technical University of Denmark,Denmark,No,Individual,Yes,,No,,Academia/research,,Education,,0,14,4,2.4,5,2580,0
1056,No,"Connor Nelson, Manager of Regulatory Affairs and Markets",National Hydropower Association in support of the Low Impact Hydropower Institute,United States,No,Organization,Other or N/A (please specify below),Trade association,Not applicable,,Industry group,,Energy (10),,0,23,12,7.2,8,9351,12
1057,No,Erin Hiatt,Retail Industry Leaders Association (RILA),United States,Yes,Organization,Other or N/A (please specify below),Trade Association,Not applicable,,Industry group,,"Retail (2550, 3010)",,0,25,14,8.4,11,10568,6
1058,No,Bellkys Rodrigues de Miranda,Brazilian Association of Energy Self-Producers and Investors (ABIAPE),Brazil,Yes,Organization,No,,No,,Consultant supporting organizations with GHG inventories/strategies,,Energy (10),,0,59,49,29.5,16,3619,46
1059,No,Joshua Walker,DLA Piper,United Kingdom,Yes,Organization,No,,Not applicable,,Other (please specify below),Law firm,Other (please specify below),Law,0,80,68,41.0,39,10600,65
1060,No,Dirk Van Evercooren,2degNRG BV,Belgium,Yes,Organization,No,,Not applicable,,Company,,Other (please specify below),Advisory services,0,100,89,53.6,43,71286,52
1061,Yes,Redacted,Redacted,Sweden,Yes,Organization,Yes,,Not applicable,,Energy supplier/retailer or utility,,"Utilities (water, gas, electricity) (551010, 551020, 551030, 551040)",,1,12,4,2.4,2,3848,3
1062,No,Rebecca Winkel,American Petroleum Institute,United States,No,Organization,No,,No,,Industry group,,Energy (10),,0,35,25,15.1,17,28454,19
1063,Yes,Redacted,Redacted,United States,Yes,Organization,Yes,,"Yes (Including completing this survey on behalf of my organization, drawing on inputs from relevant teams)",,Company,,Chemicals (151010),,1,59,51,30.7,12,8209,58
1064,Yes,Redacted,Redacted,Mexico,No,Organization,Yes,,"Yes (Including completing this survey on behalf of my organization, drawing on inputs from relevant teams)",,Company,,"Consumer goods (25, 30)",,1,43,35,21.1,13,3003,39
1066,No,Tim Croker,none,United Kingdom,No,Individual,Other or N/A (please specify below),,Not applicable,,Other (please specify below),interested individual with 20+ years experience of GHG accounting. Member of Carbon Accounting Alliance.,Other (please specify below),n/a,0,31,19,11.4,11,3187,20
1068,No,Carolyn Slaughter,American Public Power Association,United States,Yes,Organization,No,,No,,Industry group,,"Utilities (water, gas, electricity) (551010, 551020, 551030, 551040)",,0,30,20,12.0,11,15219,22
1069,Yes,Redacted,Redacted,United States,No,Organization,Yes,,"Yes (Including completing this survey on behalf of my organization, drawing on inputs from relevant teams)",,Consultant supporting organizations with GHG inventories/strategies,,"Professional, scientific, and technical services (2020)",,1,12,4,2.4,3,865,1
1070,Yes,Redacted,Redacted,United States,No,Organization,No,,Not applicable,,Energy supplier/retailer or utility,,Energy (10),,1,31,23,13.9,9,4192,32
1071,No,Timothy Juliani,World Wildlife Fund US,United States,Yes,Organization,Yes,,No,,Non-profit organization/NGO/civil society,,Other (please specify below),Non-profit,0,40,29,17.5,14,15225,23
1072,No,Professors Karthik Ramanna and Robert S. Kaplan,"*Co-founders, E-ledgers Institute;
*Karthik Ramanna – University of Oxford Blavatnik School of Government
*Robert S. Kaplan – Harvard Business School

*affiliations provided for identification purposes only",United States,No,Individual,No,,No,,Non-profit organization/NGO/civil society,,Other (please specify below),Non-profit research and learning organization,0,43,32,19.3,20,23787,26
1073,No,Guillaume Fauconnier,Nodera,France,Yes,Organization,No,,Not applicable,,Data/analytics or software provider related to GHG inventories,,"Professional, scientific, and technical services (2020)",,0,73,63,38.0,33,42101,75
1074,Yes,Redacted,Redacted,India,Yes,Organization,Other or N/A (please specify below),We are IT Solution Provider for GHG Accounting,"Yes (Including completing this survey on behalf of my organization, drawing on inputs from relevant teams)",,Data/analytics or software provider related to GHG inventories,,Information and communication technology (45),,1,18,9,5.4,5,759,11
1075,No,Jeremy Rubin,IETA,United States,Yes,Organization,Other or N/A (please specify below),IETA has a GHG inventory and offsets its emissions from travel,No,,Industry group,,Other (please specify below),Global trade association spanning several sectors,0,21,9,5.4,10,9858,9
1076,Yes,Redacted,Redacted,Ireland,No,Organization,Yes,,"Yes (Including completing this survey on behalf of my organization, drawing on inputs from relevant teams)",,Company,,Manufacturing,,1,49,41,24.7,7,3993,41
1077,No,Clare Breidenich,"Carbon and Clean Energy Director
Western Power Trading Forum",United States,Yes,Organization,Other or N/A (please specify below),"The Western Power Trading Forum (WPTF) is a trade association comprising over 100 power marketers, generators, investment banks, utilities and energy service providers, whose common interest is the development of competitive electricity markets in the western United States. While many of our member companies have greenhouse gas inventories, WPTF as a trade association does not.",Not applicable,,Industry group,,Power generation (551050),,0,71,60,36.1,22,15556,43
1078,No,Ankush Jain,ITC Limited,India,No,Individual,Yes,Not Applicable,"Yes (Including completing this survey on behalf of my organization, drawing on inputs from relevant teams)",Not Applicable,Company,Not Applicable,"Food and beverage (302010, 302020)",Not Applicable,0,110,96,57.8,41,8431,82
1079,No,Daly Wettermark,"Stanford University, WE3 Lab",United States,Yes,Individual,No,,Not applicable,,Academia/research,,"Utilities (water, gas, electricity) (551010, 551020, 551030, 551040)",,0,51,41,24.7,16,4886,35
1080,Yes,Redacted,Redacted,Turkey,Yes,Organization,No,,Not applicable,,Company,,Energy (10),,1,51,43,25.9,13,13605,47
1081,Yes,Redacted,Redacted,Netherlands,Yes,Individual,Yes,,No,,Consultant supporting organizations with GHG inventories/strategies,,Services,,1,71,63,38.0,18,4133,61
1082,No,David FitzGerald,"Adapture Renewables, Inc. (ARI)",United States,Yes,Organization,Other or N/A (please specify below),,Not applicable,,Company,,Energy (10),,0,28,18,10.8,7,813,11
1083,No,Svenja Dube,Baruch College,United States,Yes,Individual,Other or N/A (please specify below),Don't know,No,,Academia/research,,Education,,0,17,6,3.6,6,2214,13
1085,No,"CORRECTED SUBMISSION! PLEASE DISREGARD PREVIOUS SUBMISSION!

Christoph Graf,
Dharik Mallapragada,
Derek Sylvan,
Burçin Ünel","Graf, Sylvan, Ünel: Institute for Policy Integrity, New York University School of Law

Mallapragada: Department of Chemical & Biomolecular Engineering, New York
University Tandon School of Engineering",United States,No,Organization,Other or N/A (please specify below),,Not applicable,,Academia/research,,Education,,0,36,26,15.7,13,12289,22
1086,No,Robert Letzler,I am an energy economist and policy analyst with a PhD UC Berkeley who has worked at places including the Council on Environmental Quality and Sense. The opinions here are my own and may not be shared by present or former colleagues,United States,Yes,Individual,Other or N/A (please specify below),I am not responding on behalf of an organization.,Not applicable,,Academia/research,,Energy (10),,0,28,17,10.2,12,28631,14
1087,Yes,Redacted,Redacted,United States,Yes,Organization,Yes,,"Yes (Including completing this survey on behalf of my organization, drawing on inputs from relevant teams)",,Company,,Manufacturing,,1,149,141,84.9,67,17871,128
1088,No,Kellen Mahoney,Suppliers Partnership for the Environment,United States,Yes,Organization,Other or N/A (please specify below),Industry trade association; our members have GHG inventories,Other (please specify below),Industry trade association; our members are involved in developing GHG inventories,Industry group,,Transportation (2030),,0,41,29,17.5,17,12367,17
1089,No,Hank Stafford,Vistra Corp,United States,Yes,Organization,Yes,,"Yes (Including completing this survey on behalf of my organization, drawing on inputs from relevant teams)",,Energy supplier/retailer or utility,,Power generation (551050),,0,105,95,57.2,33,23943,82
1090,No,Paul Coster,EVA Platform Ltd (trading as EVA Marketplace),New Zealand,No,Organization,No,,Not applicable,,Other (please specify below),Power Purchase Agreement marketplace,"Professional, scientific, and technical services (2020)",,0,13,2,1.2,5,4749,0
1091,Yes,Redacted,Redacted,Germany,Yes,Organization,Yes,,"Yes (Including completing this survey on behalf of my organization, drawing on inputs from relevant teams)",,Company,,Manufacturing,,1,22,14,8.4,4,4160,15
1092,No,"Robert A. Maddox, Jr, LEED-AP, MBA","Long time Renewable Energy Advocate, Former State legislator, Expert on Green Buildings and EAC's",United States,Yes,Individual,Other or N/A (please specify below),I am responding based upon my 27 years of experience,Not applicable,,Consultant supporting organizations with GHG inventories/strategies,,Energy (10),,0,86,75,45.2,27,3880,27
1093,No,Rodrigo Esparza Vázquez,"eva. Empresa con Valor Ambiental, S.A. de C.V.",Mexico,Yes,Organization,No,,Not applicable,,Consultant supporting organizations with GHG inventories/strategies,,Energy (10),,0,94,84,50.6,34,29761,99
1094,No,Cynthia Clark,University of California Office of the President,United States,Yes,Organization,Yes,,Other (please specify below),"I oversee the University of California Office of the President’s (UCOP) inventory reporting in accordance with The Climate Registry’s (TCR) General Reporting Protocol as well as reporting on the UC Clean Power Program’s annual portfolio per TCR’s Electric Power Sector Protocol. As a regulated California load serving entity, UC’s Clean Power Program has supplied participating campuses with carbon free electricity since 2019, and the program now accounts for roughly half of all purchased electricity across the UC system. Individual University of California (UC) campuses complete their own GHG inventory reporting to TCR.",Government institution,,Energy (10),,0,49,38,22.9,26,9342,21
1095,No,Guruprakash Sastry,Infosys Limited,India,Yes,Organization,Yes,,"Yes (Including completing this survey on behalf of my organization, drawing on inputs from relevant teams)",,Company,,Information and communication technology (45),,0,57,47,28.3,13,5260,35
1096,Yes,Redacted,Redacted,China,Yes,Individual,No,,Not applicable,,Academia/research,,Energy (10),,1,53,45,27.1,3,2659,43
1097,Yes,Redacted,Redacted,United States,Yes,Organization,Yes,,"Yes (Including completing this survey on behalf of my organization, drawing on inputs from relevant teams)",,Company,,Power generation (551050),,1,32,24,14.5,11,11909,13
1098,No,Pierre Vogler-Finck,PierreVF UG (haftungsbeschränkt),Germany,No,Individual,No,,Not applicable,,Company,,Information and communication technology (45),,0,27,17,10.2,3,699,35
1099,No,C. Edward Allen,"Senior Director, Corporate Finance Policy, National Association of Manufacturers",United States,Yes,Organization,Other or N/A (please specify below),The NAM's members include many manufacturers that report their greenhouse gas emissions.,Not applicable,,Industry group,,Manufacturing,,0,74,63,38.0,27,17355,70
1100,No,Anne Germain,National Waste & Recycling Assocation,United States,Yes,Organization,No,,Not applicable,,Other (please specify below),Trade assocation,Waste management,,0,101,90,54.2,44,26826,75
1101,No,Finn Reed,Angeleno Group,United States,No,Organization,Yes,,"Yes (Including completing this survey on behalf of my organization, drawing on inputs from relevant teams)",,Financial Institution,,Finance (40),,0,48,38,22.9,15,19042,31
1102,Yes,Redacted,Redacted,United Kingdom,Yes,Organization,Yes,,"Yes (Including completing this survey on behalf of my organization, drawing on inputs from relevant teams)",,Energy supplier/retailer or utility,,Energy (10),,1,115,107,64.5,43,17359,103
1103,No,William Hayes,Clean Path Partners LLC,United States,Yes,Individual,Other or N/A (please specify below),am responding as an individual,No,,Consultant supporting organizations with GHG inventories/strategies,,Energy (10),,0,30,19,11.4,10,7144,13
1104,Yes,Redacted,Redacted,United States,Yes,Organization,No,,Not applicable,,Non-profit organization/NGO/civil society,,Energy (10),,1,12,4,2.4,1,202,3
1105,Yes,Redacted,Redacted,United States,No,Organization,Yes,,"Yes (Including completing this survey on behalf of my organization, drawing on inputs from relevant teams)",,Consultant supporting organizations with GHG inventories/strategies,,"Professional, scientific, and technical services (2020)",,1,161,153,92.2,84,19328,121
1106,No,CHOI Yo-Han,"Korea National Cleaner Production Center, Korea Institute of Industrial Technology (KNCPC/KITECH)",Korea - Republic of/South,Yes,Organization,No,,No,,Academia/research,,"Professional, scientific, and technical services (2020)",,0,44,34,20.5,13,3480,33
1107,Yes,Redacted,Redacted,United States,Yes,Individual,Yes,,No,,Other (please specify below),individual sustainability professional,Construction (201030),,1,50,41,24.7,8,1704,36
1108,No,Philipp Beiter,Aquilo Energy GmbH,Switzerland,Yes,Individual,No,,Not applicable,,Academia/research,,Energy (10),,0,24,14,8.4,6,8301,24
1109,Yes,Redacted,Redacted,United States,Yes,Organization,Other or N/A (please specify below),"I am NOT responding on behalf of Quantis, but on behalf of the Emissions First Partnership, a coalition of 32 companies, developers and NGOs.",Not applicable,,Industry group,,Other (please specify below),"The Emissions First Partnership represents a broad spectrum of sectors. Together our members are responsible for nearly 25% of corporate clean energy commitments since 2008. Sectors include automotive, consumer goods, financial services, and technology.",1,82,72,43.4,34,40681,67
1110,No,Gregory Miller,Singularity Energy,United States,Yes,Organization,No,,Other (please specify below),"No, but was responsible for completing the GHG Inventory in a previous job",Data/analytics or software provider related to GHG inventories,,"Utilities (water, gas, electricity) (551010, 551020, 551030, 551040)",,0,82,71,42.8,32,28950,81
1111,No,"Florian Berg
Christoper Knittel
Jack Morris",MIT,United States,Yes,Individual,Other or N/A (please specify below),Academic Researcher,Other (please specify below),Academic Researcher,Academia/research,,Education,,0,15,3,1.8,5,2167,1
1112,No,Casey Martinez,Clean Incentive,United States,Yes,Organization,No,,Not applicable,,Certificate registry/tracking system operator,,Information and communication technology (45),,0,43,33,19.9,15,18292,29
1113,No,Jim Scott,Grid Edge Limited,United Kingdom,Yes,Organization,No,,Not applicable,,Company,,Energy (10),,0,48,38,22.9,16,3290,21
1114,No,"Schroders Greencoat, responding for the scope of business in China",Head of Sustainability & Investment team for China,China,Yes,Organization,Yes,,No,,Financial Institution,,Infrastructure (2010),,0,31,21,12.7,8,1524,36
1115,Yes,Redacted,Redacted,Korea - Republic of/South,Yes,Organization,Other or N/A (please specify below),The GHG inventory is not mandatory for our organization.,Other (please specify below),"I am completing this survey on behalf of my organization, drawing on inputs from relevant member companies.",Non-profit organization/NGO/civil society,,"Professional, scientific, and technical services (2020)",,1,91,81,48.8,42,15159,71
1116,Yes,Redacted,Redacted,United States,Yes,Organization,Yes,,"Yes (Including completing this survey on behalf of my organization, drawing on inputs from relevant teams)",,Company,,Power generation (551050),,1,68,60,36.1,23,14928,79
1117,Yes,Redacted,Redacted,United States,Yes,Organization,Yes,,"Yes (Including completing this survey on behalf of my organization, drawing on inputs from relevant teams)",,Company,,Information and communication technology (45),,1,91,83,50.0,33,9588,62
1118,No,Laura Vendetta,3Degrees,United States,Yes,Organization,Yes,,"Yes (Including completing this survey on behalf of my organization, drawing on inputs from relevant teams)",,Other (please specify below),"Climate change solutions provider with business lines across commodity trading and origination, corporate decarbonization consulting, clean energy procurement services, emission reduction project management and market access services, and technology products to assist corporate sustainability and energy teams in managing their commodity portfolios.",Other (please specify below),3Degrees' response is informed by work with hundreds of clients across many sectors and active engagement in energy commodity markets.,0,129,117,70.5,55,80796,96
1119,No,Meredith Lundberg,MN8 Energy LLC,United States,Yes,Organization,Other or N/A (please specify below),,Not applicable,,Other (please specify below),Independent Power Producer,Power generation (551050),,0,14,3,1.8,4,3991,5
1120,No,Book and Claim Community,"www.bookandclaimcommunity.org, a project Secretariat of RSB/SFC, a small advisory board, and >1000 individual participants representing ~350 companies active in market-based themes, especially focused on transportation.",Netherlands,No,Organization,No,,Not applicable,,Academia/research,,Transportation (2030),,0,111,101,60.8,47,7881,115
1121,Yes,Redacted,Redacted,Switzerland,No,Organization,Yes,,"Yes (Including completing this survey on behalf of my organization, drawing on inputs from relevant teams)",,Consultant supporting organizations with GHG inventories/strategies,,"Professional, scientific, and technical services (2020)",,1,52,44,26.5,16,7145,46
1122,Yes,Redacted,Redacted,Korea - Republic of/South,Yes,Organization,No,,Not applicable,,Non-profit organization/NGO/civil society,,Other (please specify below),Non-profit organization,1,30,21,12.7,8,4994,31
1123,Yes,Redacted,Redacted,Japan,Yes,Organization,Yes,,"Yes (Including completing this survey on behalf of my organization, drawing on inputs from relevant teams)",,Energy supplier/retailer or utility,,"Utilities (water, gas, electricity) (551010, 551020, 551030, 551040)",,1,113,105,63.3,43,29110,94
1124,Yes,Redacted,Redacted,United States,Yes,Organization,Yes,,"Yes (Including completing this survey on behalf of my organization, drawing on inputs from relevant teams)",,Company,,"Professional, scientific, and technical services (2020)",,1,117,109,65.7,48,12573,93
1125,No,William E. Rodríguez Delgado,Fundación Natura,Colombia,Yes,Organization,Yes,,"Yes (Including completing this survey on behalf of my organization, drawing on inputs from relevant teams)",,Non-profit organization/NGO/civil society,,Other (please specify below),NGO,0,151,140,84.3,67,47057,100
1126,No,Sanna Setterwall,"Global Senior Lead – Methods, Standards & Data
Center of Excellence Compliance & Digital
South Pole",Sweden,Yes,Individual,Yes,,Other (please specify below),I am involved but I am not completing this survey on behalf of South Pole but as a Subject Matter Expert active in standard development,Consultant supporting organizations with GHG inventories/strategies,,"Professional, scientific, and technical services (2020)",,0,98,87,52.4,38,22293,72
1127,No,Whitner Chase,Seneca Environmental Solutions,United States,No,Organization,No,,Not applicable,,Company,,Energy (10),,0,39,29,17.5,14,7122,15
1128,Yes,Redacted,Redacted,Japan,Yes,Organization,Yes,,"Yes (Including completing this survey on behalf of my organization, drawing on inputs from relevant teams)",,Company,,"Biotech, health care and pharmaceutical (35201010, 3510, 35202010)",,1,77,69,41.6,20,4874,87
1129,Yes,Redacted,Redacted,United States,Yes,Organization,Yes,,"Yes (Including completing this survey on behalf of my organization, drawing on inputs from relevant teams)",,Company,,"Retail (2550, 3010)",,1,24,16,9.6,8,7952,10
1130,No,Stuti DUBEY,Global Energy Equity and Climate Action (GEECA) Foundation - the legal entity for the D-REC Organization,Switzerland,Yes,Organization,Other or N/A (please specify below),,Not applicable,,Non-profit organization/NGO/civil society,,Energy (10),,0,156,146,88.0,74,52696,147
1131,Yes,Redacted,Redacted,United States,Yes,Organization,Other or N/A (please specify below),We do report our energy use and emissions using GHG Protocol Scope 1 and Scope 2. We are a SME business with no owned facilities or vehicles.,"Yes (Including completing this survey on behalf of my organization, drawing on inputs from relevant teams)",,Financial Institution,,Finance (40),,1,36,27,16.3,10,4150,27
1132,Yes,Redacted,Redacted,China,Yes,Individual,No,,"Yes (Including completing this survey on behalf of my organization, drawing on inputs from relevant teams)",,Other (please specify below),Think Tank,Energy (10),,1,36,27,16.3,3,135,37
1134,Yes,Redacted,Redacted,United States,Yes,Organization,Yes,,"Yes (Including completing this survey on behalf of my organization, drawing on inputs from relevant teams)",,Company,,"Biotech, health care and pharmaceutical (35201010, 3510, 35202010)",,1,79,71,42.8,26,11751,51
1135,Yes,Redacted,Redacted,United States,No,Individual,Other or N/A (please specify below),n/a as I'm not commenting in association with my employer.,Not applicable,,Other (please specify below),Individual,Other (please specify below),n/a,1,12,1,0.6,4,3796,0
1136,Yes,Redacted,Redacted,United States,No,Organization,Yes,,"Yes (Including completing this survey on behalf of my organization, drawing on inputs from relevant teams)",,Company,,Manufacturing,,1,130,122,73.5,54,46210,120
1137,No,Merlin Lao,Business Environment Council Limited,Hong Kong,Yes,Organization,Yes,,"Yes (Including completing this survey on behalf of my organization, drawing on inputs from relevant teams)",,Non-profit organization/NGO/civil society,,Other (please specify below),Business Association,0,57,46,27.7,31,33437,46
1138,Yes,Redacted,Redacted,United States,No,Individual,No,,No,,Consultant supporting organizations with GHG inventories/strategies,,Other (please specify below),Anonymous,1,41,32,19.3,11,6611,22
1139,No,Thomas Lee,MIT,United States,Yes,Individual,Other or N/A (please specify below),,Not applicable,,Academia/research,,Education,,0,35,25,15.1,14,15068,14
1140,No,Jason Tundermann,"LevelTen Energy, Inc.",United States,Yes,Organization,No,,Not applicable,,Company,,Information and communication technology (45),,0,13,3,1.8,5,11375,0
1141,Yes,Redacted,Redacted,United States,Yes,Organization,No,,No,,Consultant supporting organizations with GHG inventories/strategies,,Other (please specify below),Consulting,1,49,40,24.1,5,6853,52
1142,No,Noah Bucon,Zero Hour Energy,United States,Yes,Organization,No,,Not applicable,,Data/analytics or software provider related to GHG inventories,,Energy (10),,0,42,32,19.3,12,3998,43
1143,No,Karel Putra Abdi,N/A,Singapore,No,Individual,Other or N/A (please specify below),I am not filling this survey as part of an organization,No,,Other (please specify below),I am not filling this survey as part of an organization,Other (please specify below),I am not filling this survey as part of an organization,0,128,115,69.3,69,11027,97
1144,Yes,Redacted,Redacted,Indonesia,Yes,Individual,Yes,,Other (please specify below),Yes,Company,,Other (please specify below),"Holding, mostly mineral mining and processing",1,58,48,28.9,13,1610,72
1145,Yes,Redacted,Redacted,China,Yes,Organization,Other or N/A (please specify below),"The European Union Chamber of Commerce is a non-profit organisation representing the voice of European business in China. While the European Chamber itself does not maintain a greenhouse gas inventory, our members, namely European companies operating in China, do have established greenhouse gas inventories. Their decarbonisation efforts are significantly affected by the proposed revisions.",Not applicable,,Non-profit organization/NGO/civil society,,Other (please specify below),"The European Union Chamber of Commerce in China is the independent voice of European business in China. It is a member-driven, non-profit organisation with a core structure comprising 23 Working Groups, 7 Sub-working Groups, 9 Industry Desks, and 12 Fora, representing European business in China. The European Chamber facilitates various groups (Working Groups, Sub-working Groups, Desks, and Fora), which bring together member companies operating in specific industry sectors or affected by horizontal issues. As such, the European Chamber covers a wide range of industries, while this response is primarily developed by the European Chamber’s Energy and Carbon Market Working Groups.",1,11,1,0.6,3,4300,0
1146,Yes,Redacted,Redacted,Singapore,Yes,Organization,Yes,,"Yes (Including completing this survey on behalf of my organization, drawing on inputs from relevant teams)",,Energy supplier/retailer or utility,,"Utilities (water, gas, electricity) (551010, 551020, 551030, 551040)",,1,109,101,60.8,43,13211,94
1147,No,Bianca Silva de Souza,Conselho Empresarial Brasileiro para o Desenvolvimento Sustentável (CEBDS),Brazil,Yes,Organization,No,,Other (please specify below),This submission reflects the views and expected impacts on CEBDS member companies that prepare Scope 2 inventories and will be directly affected by the proposed changes.,Non-profit organization/NGO/civil society,,Other (please specify below),Business Association,0,55,43,25.9,28,20680,37
1148,No,Maddy Foote,esVolta,United States,No,Organization,Yes,,"Yes (Including completing this survey on behalf of my organization, drawing on inputs from relevant teams)",,Energy supplier/retailer or utility,,Energy (10),,0,15,5,3.0,5,2783,5
1149,No,Anna Gorączka,Allegro,Poland,Yes,Organization,Yes,,"Yes (Including completing this survey on behalf of my organization, drawing on inputs from relevant teams)",,Company,,Other (please specify below),Marketplace,0,39,28,16.9,9,8987,43
1150,Yes,Redacted,Redacted,Macau,Yes,Organization,No,,"Yes (Including completing this survey on behalf of my organization, drawing on inputs from relevant teams)",,Non-profit organization/NGO/civil society,,Energy (10),,1,9,1,0.6,1,2080,0
1151,Yes,Redacted,Redacted,Japan,Yes,Organization,No,,No,,Industry group,,Manufacturing,,1,138,130,78.3,58,21901,91
1152,Yes,Redacted,Redacted,India,Yes,Organization,Yes,,Not applicable,,Verification/assurance provider,,Other (please specify below),"Testing, Inspection and Certification",1,27,18,10.8,5,831,12
1154,No,Adrian Falck,"Director Climate and Environment, Telenor ASA",Norway,Yes,Organization,Yes,,"Yes (Including completing this survey on behalf of my organization, drawing on inputs from relevant teams)",,Company,,Information and communication technology (45),,0,26,16,9.6,2,57,12
1155,Yes,Redacted,Redacted,United States,Yes,Organization,Yes,,"Yes (Including completing this survey on behalf of my organization, drawing on inputs from relevant teams)",,Company,,"Biotech, health care and pharmaceutical (35201010, 3510, 35202010)",,1,92,84,50.6,28,10292,89
1156,No,European Banking Federation,"The European Banking Federation (EBF) is the voice of the European banking sector, representing 33 national banking associations and approximately 3,500+ banks (large and small, wholesale and retail) across the EU and EFTA countries. Founded in 1960 and based in Brussels, it advocates for policies supporting a stable, secure, and innovative financial ecosystem.",Belgium,No,Organization,No,,No,,Industry group,,Finance (40),,0,13,3,1.8,5,9742,0
1157,No,Real Property Association of Canada,"REALPAC is a 55-year-old national trade association representing institutional grade commercial real estate (CRE) investors and owners across Canada, with over $1 trillion in assets under management. REALPAC’s 125+ members include a range of publicly traded real estate companies, real estate investment trusts, private companies, pension funds, fund managers, banks, and life insurance companies who are committed to advancing climate action and supporting robust, transparent emissions reporting standards.",Canada,Yes,Organization,Other or N/A (please specify below),"REALPAC's members have a GHG Inventory. 75% of our 125 members report on Scope 1 & 2 emissions (as of Aug, 2025).",Other (please specify below),Involved in developing my previous employer's inventory (Oxford Properties) and engaging our 125 members around their GHG Inventory.,Industry group,,Real estate (60),,0,25,13,7.8,9,6573,16
1158,No,Hubert Roy,Green-Access,France,No,Organization,No,,Other (please specify below),We advise companies in reducing their scope 2 emissions.,Energy supplier/retailer or utility,,Energy (10),,0,49,38,22.9,22,20688,29
1159,Yes,Redacted,Redacted,Brazil,No,Organization,Yes,,"Yes (Including completing this survey on behalf of my organization, drawing on inputs from relevant teams)",,Financial Institution,,Finance (40),,1,16,8,4.8,3,1353,6
1160,Yes,Redacted,Redacted,Hong Kong,Yes,Organization,Yes,,"Yes (Including completing this survey on behalf of my organization, drawing on inputs from relevant teams)",,Company,,Transportation (2030),,1,17,9,5.4,8,11920,0
1161,Yes,Redacted,Redacted,Pakistan,Yes,Organization,Yes,,"Yes (Including completing this survey on behalf of my organization, drawing on inputs from relevant teams)",,Industry group,,Manufacturing,,1,16,8,4.8,2,3702,9
1162,No,Nina Borges,ENGIE,France,Yes,Organization,Yes,,"Yes (Including completing this survey on behalf of my organization, drawing on inputs from relevant teams)",,Energy supplier/retailer or utility,,"Utilities (water, gas, electricity) (551010, 551020, 551030, 551040)",,0,34,24,14.5,8,8182,16
1163,Yes,Redacted,Redacted,United Kingdom,No,Organization,Yes,,"Yes (Including completing this survey on behalf of my organization, drawing on inputs from relevant teams)",,Company,,Transportation (2030),,1,88,80,48.2,18,3770,78
1164,Yes,Redacted,Redacted,United States,No,Organization,Yes,,"Yes (Including completing this survey on behalf of my organization, drawing on inputs from relevant teams)",,Company,,Other (please specify below),Technology,1,65,56,33.7,8,1574,55
1165,Yes,Redacted,Redacted,United States,No,Organization,Yes,,"Yes (Including completing this survey on behalf of my organization, drawing on inputs from relevant teams)",,Company,,"Retail (2550, 3010)",,1,32,24,14.5,9,8334,18
1166,Yes,Redacted,Redacted,United States,Yes,Organization,No,,Not applicable,,Other (please specify below),Commercial laboratory,"Professional, scientific, and technical services (2020)",,1,28,19,11.4,7,1399,14
1167,No,Danielle Cresswell,"Klean Kanteen, Inc.",United States,No,Organization,Yes,,"Yes (Including completing this survey on behalf of my organization, drawing on inputs from relevant teams)",,Company,,"Consumer goods (25, 30)",,0,14,4,2.4,4,1400,5
1168,No,Corey Ramsden,"Corey Ramsden Consulting Services, LLC",United States,Yes,Individual,Yes,,"Yes (Including completing this survey on behalf of my organization, drawing on inputs from relevant teams)",,Non-profit organization/NGO/civil society,,Energy (10),,0,29,19,11.4,6,1137,15
1169,No,Zoe Godijn,Rio Tinto Limited,Australia,No,Organization,Yes,,"Yes (Including completing this survey on behalf of my organization, drawing on inputs from relevant teams)",,Company,,Mining (151040),,0,31,21,12.7,8,13834,25
1171,Yes,Redacted,Redacted,Singapore,Yes,Individual,Yes,,Other (please specify below),"Yes, but my organization wishes for relevant teams to submit this survey individually.",Energy supplier/retailer or utility,,Power generation (551050),,1,42,33,19.9,12,1587,56
